{"ts": "2026-05-23T23:10:02.134247+00:00", "status": "FAIL", "validator_rc": 1, "failed_checks": ["env_escape_valve", "env_block_boom600", "env_block_boom900"], "alert_needed": false, "alert_reason": "fail_no_new_signal", "telegram": "not_sent", "webhook": "not_sent"}
{"ts": "2026-05-23T23:15:02.830931+00:00", "status": "FAIL", "validator_rc": 1, "failed_checks": ["env_escape_valve", "env_block_boom600", "env_block_boom900"], "alert_needed": false, "alert_reason": "fail_no_new_signal", "telegram": "not_sent", "webhook": "not_sent"}
{"ts": "2026-05-23T23:20:01.883237+00:00", "status": "FAIL", "validator_rc": 1, "failed_checks": ["env_escape_valve", "env_block_boom600", "env_block_boom900"], "alert_needed": false, "alert_reason": "fail_no_new_signal", "telegram": "not_sent", "webhook": "not_sent"}
{"ts": "2026-05-23T23:25:01.862602+00:00", "status": "FAIL", "validator_rc": 1, "failed_checks": ["env_escape_valve", "env_block_boom600", "env_block_boom900"], "alert_needed": false, "alert_reason": "fail_no_new_signal", "telegram": "not_sent", "webhook": "not_sent"}
{"ts": "2026-05-23T23:30:02.636191+00:00", "status": "FAIL", "validator_rc": 1, "failed_checks": ["env_escape_valve", "env_block_boom600", "env_block_boom900"], "alert_needed": false, "alert_reason": "fail_no_new_signal", "telegram": "not_sent", "webhook": "not_sent"}
{"ts": "2026-05-23T23:35:03.128051+00:00", "status": "FAIL", "validator_rc": 1, "failed_checks": ["env_escape_valve", "env_block_boom600", "env_block_boom900"], "alert_needed": true, "alert_reason": "fail_reminder", "telegram": "ok", "webhook": "webhook_not_configured"}
{"ts": "2026-05-23T23:40:02.690835+00:00", "status": "FAIL", "validator_rc": 1, "failed_checks": ["diff_log_freshness", "diff_log_recent_activity", "env_escape_valve", "env_block_boom600", "env_block_boom900"], "alert_needed": true, "alert_reason": "fail_signature_changed", "telegram": "ok", "webhook": "webhook_not_configured"}
{"ts": "2026-05-23T23:45:02.118961+00:00", "status": "FAIL", "validator_rc": 1, "failed_checks": ["diff_log_freshness", "diff_log_recent_activity", "env_escape_valve", "env_block_boom600", "env_block_boom900"], "alert_needed": false, "alert_reason": "fail_no_new_signal", "telegram": "not_sent", "webhook": "not_sent"}
{"ts": "2026-05-23T23:50:03.097598+00:00", "status": "FAIL", "validator_rc": 1, "failed_checks": ["env_escape_valve", "env_block_boom600", "env_block_boom900"], "alert_needed": true, "alert_reason": "fail_signature_changed", "telegram": "ok", "webhook": "webhook_not_configured"}
{"ts": "2026-05-23T23:55:01.810802+00:00", "status": "FAIL", "validator_rc": 1, "failed_checks": ["env_escape_valve", "env_block_boom600", "env_block_boom900"], "alert_needed": false, "alert_reason": "fail_no_new_signal", "telegram": "not_sent", "webhook": "not_sent"}
{"ts": "2026-05-24T00:00:04.785723+00:00", "status": "PASS", "validator_rc": 0, "failed_checks": [], "alert_needed": false, "alert_reason": "no_alert_needed", "telegram": "not_sent", "webhook": "not_sent"}
{"ts": "2026-05-24T00:05:02.536223+00:00", "status": "PASS", "validator_rc": 0, "failed_checks": [], "alert_needed": false, "alert_reason": "no_alert_needed", "telegram": "not_sent", "webhook": "not_sent"}
{"ts": "2026-05-24T00:10:02.508515+00:00", "status": "PASS", "validator_rc": 0, "failed_checks": [], "alert_needed": false, "alert_reason": "no_alert_needed", "telegram": "not_sent", "webhook": "not_sent"}
{"ts": "2026-05-24T00:15:02.152283+00:00", "status": "PASS", "validator_rc": 0, "failed_checks": [], "alert_needed": false, "alert_reason": "no_alert_needed", "telegram": "not_sent", "webhook": "not_sent"}
{"ts": "2026-05-24T00:20:02.709868+00:00", "status": "PASS", "validator_rc": 0, "failed_checks": [], "alert_needed": false, "alert_reason": "no_alert_needed", "telegram": "not_sent", "webhook": "not_sent"}
{"ts": "2026-05-24T00:25:02.113886+00:00", "status": "PASS", "validator_rc": 0, "failed_checks": [], "alert_needed": false, "alert_reason": "no_alert_needed", "telegram": "not_sent", "webhook": "not_sent"}
{"ts": "2026-05-24T00:30:02.474430+00:00", "status": "PASS", "validator_rc": 0, "failed_checks": [], "alert_needed": false, "alert_reason": "no_alert_needed", "telegram": "not_sent", "webhook": "not_sent"}
{"ts": "2026-05-24T00:35:02.420289+00:00", "status": "PASS", "validator_rc": 0, "failed_checks": [], "alert_needed": false, "alert_reason": "no_alert_needed", "telegram": "not_sent", "webhook": "not_sent"}
{"ts": "2026-05-24T00:40:01.925541+00:00", "status": "PASS", "validator_rc": 0, "failed_checks": [], "alert_needed": false, "alert_reason": "no_alert_needed", "telegram": "not_sent", "webhook": "not_sent"}
{"ts": "2026-05-24T00:45:02.116671+00:00", "status": "PASS", "validator_rc": 0, "failed_checks": [], "alert_needed": false, "alert_reason": "no_alert_needed", "telegram": "not_sent", "webhook": "not_sent"}
{"ts": "2026-05-24T00:50:02.357809+00:00", "status": "PASS", "validator_rc": 0, "failed_checks": [], "alert_needed": false, "alert_reason": "no_alert_needed", "telegram": "not_sent", "webhook": "not_sent"}
{"ts": "2026-05-24T00:55:01.835936+00:00", "status": "PASS", "validator_rc": 0, "failed_checks": [], "alert_needed": false, "alert_reason": "no_alert_needed", "telegram": "not_sent", "webhook": "not_sent"}
{"ts": "2026-05-24T01:00:03.084852+00:00", "status": "PASS", "validator_rc": 0, "failed_checks": [], "alert_needed": false, "alert_reason": "no_alert_needed", "telegram": "not_sent", "webhook": "not_sent"}
{"ts": "2026-05-24T01:05:01.957300+00:00", "status": "PASS", "validator_rc": 0, "failed_checks": [], "alert_needed": false, "alert_reason": "no_alert_needed", "telegram": "not_sent", "webhook": "not_sent"}
{"ts": "2026-05-24T01:10:02.219303+00:00", "status": "PASS", "validator_rc": 0, "failed_checks": [], "alert_needed": false, "alert_reason": "no_alert_needed", "telegram": "not_sent", "webhook": "not_sent"}
{"ts": "2026-05-24T01:15:02.561867+00:00", "status": "PASS", "validator_rc": 0, "failed_checks": [], "alert_needed": false, "alert_reason": "no_alert_needed", "telegram": "not_sent", "webhook": "not_sent"}
{"ts": "2026-05-24T01:20:01.845409+00:00", "status": "PASS", "validator_rc": 0, "failed_checks": [], "alert_needed": false, "alert_reason": "no_alert_needed", "telegram": "not_sent", "webhook": "not_sent"}
{"ts": "2026-05-24T01:25:01.993912+00:00", "status": "PASS", "validator_rc": 0, "failed_checks": [], "alert_needed": false, "alert_reason": "no_alert_needed", "telegram": "not_sent", "webhook": "not_sent"}
{"ts": "2026-05-24T01:30:02.467748+00:00", "status": "PASS", "validator_rc": 0, "failed_checks": [], "alert_needed": false, "alert_reason": "no_alert_needed", "telegram": "not_sent", "webhook": "not_sent"}
{"ts": "2026-05-24T01:35:02.806084+00:00", "status": "PASS", "validator_rc": 0, "failed_checks": [], "alert_needed": false, "alert_reason": "no_alert_needed", "telegram": "not_sent", "webhook": "not_sent"}
{"ts": "2026-05-24T01:40:02.150977+00:00", "status": "PASS", "validator_rc": 0, "failed_checks": [], "alert_needed": false, "alert_reason": "no_alert_needed", "telegram": "not_sent", "webhook": "not_sent"}
{"ts": "2026-05-24T01:45:01.928971+00:00", "status": "PASS", "validator_rc": 0, "failed_checks": [], "alert_needed": false, "alert_reason": "no_alert_needed", "telegram": "not_sent", "webhook": "not_sent"}
{"ts": "2026-05-24T01:50:01.802767+00:00", "status": "PASS", "validator_rc": 0, "failed_checks": [], "alert_needed": false, "alert_reason": "no_alert_needed", "telegram": "not_sent", "webhook": "not_sent"}
{"ts": "2026-05-24T01:55:01.995618+00:00", "status": "PASS", "validator_rc": 0, "failed_checks": [], "alert_needed": false, "alert_reason": "no_alert_needed", "telegram": "not_sent", "webhook": "not_sent"}
{"ts": "2026-05-24T02:00:03.113111+00:00", "status": "PASS", "validator_rc": 0, "failed_checks": [], "alert_needed": false, "alert_reason": "no_alert_needed", "telegram": "not_sent", "webhook": "not_sent"}
{"ts": "2026-05-24T02:05:01.847203+00:00", "status": "PASS", "validator_rc": 0, "failed_checks": [], "alert_needed": false, "alert_reason": "no_alert_needed", "telegram": "not_sent", "webhook": "not_sent"}
{"ts": "2026-05-24T02:10:01.929219+00:00", "status": "PASS", "validator_rc": 0, "failed_checks": [], "alert_needed": false, "alert_reason": "no_alert_needed", "telegram": "not_sent", "webhook": "not_sent"}
{"ts": "2026-05-24T02:15:02.088714+00:00", "status": "PASS", "validator_rc": 0, "failed_checks": [], "alert_needed": false, "alert_reason": "no_alert_needed", "telegram": "not_sent", "webhook": "not_sent"}
{"ts": "2026-05-24T02:20:02.037203+00:00", "status": "PASS", "validator_rc": 0, "failed_checks": [], "alert_needed": false, "alert_reason": "no_alert_needed", "telegram": "not_sent", "webhook": "not_sent"}
{"ts": "2026-05-24T02:25:02.464374+00:00", "status": "PASS", "validator_rc": 0, "failed_checks": [], "alert_needed": false, "alert_reason": "no_alert_needed", "telegram": "not_sent", "webhook": "not_sent"}
{"ts": "2026-05-24T02:30:02.275863+00:00", "status": "PASS", "validator_rc": 0, "failed_checks": [], "alert_needed": false, "alert_reason": "no_alert_needed", "telegram": "not_sent", "webhook": "not_sent"}
{"ts": "2026-05-24T02:35:02.020256+00:00", "status": "PASS", "validator_rc": 0, "failed_checks": [], "alert_needed": false, "alert_reason": "no_alert_needed", "telegram": "not_sent", "webhook": "not_sent"}
{"ts": "2026-05-24T02:40:01.742834+00:00", "status": "PASS", "validator_rc": 0, "failed_checks": [], "alert_needed": false, "alert_reason": "no_alert_needed", "telegram": "not_sent", "webhook": "not_sent"}
{"ts": "2026-05-24T02:45:02.558962+00:00", "status": "PASS", "validator_rc": 0, "failed_checks": [], "alert_needed": false, "alert_reason": "no_alert_needed", "telegram": "not_sent", "webhook": "not_sent"}
{"ts": "2026-05-24T02:50:02.371548+00:00", "status": "PASS", "validator_rc": 0, "failed_checks": [], "alert_needed": false, "alert_reason": "no_alert_needed", "telegram": "not_sent", "webhook": "not_sent"}
{"ts": "2026-05-24T02:55:01.761743+00:00", "status": "PASS", "validator_rc": 0, "failed_checks": [], "alert_needed": false, "alert_reason": "no_alert_needed", "telegram": "not_sent", "webhook": "not_sent"}
{"ts": "2026-05-24T03:00:02.450740+00:00", "status": "PASS", "validator_rc": 0, "failed_checks": [], "alert_needed": false, "alert_reason": "no_alert_needed", "telegram": "not_sent", "webhook": "not_sent"}
{"ts": "2026-05-24T03:05:02.344848+00:00", "status": "PASS", "validator_rc": 0, "failed_checks": [], "alert_needed": false, "alert_reason": "no_alert_needed", "telegram": "not_sent", "webhook": "not_sent"}
{"ts": "2026-05-24T03:10:02.234146+00:00", "status": "PASS", "validator_rc": 0, "failed_checks": [], "alert_needed": false, "alert_reason": "no_alert_needed", "telegram": "not_sent", "webhook": "not_sent"}
{"ts": "2026-05-24T03:15:02.309281+00:00", "status": "PASS", "validator_rc": 0, "failed_checks": [], "alert_needed": false, "alert_reason": "no_alert_needed", "telegram": "not_sent", "webhook": "not_sent"}
{"ts": "2026-05-24T03:20:02.518241+00:00", "status": "PASS", "validator_rc": 0, "failed_checks": [], "alert_needed": false, "alert_reason": "no_alert_needed", "telegram": "not_sent", "webhook": "not_sent"}
{"ts": "2026-05-24T03:25:01.783825+00:00", "status": "PASS", "validator_rc": 0, "failed_checks": [], "alert_needed": false, "alert_reason": "no_alert_needed", "telegram": "not_sent", "webhook": "not_sent"}
{"ts": "2026-05-24T03:30:02.990950+00:00", "status": "PASS", "validator_rc": 0, "failed_checks": [], "alert_needed": false, "alert_reason": "no_alert_needed", "telegram": "not_sent", "webhook": "not_sent"}
{"ts": "2026-05-24T03:35:01.643670+00:00", "status": "PASS", "validator_rc": 0, "failed_checks": [], "alert_needed": false, "alert_reason": "no_alert_needed", "telegram": "not_sent", "webhook": "not_sent"}
{"ts": "2026-05-24T03:40:01.940895+00:00", "status": "PASS", "validator_rc": 0, "failed_checks": [], "alert_needed": false, "alert_reason": "no_alert_needed", "telegram": "not_sent", "webhook": "not_sent"}
{"ts": "2026-05-24T03:45:02.026344+00:00", "status": "PASS", "validator_rc": 0, "failed_checks": [], "alert_needed": false, "alert_reason": "no_alert_needed", "telegram": "not_sent", "webhook": "not_sent"}
{"ts": "2026-05-24T03:50:01.846254+00:00", "status": "PASS", "validator_rc": 0, "failed_checks": [], "alert_needed": false, "alert_reason": "no_alert_needed", "telegram": "not_sent", "webhook": "not_sent"}
{"ts": "2026-05-24T03:55:02.106578+00:00", "status": "PASS", "validator_rc": 0, "failed_checks": [], "alert_needed": false, "alert_reason": "no_alert_needed", "telegram": "not_sent", "webhook": "not_sent"}
{"ts": "2026-05-24T04:00:02.919745+00:00", "status": "PASS", "validator_rc": 0, "failed_checks": [], "alert_needed": false, "alert_reason": "no_alert_needed", "telegram": "not_sent", "webhook": "not_sent"}
{"ts": "2026-05-24T04:05:02.145450+00:00", "status": "PASS", "validator_rc": 0, "failed_checks": [], "alert_needed": false, "alert_reason": "no_alert_needed", "telegram": "not_sent", "webhook": "not_sent"}
{"ts": "2026-05-24T04:10:02.561169+00:00", "status": "PASS", "validator_rc": 0, "failed_checks": [], "alert_needed": false, "alert_reason": "no_alert_needed", "telegram": "not_sent", "webhook": "not_sent"}
{"ts": "2026-05-24T04:15:02.561936+00:00", "status": "PASS", "validator_rc": 0, "failed_checks": [], "alert_needed": false, "alert_reason": "no_alert_needed", "telegram": "not_sent", "webhook": "not_sent"}
{"ts": "2026-05-24T04:20:02.399032+00:00", "status": "PASS", "validator_rc": 0, "failed_checks": [], "alert_needed": false, "alert_reason": "no_alert_needed", "telegram": "not_sent", "webhook": "not_sent"}
{"ts": "2026-05-24T04:25:01.575597+00:00", "status": "PASS", "validator_rc": 0, "failed_checks": [], "alert_needed": false, "alert_reason": "no_alert_needed", "telegram": "not_sent", "webhook": "not_sent"}
{"ts": "2026-05-24T04:30:03.043350+00:00", "status": "PASS", "validator_rc": 0, "failed_checks": [], "alert_needed": false, "alert_reason": "no_alert_needed", "telegram": "not_sent", "webhook": "not_sent"}
{"ts": "2026-05-24T04:35:02.084482+00:00", "status": "PASS", "validator_rc": 0, "failed_checks": [], "alert_needed": false, "alert_reason": "no_alert_needed", "telegram": "not_sent", "webhook": "not_sent"}
{"ts": "2026-05-24T04:40:02.443761+00:00", "status": "PASS", "validator_rc": 0, "failed_checks": [], "alert_needed": false, "alert_reason": "no_alert_needed", "telegram": "not_sent", "webhook": "not_sent"}
{"ts": "2026-05-24T04:45:02.618097+00:00", "status": "PASS", "validator_rc": 0, "failed_checks": [], "alert_needed": false, "alert_reason": "no_alert_needed", "telegram": "not_sent", "webhook": "not_sent"}
{"ts": "2026-05-24T04:50:02.921936+00:00", "status": "PASS", "validator_rc": 0, "failed_checks": [], "alert_needed": false, "alert_reason": "no_alert_needed", "telegram": "not_sent", "webhook": "not_sent"}
{"ts": "2026-05-24T04:55:01.390871+00:00", "status": "PASS", "validator_rc": 0, "failed_checks": [], "alert_needed": false, "alert_reason": "no_alert_needed", "telegram": "not_sent", "webhook": "not_sent"}
{"ts": "2026-05-24T05:00:02.977988+00:00", "status": "PASS", "validator_rc": 0, "failed_checks": [], "alert_needed": false, "alert_reason": "no_alert_needed", "telegram": "not_sent", "webhook": "not_sent"}
{"ts": "2026-05-24T05:05:02.035675+00:00", "status": "PASS", "validator_rc": 0, "failed_checks": [], "alert_needed": false, "alert_reason": "no_alert_needed", "telegram": "not_sent", "webhook": "not_sent"}
{"ts": "2026-05-24T05:10:02.613913+00:00", "status": "PASS", "validator_rc": 0, "failed_checks": [], "alert_needed": false, "alert_reason": "no_alert_needed", "telegram": "not_sent", "webhook": "not_sent"}
{"ts": "2026-05-24T05:15:02.296288+00:00", "status": "PASS", "validator_rc": 0, "failed_checks": [], "alert_needed": false, "alert_reason": "no_alert_needed", "telegram": "not_sent", "webhook": "not_sent"}
{"ts": "2026-05-24T05:20:02.896053+00:00", "status": "PASS", "validator_rc": 0, "failed_checks": [], "alert_needed": false, "alert_reason": "no_alert_needed", "telegram": "not_sent", "webhook": "not_sent"}
{"ts": "2026-05-24T05:25:02.079441+00:00", "status": "PASS", "validator_rc": 0, "failed_checks": [], "alert_needed": false, "alert_reason": "no_alert_needed", "telegram": "not_sent", "webhook": "not_sent"}
{"ts": "2026-05-24T05:30:03.387172+00:00", "status": "PASS", "validator_rc": 0, "failed_checks": [], "alert_needed": false, "alert_reason": "no_alert_needed", "telegram": "not_sent", "webhook": "not_sent"}
{"ts": "2026-05-24T05:35:02.439980+00:00", "status": "PASS", "validator_rc": 0, "failed_checks": [], "alert_needed": false, "alert_reason": "no_alert_needed", "telegram": "not_sent", "webhook": "not_sent"}
{"ts": "2026-05-24T05:40:01.980661+00:00", "status": "PASS", "validator_rc": 0, "failed_checks": [], "alert_needed": false, "alert_reason": "no_alert_needed", "telegram": "not_sent", "webhook": "not_sent"}
{"ts": "2026-05-24T05:45:02.102117+00:00", "status": "PASS", "validator_rc": 0, "failed_checks": [], "alert_needed": false, "alert_reason": "no_alert_needed", "telegram": "not_sent", "webhook": "not_sent"}
{"ts": "2026-05-24T05:50:02.114807+00:00", "status": "PASS", "validator_rc": 0, "failed_checks": [], "alert_needed": false, "alert_reason": "no_alert_needed", "telegram": "not_sent", "webhook": "not_sent"}
{"ts": "2026-05-24T05:55:02.200737+00:00", "status": "PASS", "validator_rc": 0, "failed_checks": [], "alert_needed": false, "alert_reason": "no_alert_needed", "telegram": "not_sent", "webhook": "not_sent"}
{"ts": "2026-05-24T06:00:02.215657+00:00", "status": "PASS", "validator_rc": 0, "failed_checks": [], "alert_needed": false, "alert_reason": "no_alert_needed", "telegram": "not_sent", "webhook": "not_sent"}
{"ts": "2026-05-24T06:05:02.433105+00:00", "status": "PASS", "validator_rc": 0, "failed_checks": [], "alert_needed": false, "alert_reason": "no_alert_needed", "telegram": "not_sent", "webhook": "not_sent"}
{"ts": "2026-05-24T06:10:01.618824+00:00", "status": "PASS", "validator_rc": 0, "failed_checks": [], "alert_needed": false, "alert_reason": "no_alert_needed", "telegram": "not_sent", "webhook": "not_sent"}
{"ts": "2026-05-24T06:15:02.118618+00:00", "status": "PASS", "validator_rc": 0, "failed_checks": [], "alert_needed": false, "alert_reason": "no_alert_needed", "telegram": "not_sent", "webhook": "not_sent"}
{"ts": "2026-05-24T06:20:02.182246+00:00", "status": "PASS", "validator_rc": 0, "failed_checks": [], "alert_needed": false, "alert_reason": "no_alert_needed", "telegram": "not_sent", "webhook": "not_sent"}
{"ts": "2026-05-24T06:25:02.466869+00:00", "status": "PASS", "validator_rc": 0, "failed_checks": [], "alert_needed": false, "alert_reason": "no_alert_needed", "telegram": "not_sent", "webhook": "not_sent"}
{"ts": "2026-05-24T06:30:03.334625+00:00", "status": "PASS", "validator_rc": 0, "failed_checks": [], "alert_needed": false, "alert_reason": "no_alert_needed", "telegram": "not_sent", "webhook": "not_sent"}
{"ts": "2026-05-24T06:35:02.188969+00:00", "status": "PASS", "validator_rc": 0, "failed_checks": [], "alert_needed": false, "alert_reason": "no_alert_needed", "telegram": "not_sent", "webhook": "not_sent"}
{"ts": "2026-05-24T06:40:02.463064+00:00", "status": "PASS", "validator_rc": 0, "failed_checks": [], "alert_needed": false, "alert_reason": "no_alert_needed", "telegram": "not_sent", "webhook": "not_sent"}
{"ts": "2026-05-24T06:45:01.814253+00:00", "status": "PASS", "validator_rc": 0, "failed_checks": [], "alert_needed": false, "alert_reason": "no_alert_needed", "telegram": "not_sent", "webhook": "not_sent"}
{"ts": "2026-05-24T06:50:01.648230+00:00", "status": "PASS", "validator_rc": 0, "failed_checks": [], "alert_needed": false, "alert_reason": "no_alert_needed", "telegram": "not_sent", "webhook": "not_sent"}
{"ts": "2026-05-24T06:55:01.594644+00:00", "status": "PASS", "validator_rc": 0, "failed_checks": [], "alert_needed": false, "alert_reason": "no_alert_needed", "telegram": "not_sent", "webhook": "not_sent"}
{"ts": "2026-05-24T07:00:03.085933+00:00", "status": "PASS", "validator_rc": 0, "failed_checks": [], "alert_needed": false, "alert_reason": "no_alert_needed", "telegram": "not_sent", "webhook": "not_sent"}
{"ts": "2026-05-24T07:05:01.797531+00:00", "status": "PASS", "validator_rc": 0, "failed_checks": [], "alert_needed": false, "alert_reason": "no_alert_needed", "telegram": "not_sent", "webhook": "not_sent"}
{"ts": "2026-05-24T07:10:01.895754+00:00", "status": "PASS", "validator_rc": 0, "failed_checks": [], "alert_needed": false, "alert_reason": "no_alert_needed", "telegram": "not_sent", "webhook": "not_sent"}
{"ts": "2026-05-24T07:15:02.576323+00:00", "status": "PASS", "validator_rc": 0, "failed_checks": [], "alert_needed": false, "alert_reason": "no_alert_needed", "telegram": "not_sent", "webhook": "not_sent"}
{"ts": "2026-05-24T07:20:01.856869+00:00", "status": "PASS", "validator_rc": 0, "failed_checks": [], "alert_needed": false, "alert_reason": "no_alert_needed", "telegram": "not_sent", "webhook": "not_sent"}
{"ts": "2026-05-24T07:25:01.714049+00:00", "status": "PASS", "validator_rc": 0, "failed_checks": [], "alert_needed": false, "alert_reason": "no_alert_needed", "telegram": "not_sent", "webhook": "not_sent"}
{"ts": "2026-05-24T07:30:01.731967+00:00", "status": "PASS", "validator_rc": 0, "failed_checks": [], "alert_needed": false, "alert_reason": "no_alert_needed", "telegram": "not_sent", "webhook": "not_sent"}
{"ts": "2026-05-24T07:35:01.821426+00:00", "status": "PASS", "validator_rc": 0, "failed_checks": [], "alert_needed": false, "alert_reason": "no_alert_needed", "telegram": "not_sent", "webhook": "not_sent"}
{"ts": "2026-05-24T07:40:02.204190+00:00", "status": "PASS", "validator_rc": 0, "failed_checks": [], "alert_needed": false, "alert_reason": "no_alert_needed", "telegram": "not_sent", "webhook": "not_sent"}
{"ts": "2026-05-24T07:45:03.473801+00:00", "status": "PASS", "validator_rc": 0, "failed_checks": [], "alert_needed": false, "alert_reason": "no_alert_needed", "telegram": "not_sent", "webhook": "not_sent"}
{"ts": "2026-05-24T07:50:01.903743+00:00", "status": "PASS", "validator_rc": 0, "failed_checks": [], "alert_needed": false, "alert_reason": "no_alert_needed", "telegram": "not_sent", "webhook": "not_sent"}
{"ts": "2026-05-24T07:55:01.776041+00:00", "status": "PASS", "validator_rc": 0, "failed_checks": [], "alert_needed": false, "alert_reason": "no_alert_needed", "telegram": "not_sent", "webhook": "not_sent"}
{"ts": "2026-05-24T08:00:03.561350+00:00", "status": "PASS", "validator_rc": 0, "failed_checks": [], "alert_needed": false, "alert_reason": "no_alert_needed", "telegram": "not_sent", "webhook": "not_sent"}
{"ts": "2026-05-24T08:05:01.672854+00:00", "status": "PASS", "validator_rc": 0, "failed_checks": [], "alert_needed": false, "alert_reason": "no_alert_needed", "telegram": "not_sent", "webhook": "not_sent"}
{"ts": "2026-05-24T08:10:02.103769+00:00", "status": "PASS", "validator_rc": 0, "failed_checks": [], "alert_needed": false, "alert_reason": "no_alert_needed", "telegram": "not_sent", "webhook": "not_sent"}
{"ts": "2026-05-24T08:15:02.154241+00:00", "status": "PASS", "validator_rc": 0, "failed_checks": [], "alert_needed": false, "alert_reason": "no_alert_needed", "telegram": "not_sent", "webhook": "not_sent"}
{"ts": "2026-05-24T08:20:02.041038+00:00", "status": "PASS", "validator_rc": 0, "failed_checks": [], "alert_needed": false, "alert_reason": "no_alert_needed", "telegram": "not_sent", "webhook": "not_sent"}
{"ts": "2026-05-24T08:25:02.383351+00:00", "status": "PASS", "validator_rc": 0, "failed_checks": [], "alert_needed": false, "alert_reason": "no_alert_needed", "telegram": "not_sent", "webhook": "not_sent"}
{"ts": "2026-05-24T08:30:02.490530+00:00", "status": "PASS", "validator_rc": 0, "failed_checks": [], "alert_needed": false, "alert_reason": "no_alert_needed", "telegram": "not_sent", "webhook": "not_sent"}
{"ts": "2026-05-24T08:35:02.462461+00:00", "status": "PASS", "validator_rc": 0, "failed_checks": [], "alert_needed": false, "alert_reason": "no_alert_needed", "telegram": "not_sent", "webhook": "not_sent"}
{"ts": "2026-05-24T08:40:01.616889+00:00", "status": "PASS", "validator_rc": 0, "failed_checks": [], "alert_needed": false, "alert_reason": "no_alert_needed", "telegram": "not_sent", "webhook": "not_sent"}
{"ts": "2026-05-24T08:45:02.014041+00:00", "status": "PASS", "validator_rc": 0, "failed_checks": [], "alert_needed": false, "alert_reason": "no_alert_needed", "telegram": "not_sent", "webhook": "not_sent"}
{"ts": "2026-05-24T08:50:01.901522+00:00", "status": "PASS", "validator_rc": 0, "failed_checks": [], "alert_needed": false, "alert_reason": "no_alert_needed", "telegram": "not_sent", "webhook": "not_sent"}
{"ts": "2026-05-24T08:55:01.860801+00:00", "status": "PASS", "validator_rc": 0, "failed_checks": [], "alert_needed": false, "alert_reason": "no_alert_needed", "telegram": "not_sent", "webhook": "not_sent"}
{"ts": "2026-05-24T09:00:02.403916+00:00", "status": "PASS", "validator_rc": 0, "failed_checks": [], "alert_needed": false, "alert_reason": "no_alert_needed", "telegram": "not_sent", "webhook": "not_sent"}
{"ts": "2026-05-24T09:05:02.163530+00:00", "status": "PASS", "validator_rc": 0, "failed_checks": [], "alert_needed": false, "alert_reason": "no_alert_needed", "telegram": "not_sent", "webhook": "not_sent"}
{"ts": "2026-05-24T09:10:01.641958+00:00", "status": "PASS", "validator_rc": 0, "failed_checks": [], "alert_needed": false, "alert_reason": "no_alert_needed", "telegram": "not_sent", "webhook": "not_sent"}
{"ts": "2026-05-24T09:15:01.810139+00:00", "status": "PASS", "validator_rc": 0, "failed_checks": [], "alert_needed": false, "alert_reason": "no_alert_needed", "telegram": "not_sent", "webhook": "not_sent"}
{"ts": "2026-05-24T09:20:01.541119+00:00", "status": "PASS", "validator_rc": 0, "failed_checks": [], "alert_needed": false, "alert_reason": "no_alert_needed", "telegram": "not_sent", "webhook": "not_sent"}
{"ts": "2026-05-24T09:25:01.731444+00:00", "status": "PASS", "validator_rc": 0, "failed_checks": [], "alert_needed": false, "alert_reason": "no_alert_needed", "telegram": "not_sent", "webhook": "not_sent"}
{"ts": "2026-05-24T09:30:01.771626+00:00", "status": "PASS", "validator_rc": 0, "failed_checks": [], "alert_needed": false, "alert_reason": "no_alert_needed", "telegram": "not_sent", "webhook": "not_sent"}
{"ts": "2026-05-24T09:35:01.633319+00:00", "status": "PASS", "validator_rc": 0, "failed_checks": [], "alert_needed": false, "alert_reason": "no_alert_needed", "telegram": "not_sent", "webhook": "not_sent"}
{"ts": "2026-05-24T09:40:02.138099+00:00", "status": "PASS", "validator_rc": 0, "failed_checks": [], "alert_needed": false, "alert_reason": "no_alert_needed", "telegram": "not_sent", "webhook": "not_sent"}
{"ts": "2026-05-24T09:45:02.677680+00:00", "status": "PASS", "validator_rc": 0, "failed_checks": [], "alert_needed": false, "alert_reason": "no_alert_needed", "telegram": "not_sent", "webhook": "not_sent"}
{"ts": "2026-05-24T09:50:01.635264+00:00", "status": "PASS", "validator_rc": 0, "failed_checks": [], "alert_needed": false, "alert_reason": "no_alert_needed", "telegram": "not_sent", "webhook": "not_sent"}
{"ts": "2026-05-24T09:55:01.889111+00:00", "status": "PASS", "validator_rc": 0, "failed_checks": [], "alert_needed": false, "alert_reason": "no_alert_needed", "telegram": "not_sent", "webhook": "not_sent"}
{"ts": "2026-05-24T10:00:02.125028+00:00", "status": "PASS", "validator_rc": 0, "failed_checks": [], "alert_needed": false, "alert_reason": "no_alert_needed", "telegram": "not_sent", "webhook": "not_sent"}
{"ts": "2026-05-24T10:05:02.801032+00:00", "status": "PASS", "validator_rc": 0, "failed_checks": [], "alert_needed": false, "alert_reason": "no_alert_needed", "telegram": "not_sent", "webhook": "not_sent"}
{"ts": "2026-05-24T10:10:02.384143+00:00", "status": "PASS", "validator_rc": 0, "failed_checks": [], "alert_needed": false, "alert_reason": "no_alert_needed", "telegram": "not_sent", "webhook": "not_sent"}
{"ts": "2026-05-24T10:15:03.479413+00:00", "status": "PASS", "validator_rc": 0, "failed_checks": [], "alert_needed": false, "alert_reason": "no_alert_needed", "telegram": "not_sent", "webhook": "not_sent"}
{"ts": "2026-05-24T10:20:02.583082+00:00", "status": "PASS", "validator_rc": 0, "failed_checks": [], "alert_needed": false, "alert_reason": "no_alert_needed", "telegram": "not_sent", "webhook": "not_sent"}
{"ts": "2026-05-24T10:25:02.281302+00:00", "status": "PASS", "validator_rc": 0, "failed_checks": [], "alert_needed": false, "alert_reason": "no_alert_needed", "telegram": "not_sent", "webhook": "not_sent"}
{"ts": "2026-05-24T10:30:03.365901+00:00", "status": "PASS", "validator_rc": 0, "failed_checks": [], "alert_needed": false, "alert_reason": "no_alert_needed", "telegram": "not_sent", "webhook": "not_sent"}
{"ts": "2026-05-24T10:35:02.404667+00:00", "status": "PASS", "validator_rc": 0, "failed_checks": [], "alert_needed": false, "alert_reason": "no_alert_needed", "telegram": "not_sent", "webhook": "not_sent"}
{"ts": "2026-05-24T10:40:01.685857+00:00", "status": "PASS", "validator_rc": 0, "failed_checks": [], "alert_needed": false, "alert_reason": "no_alert_needed", "telegram": "not_sent", "webhook": "not_sent"}
{"ts": "2026-05-24T10:45:02.023801+00:00", "status": "PASS", "validator_rc": 0, "failed_checks": [], "alert_needed": false, "alert_reason": "no_alert_needed", "telegram": "not_sent", "webhook": "not_sent"}
{"ts": "2026-05-24T10:50:01.883469+00:00", "status": "PASS", "validator_rc": 0, "failed_checks": [], "alert_needed": false, "alert_reason": "no_alert_needed", "telegram": "not_sent", "webhook": "not_sent"}
{"ts": "2026-05-24T10:55:02.348056+00:00", "status": "PASS", "validator_rc": 0, "failed_checks": [], "alert_needed": false, "alert_reason": "no_alert_needed", "telegram": "not_sent", "webhook": "not_sent"}
{"ts": "2026-05-24T11:00:02.467762+00:00", "status": "PASS", "validator_rc": 0, "failed_checks": [], "alert_needed": false, "alert_reason": "no_alert_needed", "telegram": "not_sent", "webhook": "not_sent"}
{"ts": "2026-05-24T11:05:02.297044+00:00", "status": "PASS", "validator_rc": 0, "failed_checks": [], "alert_needed": false, "alert_reason": "no_alert_needed", "telegram": "not_sent", "webhook": "not_sent"}
{"ts": "2026-05-24T11:10:02.056501+00:00", "status": "PASS", "validator_rc": 0, "failed_checks": [], "alert_needed": false, "alert_reason": "no_alert_needed", "telegram": "not_sent", "webhook": "not_sent"}
{"ts": "2026-05-24T11:15:02.605096+00:00", "status": "PASS", "validator_rc": 0, "failed_checks": [], "alert_needed": false, "alert_reason": "no_alert_needed", "telegram": "not_sent", "webhook": "not_sent"}
{"ts": "2026-05-24T11:20:02.883937+00:00", "status": "PASS", "validator_rc": 0, "failed_checks": [], "alert_needed": false, "alert_reason": "no_alert_needed", "telegram": "not_sent", "webhook": "not_sent"}
{"ts": "2026-05-24T11:25:02.063500+00:00", "status": "PASS", "validator_rc": 0, "failed_checks": [], "alert_needed": false, "alert_reason": "no_alert_needed", "telegram": "not_sent", "webhook": "not_sent"}
{"ts": "2026-05-24T11:30:02.289869+00:00", "status": "PASS", "validator_rc": 0, "failed_checks": [], "alert_needed": false, "alert_reason": "no_alert_needed", "telegram": "not_sent", "webhook": "not_sent"}
{"ts": "2026-05-24T11:35:01.603358+00:00", "status": "PASS", "validator_rc": 0, "failed_checks": [], "alert_needed": false, "alert_reason": "no_alert_needed", "telegram": "not_sent", "webhook": "not_sent"}
{"ts": "2026-05-24T11:40:02.413350+00:00", "status": "PASS", "validator_rc": 0, "failed_checks": [], "alert_needed": false, "alert_reason": "no_alert_needed", "telegram": "not_sent", "webhook": "not_sent"}
{"ts": "2026-05-24T11:45:01.771695+00:00", "status": "PASS", "validator_rc": 0, "failed_checks": [], "alert_needed": false, "alert_reason": "no_alert_needed", "telegram": "not_sent", "webhook": "not_sent"}
{"ts": "2026-05-24T11:50:01.455765+00:00", "status": "PASS", "validator_rc": 0, "failed_checks": [], "alert_needed": false, "alert_reason": "no_alert_needed", "telegram": "not_sent", "webhook": "not_sent"}
{"ts": "2026-05-24T11:55:01.730443+00:00", "status": "PASS", "validator_rc": 0, "failed_checks": [], "alert_needed": false, "alert_reason": "no_alert_needed", "telegram": "not_sent", "webhook": "not_sent"}
{"ts": "2026-05-24T12:00:02.460740+00:00", "status": "PASS", "validator_rc": 0, "failed_checks": [], "alert_needed": false, "alert_reason": "no_alert_needed", "telegram": "not_sent", "webhook": "not_sent"}
{"ts": "2026-05-24T12:05:02.478936+00:00", "status": "PASS", "validator_rc": 0, "failed_checks": [], "alert_needed": false, "alert_reason": "no_alert_needed", "telegram": "not_sent", "webhook": "not_sent"}
{"ts": "2026-05-24T12:10:02.061970+00:00", "status": "PASS", "validator_rc": 0, "failed_checks": [], "alert_needed": false, "alert_reason": "no_alert_needed", "telegram": "not_sent", "webhook": "not_sent"}
{"ts": "2026-05-24T12:15:02.752485+00:00", "status": "PASS", "validator_rc": 0, "failed_checks": [], "alert_needed": false, "alert_reason": "no_alert_needed", "telegram": "not_sent", "webhook": "not_sent"}
{"ts": "2026-05-24T12:20:01.766108+00:00", "status": "PASS", "validator_rc": 0, "failed_checks": [], "alert_needed": false, "alert_reason": "no_alert_needed", "telegram": "not_sent", "webhook": "not_sent"}
{"ts": "2026-05-24T12:25:02.780678+00:00", "status": "PASS", "validator_rc": 0, "failed_checks": [], "alert_needed": false, "alert_reason": "no_alert_needed", "telegram": "not_sent", "webhook": "not_sent"}
{"ts": "2026-05-24T12:30:03.081315+00:00", "status": "PASS", "validator_rc": 0, "failed_checks": [], "alert_needed": false, "alert_reason": "no_alert_needed", "telegram": "not_sent", "webhook": "not_sent"}
{"ts": "2026-05-24T12:35:02.207311+00:00", "status": "PASS", "validator_rc": 0, "failed_checks": [], "alert_needed": false, "alert_reason": "no_alert_needed", "telegram": "not_sent", "webhook": "not_sent"}
{"ts": "2026-05-24T12:40:02.451872+00:00", "status": "PASS", "validator_rc": 0, "failed_checks": [], "alert_needed": false, "alert_reason": "no_alert_needed", "telegram": "not_sent", "webhook": "not_sent"}
{"ts": "2026-05-24T12:45:03.551466+00:00", "status": "PASS", "validator_rc": 0, "failed_checks": [], "alert_needed": false, "alert_reason": "no_alert_needed", "telegram": "not_sent", "webhook": "not_sent"}
{"ts": "2026-05-24T12:50:01.868738+00:00", "status": "PASS", "validator_rc": 0, "failed_checks": [], "alert_needed": false, "alert_reason": "no_alert_needed", "telegram": "not_sent", "webhook": "not_sent"}
{"ts": "2026-05-24T12:55:01.936831+00:00", "status": "PASS", "validator_rc": 0, "failed_checks": [], "alert_needed": false, "alert_reason": "no_alert_needed", "telegram": "not_sent", "webhook": "not_sent"}
{"ts": "2026-05-24T13:00:02.328197+00:00", "status": "PASS", "validator_rc": 0, "failed_checks": [], "alert_needed": false, "alert_reason": "no_alert_needed", "telegram": "not_sent", "webhook": "not_sent"}
{"ts": "2026-05-24T13:05:02.199980+00:00", "status": "PASS", "validator_rc": 0, "failed_checks": [], "alert_needed": false, "alert_reason": "no_alert_needed", "telegram": "not_sent", "webhook": "not_sent"}
{"ts": "2026-05-24T13:10:01.686103+00:00", "status": "PASS", "validator_rc": 0, "failed_checks": [], "alert_needed": false, "alert_reason": "no_alert_needed", "telegram": "not_sent", "webhook": "not_sent"}
{"ts": "2026-05-24T13:15:02.125042+00:00", "status": "PASS", "validator_rc": 0, "failed_checks": [], "alert_needed": false, "alert_reason": "no_alert_needed", "telegram": "not_sent", "webhook": "not_sent"}
{"ts": "2026-05-24T13:20:01.968200+00:00", "status": "PASS", "validator_rc": 0, "failed_checks": [], "alert_needed": false, "alert_reason": "no_alert_needed", "telegram": "not_sent", "webhook": "not_sent"}
{"ts": "2026-05-24T13:25:02.378929+00:00", "status": "PASS", "validator_rc": 0, "failed_checks": [], "alert_needed": false, "alert_reason": "no_alert_needed", "telegram": "not_sent", "webhook": "not_sent"}
{"ts": "2026-05-24T13:30:03.183445+00:00", "status": "PASS", "validator_rc": 0, "failed_checks": [], "alert_needed": false, "alert_reason": "no_alert_needed", "telegram": "not_sent", "webhook": "not_sent"}
{"ts": "2026-05-24T13:35:01.962490+00:00", "status": "PASS", "validator_rc": 0, "failed_checks": [], "alert_needed": false, "alert_reason": "no_alert_needed", "telegram": "not_sent", "webhook": "not_sent"}
{"ts": "2026-05-24T13:40:02.597275+00:00", "status": "PASS", "validator_rc": 0, "failed_checks": [], "alert_needed": false, "alert_reason": "no_alert_needed", "telegram": "not_sent", "webhook": "not_sent"}
{"ts": "2026-05-24T13:45:01.938073+00:00", "status": "PASS", "validator_rc": 0, "failed_checks": [], "alert_needed": false, "alert_reason": "no_alert_needed", "telegram": "not_sent", "webhook": "not_sent"}
{"ts": "2026-05-24T13:50:02.176154+00:00", "status": "PASS", "validator_rc": 0, "failed_checks": [], "alert_needed": false, "alert_reason": "no_alert_needed", "telegram": "not_sent", "webhook": "not_sent"}
{"ts": "2026-05-24T13:55:02.330163+00:00", "status": "PASS", "validator_rc": 0, "failed_checks": [], "alert_needed": false, "alert_reason": "no_alert_needed", "telegram": "not_sent", "webhook": "not_sent"}
{"ts": "2026-05-24T14:00:02.691721+00:00", "status": "PASS", "validator_rc": 0, "failed_checks": [], "alert_needed": false, "alert_reason": "no_alert_needed", "telegram": "not_sent", "webhook": "not_sent"}
{"ts": "2026-05-24T14:05:01.471339+00:00", "status": "PASS", "validator_rc": 0, "failed_checks": [], "alert_needed": false, "alert_reason": "no_alert_needed", "telegram": "not_sent", "webhook": "not_sent"}
{"ts": "2026-05-24T14:10:02.334385+00:00", "status": "PASS", "validator_rc": 0, "failed_checks": [], "alert_needed": false, "alert_reason": "no_alert_needed", "telegram": "not_sent", "webhook": "not_sent"}
{"ts": "2026-05-24T14:15:02.523654+00:00", "status": "PASS", "validator_rc": 0, "failed_checks": [], "alert_needed": false, "alert_reason": "no_alert_needed", "telegram": "not_sent", "webhook": "not_sent"}
{"ts": "2026-05-24T14:20:02.327953+00:00", "status": "PASS", "validator_rc": 0, "failed_checks": [], "alert_needed": false, "alert_reason": "no_alert_needed", "telegram": "not_sent", "webhook": "not_sent"}
{"ts": "2026-05-24T14:25:01.803799+00:00", "status": "PASS", "validator_rc": 0, "failed_checks": [], "alert_needed": false, "alert_reason": "no_alert_needed", "telegram": "not_sent", "webhook": "not_sent"}
{"ts": "2026-05-24T14:30:01.864269+00:00", "status": "PASS", "validator_rc": 0, "failed_checks": [], "alert_needed": false, "alert_reason": "no_alert_needed", "telegram": "not_sent", "webhook": "not_sent"}
{"ts": "2026-05-24T14:35:01.526830+00:00", "status": "PASS", "validator_rc": 0, "failed_checks": [], "alert_needed": false, "alert_reason": "no_alert_needed", "telegram": "not_sent", "webhook": "not_sent"}
{"ts": "2026-05-24T14:40:01.652433+00:00", "status": "PASS", "validator_rc": 0, "failed_checks": [], "alert_needed": false, "alert_reason": "no_alert_needed", "telegram": "not_sent", "webhook": "not_sent"}
{"ts": "2026-05-24T14:45:01.886762+00:00", "status": "PASS", "validator_rc": 0, "failed_checks": [], "alert_needed": false, "alert_reason": "no_alert_needed", "telegram": "not_sent", "webhook": "not_sent"}
{"ts": "2026-05-24T14:50:01.705779+00:00", "status": "PASS", "validator_rc": 0, "failed_checks": [], "alert_needed": false, "alert_reason": "no_alert_needed", "telegram": "not_sent", "webhook": "not_sent"}
{"ts": "2026-05-24T14:55:02.821023+00:00", "status": "PASS", "validator_rc": 0, "failed_checks": [], "alert_needed": false, "alert_reason": "no_alert_needed", "telegram": "not_sent", "webhook": "not_sent"}
{"ts": "2026-05-24T15:00:02.449451+00:00", "status": "PASS", "validator_rc": 0, "failed_checks": [], "alert_needed": false, "alert_reason": "no_alert_needed", "telegram": "not_sent", "webhook": "not_sent"}
{"ts": "2026-05-24T15:05:02.271133+00:00", "status": "PASS", "validator_rc": 0, "failed_checks": [], "alert_needed": false, "alert_reason": "no_alert_needed", "telegram": "not_sent", "webhook": "not_sent"}
{"ts": "2026-05-24T15:10:02.221456+00:00", "status": "PASS", "validator_rc": 0, "failed_checks": [], "alert_needed": false, "alert_reason": "no_alert_needed", "telegram": "not_sent", "webhook": "not_sent"}
{"ts": "2026-05-24T15:15:03.120347+00:00", "status": "PASS", "validator_rc": 0, "failed_checks": [], "alert_needed": false, "alert_reason": "no_alert_needed", "telegram": "not_sent", "webhook": "not_sent"}
{"ts": "2026-05-24T15:20:03.115384+00:00", "status": "PASS", "validator_rc": 0, "failed_checks": [], "alert_needed": false, "alert_reason": "no_alert_needed", "telegram": "not_sent", "webhook": "not_sent"}
{"ts": "2026-05-24T15:25:01.787833+00:00", "status": "PASS", "validator_rc": 0, "failed_checks": [], "alert_needed": false, "alert_reason": "no_alert_needed", "telegram": "not_sent", "webhook": "not_sent"}
{"ts": "2026-05-24T15:30:02.787099+00:00", "status": "PASS", "validator_rc": 0, "failed_checks": [], "alert_needed": false, "alert_reason": "no_alert_needed", "telegram": "not_sent", "webhook": "not_sent"}
{"ts": "2026-05-24T15:35:02.110099+00:00", "status": "PASS", "validator_rc": 0, "failed_checks": [], "alert_needed": false, "alert_reason": "no_alert_needed", "telegram": "not_sent", "webhook": "not_sent"}
{"ts": "2026-05-24T15:40:02.479216+00:00", "status": "PASS", "validator_rc": 0, "failed_checks": [], "alert_needed": false, "alert_reason": "no_alert_needed", "telegram": "not_sent", "webhook": "not_sent"}
{"ts": "2026-05-24T15:45:01.834952+00:00", "status": "PASS", "validator_rc": 0, "failed_checks": [], "alert_needed": false, "alert_reason": "no_alert_needed", "telegram": "not_sent", "webhook": "not_sent"}
{"ts": "2026-05-24T15:50:01.898256+00:00", "status": "PASS", "validator_rc": 0, "failed_checks": [], "alert_needed": false, "alert_reason": "no_alert_needed", "telegram": "not_sent", "webhook": "not_sent"}
{"ts": "2026-05-24T15:55:02.009278+00:00", "status": "PASS", "validator_rc": 0, "failed_checks": [], "alert_needed": false, "alert_reason": "no_alert_needed", "telegram": "not_sent", "webhook": "not_sent"}
{"ts": "2026-05-24T16:00:01.922700+00:00", "status": "PASS", "validator_rc": 0, "failed_checks": [], "alert_needed": false, "alert_reason": "no_alert_needed", "telegram": "not_sent", "webhook": "not_sent"}
{"ts": "2026-05-24T16:05:02.159668+00:00", "status": "PASS", "validator_rc": 0, "failed_checks": [], "alert_needed": false, "alert_reason": "no_alert_needed", "telegram": "not_sent", "webhook": "not_sent"}
{"ts": "2026-05-24T16:10:02.389829+00:00", "status": "PASS", "validator_rc": 0, "failed_checks": [], "alert_needed": false, "alert_reason": "no_alert_needed", "telegram": "not_sent", "webhook": "not_sent"}
{"ts": "2026-05-24T16:15:04.088137+00:00", "status": "PASS", "validator_rc": 0, "failed_checks": [], "alert_needed": false, "alert_reason": "no_alert_needed", "telegram": "not_sent", "webhook": "not_sent"}
{"ts": "2026-05-24T16:20:02.100063+00:00", "status": "PASS", "validator_rc": 0, "failed_checks": [], "alert_needed": false, "alert_reason": "no_alert_needed", "telegram": "not_sent", "webhook": "not_sent"}
{"ts": "2026-05-24T16:25:01.445224+00:00", "status": "PASS", "validator_rc": 0, "failed_checks": [], "alert_needed": false, "alert_reason": "no_alert_needed", "telegram": "not_sent", "webhook": "not_sent"}
{"ts": "2026-05-24T16:30:02.405905+00:00", "status": "PASS", "validator_rc": 0, "failed_checks": [], "alert_needed": false, "alert_reason": "no_alert_needed", "telegram": "not_sent", "webhook": "not_sent"}
{"ts": "2026-05-24T16:35:02.081829+00:00", "status": "PASS", "validator_rc": 0, "failed_checks": [], "alert_needed": false, "alert_reason": "no_alert_needed", "telegram": "not_sent", "webhook": "not_sent"}
{"ts": "2026-05-24T16:40:01.483175+00:00", "status": "PASS", "validator_rc": 0, "failed_checks": [], "alert_needed": false, "alert_reason": "no_alert_needed", "telegram": "not_sent", "webhook": "not_sent"}
{"ts": "2026-05-24T16:45:02.350717+00:00", "status": "PASS", "validator_rc": 0, "failed_checks": [], "alert_needed": false, "alert_reason": "no_alert_needed", "telegram": "not_sent", "webhook": "not_sent"}
{"ts": "2026-05-24T16:50:02.633630+00:00", "status": "PASS", "validator_rc": 0, "failed_checks": [], "alert_needed": false, "alert_reason": "no_alert_needed", "telegram": "not_sent", "webhook": "not_sent"}
{"ts": "2026-05-24T16:55:01.817058+00:00", "status": "PASS", "validator_rc": 0, "failed_checks": [], "alert_needed": false, "alert_reason": "no_alert_needed", "telegram": "not_sent", "webhook": "not_sent"}
{"ts": "2026-05-24T17:00:01.965058+00:00", "status": "PASS", "validator_rc": 0, "failed_checks": [], "alert_needed": false, "alert_reason": "no_alert_needed", "telegram": "not_sent", "webhook": "not_sent"}
{"ts": "2026-05-24T17:05:02.497827+00:00", "status": "PASS", "validator_rc": 0, "failed_checks": [], "alert_needed": false, "alert_reason": "no_alert_needed", "telegram": "not_sent", "webhook": "not_sent"}
{"ts": "2026-05-24T17:10:02.264564+00:00", "status": "PASS", "validator_rc": 0, "failed_checks": [], "alert_needed": false, "alert_reason": "no_alert_needed", "telegram": "not_sent", "webhook": "not_sent"}
{"ts": "2026-05-24T17:15:02.549743+00:00", "status": "PASS", "validator_rc": 0, "failed_checks": [], "alert_needed": false, "alert_reason": "no_alert_needed", "telegram": "not_sent", "webhook": "not_sent"}
{"ts": "2026-05-24T17:20:03.023445+00:00", "status": "PASS", "validator_rc": 0, "failed_checks": [], "alert_needed": false, "alert_reason": "no_alert_needed", "telegram": "not_sent", "webhook": "not_sent"}
{"ts": "2026-05-24T17:25:02.389352+00:00", "status": "PASS", "validator_rc": 0, "failed_checks": [], "alert_needed": false, "alert_reason": "no_alert_needed", "telegram": "not_sent", "webhook": "not_sent"}
{"ts": "2026-05-24T17:30:04.067769+00:00", "status": "PASS", "validator_rc": 0, "failed_checks": [], "alert_needed": false, "alert_reason": "no_alert_needed", "telegram": "not_sent", "webhook": "not_sent"}
{"ts": "2026-05-24T17:35:02.462513+00:00", "status": "PASS", "validator_rc": 0, "failed_checks": [], "alert_needed": false, "alert_reason": "no_alert_needed", "telegram": "not_sent", "webhook": "not_sent"}
{"ts": "2026-05-24T17:40:01.992417+00:00", "status": "PASS", "validator_rc": 0, "failed_checks": [], "alert_needed": false, "alert_reason": "no_alert_needed", "telegram": "not_sent", "webhook": "not_sent"}
{"ts": "2026-05-24T17:45:02.551404+00:00", "status": "PASS", "validator_rc": 0, "failed_checks": [], "alert_needed": false, "alert_reason": "no_alert_needed", "telegram": "not_sent", "webhook": "not_sent"}
{"ts": "2026-05-24T17:50:01.441317+00:00", "status": "PASS", "validator_rc": 0, "failed_checks": [], "alert_needed": false, "alert_reason": "no_alert_needed", "telegram": "not_sent", "webhook": "not_sent"}
{"ts": "2026-05-24T17:55:01.760338+00:00", "status": "PASS", "validator_rc": 0, "failed_checks": [], "alert_needed": false, "alert_reason": "no_alert_needed", "telegram": "not_sent", "webhook": "not_sent"}
{"ts": "2026-05-24T18:00:02.329294+00:00", "status": "PASS", "validator_rc": 0, "failed_checks": [], "alert_needed": false, "alert_reason": "no_alert_needed", "telegram": "not_sent", "webhook": "not_sent"}
{"ts": "2026-05-24T18:05:01.801565+00:00", "status": "PASS", "validator_rc": 0, "failed_checks": [], "alert_needed": false, "alert_reason": "no_alert_needed", "telegram": "not_sent", "webhook": "not_sent"}
{"ts": "2026-05-24T18:10:02.531756+00:00", "status": "PASS", "validator_rc": 0, "failed_checks": [], "alert_needed": false, "alert_reason": "no_alert_needed", "telegram": "not_sent", "webhook": "not_sent"}
{"ts": "2026-05-24T18:15:02.574789+00:00", "status": "PASS", "validator_rc": 0, "failed_checks": [], "alert_needed": false, "alert_reason": "no_alert_needed", "telegram": "not_sent", "webhook": "not_sent"}
{"ts": "2026-05-24T18:20:02.073127+00:00", "status": "PASS", "validator_rc": 0, "failed_checks": [], "alert_needed": false, "alert_reason": "no_alert_needed", "telegram": "not_sent", "webhook": "not_sent"}
{"ts": "2026-05-24T18:25:01.769360+00:00", "status": "PASS", "validator_rc": 0, "failed_checks": [], "alert_needed": false, "alert_reason": "no_alert_needed", "telegram": "not_sent", "webhook": "not_sent"}
{"ts": "2026-05-24T18:30:02.453105+00:00", "status": "PASS", "validator_rc": 0, "failed_checks": [], "alert_needed": false, "alert_reason": "no_alert_needed", "telegram": "not_sent", "webhook": "not_sent"}
{"ts": "2026-05-24T18:35:02.749865+00:00", "status": "PASS", "validator_rc": 0, "failed_checks": [], "alert_needed": false, "alert_reason": "no_alert_needed", "telegram": "not_sent", "webhook": "not_sent"}
{"ts": "2026-05-24T18:40:02.471074+00:00", "status": "PASS", "validator_rc": 0, "failed_checks": [], "alert_needed": false, "alert_reason": "no_alert_needed", "telegram": "not_sent", "webhook": "not_sent"}
{"ts": "2026-05-24T18:45:02.332855+00:00", "status": "PASS", "validator_rc": 0, "failed_checks": [], "alert_needed": false, "alert_reason": "no_alert_needed", "telegram": "not_sent", "webhook": "not_sent"}
{"ts": "2026-05-24T18:50:02.643379+00:00", "status": "PASS", "validator_rc": 0, "failed_checks": [], "alert_needed": false, "alert_reason": "no_alert_needed", "telegram": "not_sent", "webhook": "not_sent"}
{"ts": "2026-05-24T18:55:02.187265+00:00", "status": "PASS", "validator_rc": 0, "failed_checks": [], "alert_needed": false, "alert_reason": "no_alert_needed", "telegram": "not_sent", "webhook": "not_sent"}
{"ts": "2026-05-24T19:00:02.498890+00:00", "status": "PASS", "validator_rc": 0, "failed_checks": [], "alert_needed": false, "alert_reason": "no_alert_needed", "telegram": "not_sent", "webhook": "not_sent"}
{"ts": "2026-05-24T19:05:02.314296+00:00", "status": "PASS", "validator_rc": 0, "failed_checks": [], "alert_needed": false, "alert_reason": "no_alert_needed", "telegram": "not_sent", "webhook": "not_sent"}
{"ts": "2026-05-24T19:10:01.966822+00:00", "status": "PASS", "validator_rc": 0, "failed_checks": [], "alert_needed": false, "alert_reason": "no_alert_needed", "telegram": "not_sent", "webhook": "not_sent"}
{"ts": "2026-05-24T19:15:03.023264+00:00", "status": "PASS", "validator_rc": 0, "failed_checks": [], "alert_needed": false, "alert_reason": "no_alert_needed", "telegram": "not_sent", "webhook": "not_sent"}
{"ts": "2026-05-24T19:20:01.992623+00:00", "status": "PASS", "validator_rc": 0, "failed_checks": [], "alert_needed": false, "alert_reason": "no_alert_needed", "telegram": "not_sent", "webhook": "not_sent"}
{"ts": "2026-05-24T19:25:02.565857+00:00", "status": "PASS", "validator_rc": 0, "failed_checks": [], "alert_needed": false, "alert_reason": "no_alert_needed", "telegram": "not_sent", "webhook": "not_sent"}
{"ts": "2026-05-24T19:30:03.381069+00:00", "status": "PASS", "validator_rc": 0, "failed_checks": [], "alert_needed": false, "alert_reason": "no_alert_needed", "telegram": "not_sent", "webhook": "not_sent"}
{"ts": "2026-05-24T19:35:01.885957+00:00", "status": "PASS", "validator_rc": 0, "failed_checks": [], "alert_needed": false, "alert_reason": "no_alert_needed", "telegram": "not_sent", "webhook": "not_sent"}
{"ts": "2026-05-24T19:40:02.255591+00:00", "status": "PASS", "validator_rc": 0, "failed_checks": [], "alert_needed": false, "alert_reason": "no_alert_needed", "telegram": "not_sent", "webhook": "not_sent"}
{"ts": "2026-05-24T19:45:02.529423+00:00", "status": "PASS", "validator_rc": 0, "failed_checks": [], "alert_needed": false, "alert_reason": "no_alert_needed", "telegram": "not_sent", "webhook": "not_sent"}
{"ts": "2026-05-24T19:50:02.388053+00:00", "status": "PASS", "validator_rc": 0, "failed_checks": [], "alert_needed": false, "alert_reason": "no_alert_needed", "telegram": "not_sent", "webhook": "not_sent"}
{"ts": "2026-05-24T19:55:01.633825+00:00", "status": "PASS", "validator_rc": 0, "failed_checks": [], "alert_needed": false, "alert_reason": "no_alert_needed", "telegram": "not_sent", "webhook": "not_sent"}
{"ts": "2026-05-24T20:00:02.050906+00:00", "status": "PASS", "validator_rc": 0, "failed_checks": [], "alert_needed": false, "alert_reason": "no_alert_needed", "telegram": "not_sent", "webhook": "not_sent"}
{"ts": "2026-05-24T20:05:02.011839+00:00", "status": "PASS", "validator_rc": 0, "failed_checks": [], "alert_needed": false, "alert_reason": "no_alert_needed", "telegram": "not_sent", "webhook": "not_sent"}
{"ts": "2026-05-24T20:10:02.623689+00:00", "status": "PASS", "validator_rc": 0, "failed_checks": [], "alert_needed": false, "alert_reason": "no_alert_needed", "telegram": "not_sent", "webhook": "not_sent"}
{"ts": "2026-05-24T20:15:02.474671+00:00", "status": "PASS", "validator_rc": 0, "failed_checks": [], "alert_needed": false, "alert_reason": "no_alert_needed", "telegram": "not_sent", "webhook": "not_sent"}
{"ts": "2026-05-24T20:20:01.708979+00:00", "status": "PASS", "validator_rc": 0, "failed_checks": [], "alert_needed": false, "alert_reason": "no_alert_needed", "telegram": "not_sent", "webhook": "not_sent"}
{"ts": "2026-05-24T20:25:02.250086+00:00", "status": "PASS", "validator_rc": 0, "failed_checks": [], "alert_needed": false, "alert_reason": "no_alert_needed", "telegram": "not_sent", "webhook": "not_sent"}
{"ts": "2026-05-24T20:30:03.586377+00:00", "status": "PASS", "validator_rc": 0, "failed_checks": [], "alert_needed": false, "alert_reason": "no_alert_needed", "telegram": "not_sent", "webhook": "not_sent"}
{"ts": "2026-05-24T20:35:02.732501+00:00", "status": "PASS", "validator_rc": 0, "failed_checks": [], "alert_needed": false, "alert_reason": "no_alert_needed", "telegram": "not_sent", "webhook": "not_sent"}
{"ts": "2026-05-24T20:40:02.615224+00:00", "status": "PASS", "validator_rc": 0, "failed_checks": [], "alert_needed": false, "alert_reason": "no_alert_needed", "telegram": "not_sent", "webhook": "not_sent"}
{"ts": "2026-05-24T20:45:02.635184+00:00", "status": "PASS", "validator_rc": 0, "failed_checks": [], "alert_needed": false, "alert_reason": "no_alert_needed", "telegram": "not_sent", "webhook": "not_sent"}
{"ts": "2026-05-24T20:50:01.715217+00:00", "status": "PASS", "validator_rc": 0, "failed_checks": [], "alert_needed": false, "alert_reason": "no_alert_needed", "telegram": "not_sent", "webhook": "not_sent"}
{"ts": "2026-05-24T20:55:01.892637+00:00", "status": "PASS", "validator_rc": 0, "failed_checks": [], "alert_needed": false, "alert_reason": "no_alert_needed", "telegram": "not_sent", "webhook": "not_sent"}
{"ts": "2026-05-24T21:00:02.972744+00:00", "status": "PASS", "validator_rc": 0, "failed_checks": [], "alert_needed": false, "alert_reason": "no_alert_needed", "telegram": "not_sent", "webhook": "not_sent"}
{"ts": "2026-05-24T21:05:02.195196+00:00", "status": "PASS", "validator_rc": 0, "failed_checks": [], "alert_needed": false, "alert_reason": "no_alert_needed", "telegram": "not_sent", "webhook": "not_sent"}
{"ts": "2026-05-24T21:10:01.863370+00:00", "status": "PASS", "validator_rc": 0, "failed_checks": [], "alert_needed": false, "alert_reason": "no_alert_needed", "telegram": "not_sent", "webhook": "not_sent"}
{"ts": "2026-05-24T21:15:02.510111+00:00", "status": "PASS", "validator_rc": 0, "failed_checks": [], "alert_needed": false, "alert_reason": "no_alert_needed", "telegram": "not_sent", "webhook": "not_sent"}
{"ts": "2026-05-24T21:20:02.505628+00:00", "status": "FAIL", "validator_rc": 1, "failed_checks": ["db_guardrails"], "alert_needed": true, "alert_reason": "transition_pass_to_fail", "telegram": "ok", "webhook": "webhook_not_configured"}
{"ts": "2026-05-24T21:25:02.372606+00:00", "status": "FAIL", "validator_rc": 1, "failed_checks": ["db_guardrails"], "alert_needed": false, "alert_reason": "fail_no_new_signal", "telegram": "not_sent", "webhook": "not_sent"}
{"ts": "2026-05-24T21:30:02.831620+00:00", "status": "FAIL", "validator_rc": 1, "failed_checks": ["db_guardrails"], "alert_needed": false, "alert_reason": "fail_no_new_signal", "telegram": "not_sent", "webhook": "not_sent"}
{"ts": "2026-05-24T21:35:02.331370+00:00", "status": "FAIL", "validator_rc": 1, "failed_checks": ["db_guardrails"], "alert_needed": false, "alert_reason": "fail_no_new_signal", "telegram": "not_sent", "webhook": "not_sent"}
{"ts": "2026-05-24T21:40:02.452794+00:00", "status": "FAIL", "validator_rc": 1, "failed_checks": ["db_guardrails"], "alert_needed": false, "alert_reason": "fail_no_new_signal", "telegram": "not_sent", "webhook": "not_sent"}
{"ts": "2026-05-24T21:45:02.432853+00:00", "status": "FAIL", "validator_rc": 1, "failed_checks": ["db_guardrails"], "alert_needed": false, "alert_reason": "fail_no_new_signal", "telegram": "not_sent", "webhook": "not_sent"}
{"ts": "2026-05-24T21:50:03.130716+00:00", "status": "FAIL", "validator_rc": 1, "failed_checks": ["db_guardrails"], "alert_needed": true, "alert_reason": "fail_reminder", "telegram": "ok", "webhook": "webhook_not_configured"}
{"ts": "2026-05-24T21:55:01.584241+00:00", "status": "FAIL", "validator_rc": 1, "failed_checks": ["db_guardrails"], "alert_needed": false, "alert_reason": "fail_no_new_signal", "telegram": "not_sent", "webhook": "not_sent"}
{"ts": "2026-05-24T22:00:03.047643+00:00", "status": "FAIL", "validator_rc": 1, "failed_checks": ["db_guardrails"], "alert_needed": false, "alert_reason": "fail_no_new_signal", "telegram": "not_sent", "webhook": "not_sent"}
{"ts": "2026-05-24T22:05:02.086912+00:00", "status": "FAIL", "validator_rc": 1, "failed_checks": ["db_guardrails"], "alert_needed": false, "alert_reason": "fail_no_new_signal", "telegram": "not_sent", "webhook": "not_sent"}
{"ts": "2026-05-24T22:10:01.720225+00:00", "status": "FAIL", "validator_rc": 1, "failed_checks": ["db_guardrails"], "alert_needed": false, "alert_reason": "fail_no_new_signal", "telegram": "not_sent", "webhook": "not_sent"}
{"ts": "2026-05-24T22:15:02.732956+00:00", "status": "FAIL", "validator_rc": 1, "failed_checks": ["db_guardrails"], "alert_needed": false, "alert_reason": "fail_no_new_signal", "telegram": "not_sent", "webhook": "not_sent"}
{"ts": "2026-05-24T22:20:01.589094+00:00", "status": "FAIL", "validator_rc": 1, "failed_checks": ["db_guardrails"], "alert_needed": false, "alert_reason": "fail_no_new_signal", "telegram": "not_sent", "webhook": "not_sent"}
{"ts": "2026-05-24T22:25:02.899597+00:00", "status": "FAIL", "validator_rc": 1, "failed_checks": ["db_guardrails"], "alert_needed": true, "alert_reason": "fail_reminder", "telegram": "ok", "webhook": "webhook_not_configured"}
{"ts": "2026-05-24T22:30:02.826521+00:00", "status": "FAIL", "validator_rc": 1, "failed_checks": ["db_guardrails"], "alert_needed": false, "alert_reason": "fail_no_new_signal", "telegram": "not_sent", "webhook": "not_sent"}
{"ts": "2026-05-24T22:35:02.547728+00:00", "status": "FAIL", "validator_rc": 1, "failed_checks": ["db_guardrails"], "alert_needed": false, "alert_reason": "fail_no_new_signal", "telegram": "not_sent", "webhook": "not_sent"}
{"ts": "2026-05-24T22:40:02.440225+00:00", "status": "FAIL", "validator_rc": 1, "failed_checks": ["db_guardrails"], "alert_needed": false, "alert_reason": "fail_no_new_signal", "telegram": "not_sent", "webhook": "not_sent"}
{"ts": "2026-05-24T22:45:03.804966+00:00", "status": "FAIL", "validator_rc": 1, "failed_checks": ["db_guardrails"], "alert_needed": false, "alert_reason": "fail_no_new_signal", "telegram": "not_sent", "webhook": "not_sent"}
{"ts": "2026-05-24T22:50:02.174831+00:00", "status": "FAIL", "validator_rc": 1, "failed_checks": ["db_guardrails"], "alert_needed": false, "alert_reason": "fail_no_new_signal", "telegram": "not_sent", "webhook": "not_sent"}
{"ts": "2026-05-24T22:55:01.913432+00:00", "status": "FAIL", "validator_rc": 1, "failed_checks": ["db_guardrails"], "alert_needed": false, "alert_reason": "fail_no_new_signal", "telegram": "not_sent", "webhook": "not_sent"}
{"ts": "2026-05-24T23:00:03.512784+00:00", "status": "FAIL", "validator_rc": 1, "failed_checks": ["db_guardrails"], "alert_needed": true, "alert_reason": "fail_reminder", "telegram": "ok", "webhook": "webhook_not_configured"}
{"ts": "2026-05-24T23:05:01.930206+00:00", "status": "FAIL", "validator_rc": 1, "failed_checks": ["db_guardrails"], "alert_needed": false, "alert_reason": "fail_no_new_signal", "telegram": "not_sent", "webhook": "not_sent"}
{"ts": "2026-05-24T23:10:02.727358+00:00", "status": "FAIL", "validator_rc": 1, "failed_checks": ["db_guardrails"], "alert_needed": false, "alert_reason": "fail_no_new_signal", "telegram": "not_sent", "webhook": "not_sent"}
{"ts": "2026-05-24T23:15:02.266975+00:00", "status": "FAIL", "validator_rc": 1, "failed_checks": ["db_guardrails"], "alert_needed": false, "alert_reason": "fail_no_new_signal", "telegram": "not_sent", "webhook": "not_sent"}
{"ts": "2026-05-24T23:20:02.321052+00:00", "status": "FAIL", "validator_rc": 1, "failed_checks": ["db_guardrails"], "alert_needed": false, "alert_reason": "fail_no_new_signal", "telegram": "not_sent", "webhook": "not_sent"}
{"ts": "2026-05-24T23:25:03.128376+00:00", "status": "FAIL", "validator_rc": 1, "failed_checks": ["db_guardrails"], "alert_needed": false, "alert_reason": "fail_no_new_signal", "telegram": "not_sent", "webhook": "not_sent"}
{"ts": "2026-05-24T23:30:02.310953+00:00", "status": "FAIL", "validator_rc": 1, "failed_checks": ["db_guardrails"], "alert_needed": false, "alert_reason": "fail_no_new_signal", "telegram": "not_sent", "webhook": "not_sent"}
{"ts": "2026-05-24T23:35:02.540656+00:00", "status": "FAIL", "validator_rc": 1, "failed_checks": ["db_guardrails"], "alert_needed": true, "alert_reason": "fail_reminder", "telegram": "ok", "webhook": "webhook_not_configured"}
{"ts": "2026-05-24T23:40:02.516738+00:00", "status": "FAIL", "validator_rc": 1, "failed_checks": ["db_guardrails"], "alert_needed": false, "alert_reason": "fail_no_new_signal", "telegram": "not_sent", "webhook": "not_sent"}
{"ts": "2026-05-24T23:45:03.076522+00:00", "status": "FAIL", "validator_rc": 1, "failed_checks": ["db_guardrails"], "alert_needed": false, "alert_reason": "fail_no_new_signal", "telegram": "not_sent", "webhook": "not_sent"}
{"ts": "2026-05-24T23:50:02.220533+00:00", "status": "FAIL", "validator_rc": 1, "failed_checks": ["db_guardrails"], "alert_needed": false, "alert_reason": "fail_no_new_signal", "telegram": "not_sent", "webhook": "not_sent"}
{"ts": "2026-05-24T23:55:02.285617+00:00", "status": "FAIL", "validator_rc": 1, "failed_checks": ["db_guardrails"], "alert_needed": false, "alert_reason": "fail_no_new_signal", "telegram": "not_sent", "webhook": "not_sent"}
{"ts": "2026-05-25T00:00:03.552623+00:00", "status": "FAIL", "validator_rc": 1, "failed_checks": ["db_guardrails"], "alert_needed": false, "alert_reason": "fail_no_new_signal", "telegram": "not_sent", "webhook": "not_sent"}
{"ts": "2026-05-25T00:05:02.879690+00:00", "status": "FAIL", "validator_rc": 1, "failed_checks": ["db_guardrails"], "alert_needed": true, "alert_reason": "fail_reminder", "telegram": "ok", "webhook": "webhook_not_configured"}
{"ts": "2026-05-25T00:10:02.065884+00:00", "status": "FAIL", "validator_rc": 1, "failed_checks": ["db_guardrails"], "alert_needed": false, "alert_reason": "fail_no_new_signal", "telegram": "not_sent", "webhook": "not_sent"}
{"ts": "2026-05-25T00:15:02.220261+00:00", "status": "FAIL", "validator_rc": 1, "failed_checks": ["db_guardrails"], "alert_needed": false, "alert_reason": "fail_no_new_signal", "telegram": "not_sent", "webhook": "not_sent"}
{"ts": "2026-05-25T00:20:02.047701+00:00", "status": "FAIL", "validator_rc": 1, "failed_checks": ["db_guardrails"], "alert_needed": false, "alert_reason": "fail_no_new_signal", "telegram": "not_sent", "webhook": "not_sent"}
{"ts": "2026-05-25T00:25:02.360658+00:00", "status": "FAIL", "validator_rc": 1, "failed_checks": ["db_guardrails"], "alert_needed": false, "alert_reason": "fail_no_new_signal", "telegram": "not_sent", "webhook": "not_sent"}
{"ts": "2026-05-25T00:30:02.617300+00:00", "status": "FAIL", "validator_rc": 1, "failed_checks": ["db_guardrails"], "alert_needed": false, "alert_reason": "fail_no_new_signal", "telegram": "not_sent", "webhook": "not_sent"}
{"ts": "2026-05-25T00:35:02.372786+00:00", "status": "FAIL", "validator_rc": 1, "failed_checks": ["db_guardrails"], "alert_needed": false, "alert_reason": "fail_no_new_signal", "telegram": "not_sent", "webhook": "not_sent"}
{"ts": "2026-05-25T00:40:02.321946+00:00", "status": "FAIL", "validator_rc": 1, "failed_checks": ["db_guardrails"], "alert_needed": true, "alert_reason": "fail_reminder", "telegram": "ok", "webhook": "webhook_not_configured"}
{"ts": "2026-05-25T00:45:02.341068+00:00", "status": "FAIL", "validator_rc": 1, "failed_checks": ["db_guardrails"], "alert_needed": false, "alert_reason": "fail_no_new_signal", "telegram": "not_sent", "webhook": "not_sent"}
{"ts": "2026-05-25T00:50:02.271538+00:00", "status": "FAIL", "validator_rc": 1, "failed_checks": ["db_guardrails"], "alert_needed": false, "alert_reason": "fail_no_new_signal", "telegram": "not_sent", "webhook": "not_sent"}
{"ts": "2026-05-25T00:55:01.521745+00:00", "status": "FAIL", "validator_rc": 1, "failed_checks": ["db_guardrails"], "alert_needed": false, "alert_reason": "fail_no_new_signal", "telegram": "not_sent", "webhook": "not_sent"}
{"ts": "2026-05-25T01:00:02.904506+00:00", "status": "FAIL", "validator_rc": 1, "failed_checks": ["db_guardrails"], "alert_needed": false, "alert_reason": "fail_no_new_signal", "telegram": "not_sent", "webhook": "not_sent"}
{"ts": "2026-05-25T01:05:02.195024+00:00", "status": "FAIL", "validator_rc": 1, "failed_checks": ["db_guardrails"], "alert_needed": false, "alert_reason": "fail_no_new_signal", "telegram": "not_sent", "webhook": "not_sent"}
{"ts": "2026-05-25T01:10:01.601955+00:00", "status": "FAIL", "validator_rc": 1, "failed_checks": ["db_guardrails"], "alert_needed": false, "alert_reason": "fail_no_new_signal", "telegram": "not_sent", "webhook": "not_sent"}
{"ts": "2026-05-25T01:15:02.871840+00:00", "status": "FAIL", "validator_rc": 1, "failed_checks": ["db_guardrails"], "alert_needed": true, "alert_reason": "fail_reminder", "telegram": "ok", "webhook": "webhook_not_configured"}
{"ts": "2026-05-25T01:20:02.185443+00:00", "status": "FAIL", "validator_rc": 1, "failed_checks": ["db_guardrails"], "alert_needed": false, "alert_reason": "fail_no_new_signal", "telegram": "not_sent", "webhook": "not_sent"}
{"ts": "2026-05-25T01:25:01.985907+00:00", "status": "FAIL", "validator_rc": 1, "failed_checks": ["db_guardrails"], "alert_needed": false, "alert_reason": "fail_no_new_signal", "telegram": "not_sent", "webhook": "not_sent"}
{"ts": "2026-05-25T01:30:02.783736+00:00", "status": "FAIL", "validator_rc": 1, "failed_checks": ["db_guardrails"], "alert_needed": false, "alert_reason": "fail_no_new_signal", "telegram": "not_sent", "webhook": "not_sent"}
{"ts": "2026-05-25T01:35:01.831868+00:00", "status": "FAIL", "validator_rc": 1, "failed_checks": ["db_guardrails"], "alert_needed": false, "alert_reason": "fail_no_new_signal", "telegram": "not_sent", "webhook": "not_sent"}
{"ts": "2026-05-25T01:40:02.700318+00:00", "status": "FAIL", "validator_rc": 1, "failed_checks": ["db_guardrails"], "alert_needed": false, "alert_reason": "fail_no_new_signal", "telegram": "not_sent", "webhook": "not_sent"}
{"ts": "2026-05-25T01:45:02.990258+00:00", "status": "FAIL", "validator_rc": 1, "failed_checks": ["db_guardrails"], "alert_needed": true, "alert_reason": "fail_reminder", "telegram": "ok", "webhook": "webhook_not_configured"}
{"ts": "2026-05-25T01:50:01.822838+00:00", "status": "FAIL", "validator_rc": 1, "failed_checks": ["db_guardrails"], "alert_needed": false, "alert_reason": "fail_no_new_signal", "telegram": "not_sent", "webhook": "not_sent"}
{"ts": "2026-05-25T01:55:02.127064+00:00", "status": "FAIL", "validator_rc": 1, "failed_checks": ["db_guardrails"], "alert_needed": false, "alert_reason": "fail_no_new_signal", "telegram": "not_sent", "webhook": "not_sent"}
{"ts": "2026-05-25T02:00:02.481278+00:00", "status": "FAIL", "validator_rc": 1, "failed_checks": ["db_guardrails"], "alert_needed": false, "alert_reason": "fail_no_new_signal", "telegram": "not_sent", "webhook": "not_sent"}
{"ts": "2026-05-25T02:05:01.447720+00:00", "status": "FAIL", "validator_rc": 1, "failed_checks": ["db_guardrails"], "alert_needed": false, "alert_reason": "fail_no_new_signal", "telegram": "not_sent", "webhook": "not_sent"}
{"ts": "2026-05-25T02:10:02.129748+00:00", "status": "FAIL", "validator_rc": 1, "failed_checks": ["db_guardrails"], "alert_needed": false, "alert_reason": "fail_no_new_signal", "telegram": "not_sent", "webhook": "not_sent"}
{"ts": "2026-05-25T02:15:03.770571+00:00", "status": "FAIL", "validator_rc": 1, "failed_checks": ["db_guardrails"], "alert_needed": true, "alert_reason": "fail_reminder", "telegram": "ok", "webhook": "webhook_not_configured"}
{"ts": "2026-05-25T02:20:01.903276+00:00", "status": "FAIL", "validator_rc": 1, "failed_checks": ["db_guardrails"], "alert_needed": false, "alert_reason": "fail_no_new_signal", "telegram": "not_sent", "webhook": "not_sent"}
{"ts": "2026-05-25T02:25:02.134744+00:00", "status": "FAIL", "validator_rc": 1, "failed_checks": ["db_guardrails"], "alert_needed": false, "alert_reason": "fail_no_new_signal", "telegram": "not_sent", "webhook": "not_sent"}
{"ts": "2026-05-25T02:30:02.383642+00:00", "status": "FAIL", "validator_rc": 1, "failed_checks": ["db_guardrails"], "alert_needed": false, "alert_reason": "fail_no_new_signal", "telegram": "not_sent", "webhook": "not_sent"}
{"ts": "2026-05-25T02:35:02.186953+00:00", "status": "FAIL", "validator_rc": 1, "failed_checks": ["db_guardrails"], "alert_needed": false, "alert_reason": "fail_no_new_signal", "telegram": "not_sent", "webhook": "not_sent"}
{"ts": "2026-05-25T02:40:01.801593+00:00", "status": "FAIL", "validator_rc": 1, "failed_checks": ["db_guardrails"], "alert_needed": false, "alert_reason": "fail_no_new_signal", "telegram": "not_sent", "webhook": "not_sent"}
{"ts": "2026-05-25T02:45:03.960824+00:00", "status": "FAIL", "validator_rc": 1, "failed_checks": ["db_guardrails"], "alert_needed": true, "alert_reason": "fail_reminder", "telegram": "ok", "webhook": "webhook_not_configured"}
{"ts": "2026-05-25T02:50:02.128850+00:00", "status": "FAIL", "validator_rc": 1, "failed_checks": ["db_guardrails"], "alert_needed": false, "alert_reason": "fail_no_new_signal", "telegram": "not_sent", "webhook": "not_sent"}
{"ts": "2026-05-25T02:55:01.803842+00:00", "status": "FAIL", "validator_rc": 1, "failed_checks": ["db_guardrails"], "alert_needed": false, "alert_reason": "fail_no_new_signal", "telegram": "not_sent", "webhook": "not_sent"}
{"ts": "2026-05-25T03:00:02.095077+00:00", "status": "FAIL", "validator_rc": 1, "failed_checks": ["db_guardrails"], "alert_needed": false, "alert_reason": "fail_no_new_signal", "telegram": "not_sent", "webhook": "not_sent"}
{"ts": "2026-05-25T03:05:03.026266+00:00", "status": "FAIL", "validator_rc": 1, "failed_checks": ["db_guardrails"], "alert_needed": false, "alert_reason": "fail_no_new_signal", "telegram": "not_sent", "webhook": "not_sent"}
{"ts": "2026-05-25T03:10:01.436278+00:00", "status": "FAIL", "validator_rc": 1, "failed_checks": ["db_guardrails"], "alert_needed": false, "alert_reason": "fail_no_new_signal", "telegram": "not_sent", "webhook": "not_sent"}
{"ts": "2026-05-25T03:15:01.656491+00:00", "status": "FAIL", "validator_rc": 1, "failed_checks": ["db_guardrails"], "alert_needed": false, "alert_reason": "fail_no_new_signal", "telegram": "not_sent", "webhook": "not_sent"}
{"ts": "2026-05-25T03:20:02.338578+00:00", "status": "FAIL", "validator_rc": 1, "failed_checks": ["db_guardrails"], "alert_needed": true, "alert_reason": "fail_reminder", "telegram": "ok", "webhook": "webhook_not_configured"}
{"ts": "2026-05-25T03:25:02.000716+00:00", "status": "FAIL", "validator_rc": 1, "failed_checks": ["db_guardrails"], "alert_needed": false, "alert_reason": "fail_no_new_signal", "telegram": "not_sent", "webhook": "not_sent"}
{"ts": "2026-05-25T03:30:02.717381+00:00", "status": "FAIL", "validator_rc": 1, "failed_checks": ["db_guardrails"], "alert_needed": false, "alert_reason": "fail_no_new_signal", "telegram": "not_sent", "webhook": "not_sent"}
{"ts": "2026-05-25T03:35:02.161207+00:00", "status": "FAIL", "validator_rc": 1, "failed_checks": ["db_guardrails"], "alert_needed": false, "alert_reason": "fail_no_new_signal", "telegram": "not_sent", "webhook": "not_sent"}
{"ts": "2026-05-25T03:40:01.573863+00:00", "status": "FAIL", "validator_rc": 1, "failed_checks": ["db_guardrails"], "alert_needed": false, "alert_reason": "fail_no_new_signal", "telegram": "not_sent", "webhook": "not_sent"}
{"ts": "2026-05-25T03:45:01.783196+00:00", "status": "FAIL", "validator_rc": 1, "failed_checks": ["db_guardrails"], "alert_needed": false, "alert_reason": "fail_no_new_signal", "telegram": "not_sent", "webhook": "not_sent"}
{"ts": "2026-05-25T03:50:01.692197+00:00", "status": "FAIL", "validator_rc": 1, "failed_checks": ["db_guardrails"], "alert_needed": false, "alert_reason": "fail_no_new_signal", "telegram": "not_sent", "webhook": "not_sent"}
{"ts": "2026-05-25T03:55:02.465319+00:00", "status": "FAIL", "validator_rc": 1, "failed_checks": ["db_guardrails"], "alert_needed": true, "alert_reason": "fail_reminder", "telegram": "ok", "webhook": "webhook_not_configured"}
{"ts": "2026-05-25T04:00:03.327869+00:00", "status": "FAIL", "validator_rc": 1, "failed_checks": ["db_guardrails"], "alert_needed": false, "alert_reason": "fail_no_new_signal", "telegram": "not_sent", "webhook": "not_sent"}
{"ts": "2026-05-25T04:05:02.624519+00:00", "status": "FAIL", "validator_rc": 1, "failed_checks": ["db_guardrails"], "alert_needed": false, "alert_reason": "fail_no_new_signal", "telegram": "not_sent", "webhook": "not_sent"}
{"ts": "2026-05-25T04:10:01.946483+00:00", "status": "FAIL", "validator_rc": 1, "failed_checks": ["db_guardrails"], "alert_needed": false, "alert_reason": "fail_no_new_signal", "telegram": "not_sent", "webhook": "not_sent"}
{"ts": "2026-05-25T04:15:02.639504+00:00", "status": "FAIL", "validator_rc": 1, "failed_checks": ["db_guardrails"], "alert_needed": false, "alert_reason": "fail_no_new_signal", "telegram": "not_sent", "webhook": "not_sent"}
{"ts": "2026-05-25T04:20:01.951527+00:00", "status": "FAIL", "validator_rc": 1, "failed_checks": ["db_guardrails"], "alert_needed": false, "alert_reason": "fail_no_new_signal", "telegram": "not_sent", "webhook": "not_sent"}
{"ts": "2026-05-25T04:25:01.613275+00:00", "status": "FAIL", "validator_rc": 1, "failed_checks": ["db_guardrails"], "alert_needed": false, "alert_reason": "fail_no_new_signal", "telegram": "not_sent", "webhook": "not_sent"}
{"ts": "2026-05-25T04:30:03.701095+00:00", "status": "FAIL", "validator_rc": 1, "failed_checks": ["db_guardrails"], "alert_needed": true, "alert_reason": "fail_reminder", "telegram": "ok", "webhook": "webhook_not_configured"}
{"ts": "2026-05-25T04:35:02.071784+00:00", "status": "FAIL", "validator_rc": 1, "failed_checks": ["db_guardrails"], "alert_needed": false, "alert_reason": "fail_no_new_signal", "telegram": "not_sent", "webhook": "not_sent"}
{"ts": "2026-05-25T04:40:01.744101+00:00", "status": "FAIL", "validator_rc": 1, "failed_checks": ["db_guardrails"], "alert_needed": false, "alert_reason": "fail_no_new_signal", "telegram": "not_sent", "webhook": "not_sent"}
{"ts": "2026-05-25T04:45:02.416797+00:00", "status": "FAIL", "validator_rc": 1, "failed_checks": ["db_guardrails"], "alert_needed": false, "alert_reason": "fail_no_new_signal", "telegram": "not_sent", "webhook": "not_sent"}
{"ts": "2026-05-25T04:50:01.975884+00:00", "status": "FAIL", "validator_rc": 1, "failed_checks": ["db_guardrails"], "alert_needed": false, "alert_reason": "fail_no_new_signal", "telegram": "not_sent", "webhook": "not_sent"}
{"ts": "2026-05-25T04:55:01.835628+00:00", "status": "FAIL", "validator_rc": 1, "failed_checks": ["db_guardrails"], "alert_needed": false, "alert_reason": "fail_no_new_signal", "telegram": "not_sent", "webhook": "not_sent"}
{"ts": "2026-05-25T05:00:02.467180+00:00", "status": "FAIL", "validator_rc": 1, "failed_checks": ["db_guardrails"], "alert_needed": false, "alert_reason": "fail_no_new_signal", "telegram": "not_sent", "webhook": "not_sent"}
{"ts": "2026-05-25T05:05:03.215846+00:00", "status": "FAIL", "validator_rc": 1, "failed_checks": ["db_guardrails"], "alert_needed": true, "alert_reason": "fail_reminder", "telegram": "ok", "webhook": "webhook_not_configured"}
{"ts": "2026-05-25T05:10:02.253886+00:00", "status": "FAIL", "validator_rc": 1, "failed_checks": ["db_guardrails"], "alert_needed": false, "alert_reason": "fail_no_new_signal", "telegram": "not_sent", "webhook": "not_sent"}
{"ts": "2026-05-25T05:15:02.195699+00:00", "status": "FAIL", "validator_rc": 1, "failed_checks": ["db_guardrails"], "alert_needed": false, "alert_reason": "fail_no_new_signal", "telegram": "not_sent", "webhook": "not_sent"}
{"ts": "2026-05-25T05:20:02.337460+00:00", "status": "FAIL", "validator_rc": 1, "failed_checks": ["db_guardrails"], "alert_needed": false, "alert_reason": "fail_no_new_signal", "telegram": "not_sent", "webhook": "not_sent"}
{"ts": "2026-05-25T05:25:02.023336+00:00", "status": "FAIL", "validator_rc": 1, "failed_checks": ["db_guardrails"], "alert_needed": false, "alert_reason": "fail_no_new_signal", "telegram": "not_sent", "webhook": "not_sent"}
{"ts": "2026-05-25T05:30:02.712598+00:00", "status": "FAIL", "validator_rc": 1, "failed_checks": ["db_guardrails"], "alert_needed": false, "alert_reason": "fail_no_new_signal", "telegram": "not_sent", "webhook": "not_sent"}
{"ts": "2026-05-25T05:35:01.721197+00:00", "status": "FAIL", "validator_rc": 1, "failed_checks": ["db_guardrails"], "alert_needed": false, "alert_reason": "fail_no_new_signal", "telegram": "not_sent", "webhook": "not_sent"}
{"ts": "2026-05-25T05:40:02.727701+00:00", "status": "FAIL", "validator_rc": 1, "failed_checks": ["db_guardrails"], "alert_needed": true, "alert_reason": "fail_reminder", "telegram": "ok", "webhook": "webhook_not_configured"}
{"ts": "2026-05-25T05:45:02.128394+00:00", "status": "FAIL", "validator_rc": 1, "failed_checks": ["db_guardrails"], "alert_needed": false, "alert_reason": "fail_no_new_signal", "telegram": "not_sent", "webhook": "not_sent"}
{"ts": "2026-05-25T05:50:01.932360+00:00", "status": "FAIL", "validator_rc": 1, "failed_checks": ["db_guardrails"], "alert_needed": false, "alert_reason": "fail_no_new_signal", "telegram": "not_sent", "webhook": "not_sent"}
{"ts": "2026-05-25T05:55:02.028587+00:00", "status": "FAIL", "validator_rc": 1, "failed_checks": ["db_guardrails"], "alert_needed": false, "alert_reason": "fail_no_new_signal", "telegram": "not_sent", "webhook": "not_sent"}
{"ts": "2026-05-25T06:00:02.522299+00:00", "status": "FAIL", "validator_rc": 1, "failed_checks": ["db_guardrails"], "alert_needed": false, "alert_reason": "fail_no_new_signal", "telegram": "not_sent", "webhook": "not_sent"}
{"ts": "2026-05-25T06:05:02.695728+00:00", "status": "FAIL", "validator_rc": 1, "failed_checks": ["db_guardrails"], "alert_needed": false, "alert_reason": "fail_no_new_signal", "telegram": "not_sent", "webhook": "not_sent"}
{"ts": "2026-05-25T06:10:01.741513+00:00", "status": "FAIL", "validator_rc": 1, "failed_checks": ["db_guardrails"], "alert_needed": false, "alert_reason": "fail_no_new_signal", "telegram": "not_sent", "webhook": "not_sent"}
{"ts": "2026-05-25T06:15:02.625057+00:00", "status": "FAIL", "validator_rc": 1, "failed_checks": ["db_guardrails"], "alert_needed": true, "alert_reason": "fail_reminder", "telegram": "ok", "webhook": "webhook_not_configured"}
{"ts": "2026-05-25T06:20:01.697159+00:00", "status": "FAIL", "validator_rc": 1, "failed_checks": ["db_guardrails"], "alert_needed": false, "alert_reason": "fail_no_new_signal", "telegram": "not_sent", "webhook": "not_sent"}
{"ts": "2026-05-25T06:25:02.759279+00:00", "status": "FAIL", "validator_rc": 1, "failed_checks": ["db_guardrails"], "alert_needed": false, "alert_reason": "fail_no_new_signal", "telegram": "not_sent", "webhook": "not_sent"}
{"ts": "2026-05-25T06:30:02.603251+00:00", "status": "FAIL", "validator_rc": 1, "failed_checks": ["db_guardrails"], "alert_needed": false, "alert_reason": "fail_no_new_signal", "telegram": "not_sent", "webhook": "not_sent"}
{"ts": "2026-05-25T06:35:01.727309+00:00", "status": "FAIL", "validator_rc": 1, "failed_checks": ["db_guardrails"], "alert_needed": false, "alert_reason": "fail_no_new_signal", "telegram": "not_sent", "webhook": "not_sent"}
{"ts": "2026-05-25T06:40:01.857820+00:00", "status": "FAIL", "validator_rc": 1, "failed_checks": ["db_guardrails"], "alert_needed": false, "alert_reason": "fail_no_new_signal", "telegram": "not_sent", "webhook": "not_sent"}
{"ts": "2026-05-25T06:45:02.014930+00:00", "status": "FAIL", "validator_rc": 1, "failed_checks": ["db_guardrails"], "alert_needed": false, "alert_reason": "fail_no_new_signal", "telegram": "not_sent", "webhook": "not_sent"}
{"ts": "2026-05-25T06:50:02.440636+00:00", "status": "FAIL", "validator_rc": 1, "failed_checks": ["db_guardrails"], "alert_needed": true, "alert_reason": "fail_reminder", "telegram": "ok", "webhook": "webhook_not_configured"}
{"ts": "2026-05-25T06:55:02.039528+00:00", "status": "FAIL", "validator_rc": 1, "failed_checks": ["db_guardrails"], "alert_needed": false, "alert_reason": "fail_no_new_signal", "telegram": "not_sent", "webhook": "not_sent"}
{"ts": "2026-05-25T07:00:02.620141+00:00", "status": "FAIL", "validator_rc": 1, "failed_checks": ["db_guardrails"], "alert_needed": false, "alert_reason": "fail_no_new_signal", "telegram": "not_sent", "webhook": "not_sent"}
{"ts": "2026-05-25T07:05:02.398778+00:00", "status": "FAIL", "validator_rc": 1, "failed_checks": ["db_guardrails"], "alert_needed": false, "alert_reason": "fail_no_new_signal", "telegram": "not_sent", "webhook": "not_sent"}
{"ts": "2026-05-25T07:10:01.850406+00:00", "status": "FAIL", "validator_rc": 1, "failed_checks": ["db_guardrails"], "alert_needed": false, "alert_reason": "fail_no_new_signal", "telegram": "not_sent", "webhook": "not_sent"}
{"ts": "2026-05-25T07:15:02.470784+00:00", "status": "FAIL", "validator_rc": 1, "failed_checks": ["db_guardrails"], "alert_needed": false, "alert_reason": "fail_no_new_signal", "telegram": "not_sent", "webhook": "not_sent"}
{"ts": "2026-05-25T07:20:01.427836+00:00", "status": "FAIL", "validator_rc": 1, "failed_checks": ["db_guardrails"], "alert_needed": false, "alert_reason": "fail_no_new_signal", "telegram": "not_sent", "webhook": "not_sent"}
{"ts": "2026-05-25T07:25:02.145336+00:00", "status": "FAIL", "validator_rc": 1, "failed_checks": ["db_guardrails"], "alert_needed": true, "alert_reason": "fail_reminder", "telegram": "ok", "webhook": "webhook_not_configured"}
{"ts": "2026-05-25T07:30:02.321984+00:00", "status": "FAIL", "validator_rc": 1, "failed_checks": ["db_guardrails"], "alert_needed": false, "alert_reason": "fail_no_new_signal", "telegram": "not_sent", "webhook": "not_sent"}
{"ts": "2026-05-25T07:35:01.705154+00:00", "status": "FAIL", "validator_rc": 1, "failed_checks": ["db_guardrails"], "alert_needed": false, "alert_reason": "fail_no_new_signal", "telegram": "not_sent", "webhook": "not_sent"}
{"ts": "2026-05-25T07:40:01.676077+00:00", "status": "FAIL", "validator_rc": 1, "failed_checks": ["db_guardrails"], "alert_needed": false, "alert_reason": "fail_no_new_signal", "telegram": "not_sent", "webhook": "not_sent"}
{"ts": "2026-05-25T07:45:02.349492+00:00", "status": "FAIL", "validator_rc": 1, "failed_checks": ["db_guardrails"], "alert_needed": false, "alert_reason": "fail_no_new_signal", "telegram": "not_sent", "webhook": "not_sent"}
{"ts": "2026-05-25T07:50:02.485518+00:00", "status": "FAIL", "validator_rc": 1, "failed_checks": ["db_guardrails"], "alert_needed": false, "alert_reason": "fail_no_new_signal", "telegram": "not_sent", "webhook": "not_sent"}
{"ts": "2026-05-25T07:55:01.622614+00:00", "status": "FAIL", "validator_rc": 1, "failed_checks": ["db_guardrails"], "alert_needed": false, "alert_reason": "fail_no_new_signal", "telegram": "not_sent", "webhook": "not_sent"}
{"ts": "2026-05-25T08:00:03.630086+00:00", "status": "FAIL", "validator_rc": 1, "failed_checks": ["db_guardrails"], "alert_needed": true, "alert_reason": "fail_reminder", "telegram": "ok", "webhook": "webhook_not_configured"}
{"ts": "2026-05-25T08:05:01.726790+00:00", "status": "FAIL", "validator_rc": 1, "failed_checks": ["db_guardrails"], "alert_needed": false, "alert_reason": "fail_no_new_signal", "telegram": "not_sent", "webhook": "not_sent"}
{"ts": "2026-05-25T08:10:01.882642+00:00", "status": "FAIL", "validator_rc": 1, "failed_checks": ["db_guardrails"], "alert_needed": false, "alert_reason": "fail_no_new_signal", "telegram": "not_sent", "webhook": "not_sent"}
{"ts": "2026-05-25T08:15:02.574775+00:00", "status": "FAIL", "validator_rc": 1, "failed_checks": ["db_guardrails"], "alert_needed": false, "alert_reason": "fail_no_new_signal", "telegram": "not_sent", "webhook": "not_sent"}
{"ts": "2026-05-25T08:20:01.648856+00:00", "status": "FAIL", "validator_rc": 1, "failed_checks": ["db_guardrails"], "alert_needed": false, "alert_reason": "fail_no_new_signal", "telegram": "not_sent", "webhook": "not_sent"}
{"ts": "2026-05-25T08:25:02.007690+00:00", "status": "FAIL", "validator_rc": 1, "failed_checks": ["db_guardrails"], "alert_needed": false, "alert_reason": "fail_no_new_signal", "telegram": "not_sent", "webhook": "not_sent"}
{"ts": "2026-05-25T08:30:03.144397+00:00", "status": "FAIL", "validator_rc": 1, "failed_checks": ["db_guardrails"], "alert_needed": false, "alert_reason": "fail_no_new_signal", "telegram": "not_sent", "webhook": "not_sent"}
{"ts": "2026-05-25T08:35:02.685847+00:00", "status": "FAIL", "validator_rc": 1, "failed_checks": ["db_guardrails"], "alert_needed": true, "alert_reason": "fail_reminder", "telegram": "ok", "webhook": "webhook_not_configured"}
{"ts": "2026-05-25T08:40:01.695133+00:00", "status": "FAIL", "validator_rc": 1, "failed_checks": ["db_guardrails"], "alert_needed": false, "alert_reason": "fail_no_new_signal", "telegram": "not_sent", "webhook": "not_sent"}
{"ts": "2026-05-25T08:45:02.027607+00:00", "status": "FAIL", "validator_rc": 1, "failed_checks": ["db_guardrails"], "alert_needed": false, "alert_reason": "fail_no_new_signal", "telegram": "not_sent", "webhook": "not_sent"}
{"ts": "2026-05-25T08:50:01.969882+00:00", "status": "FAIL", "validator_rc": 1, "failed_checks": ["db_guardrails"], "alert_needed": false, "alert_reason": "fail_no_new_signal", "telegram": "not_sent", "webhook": "not_sent"}
{"ts": "2026-05-25T08:55:01.918259+00:00", "status": "FAIL", "validator_rc": 1, "failed_checks": ["db_guardrails"], "alert_needed": false, "alert_reason": "fail_no_new_signal", "telegram": "not_sent", "webhook": "not_sent"}
{"ts": "2026-05-25T09:00:02.167726+00:00", "status": "FAIL", "validator_rc": 1, "failed_checks": ["db_guardrails"], "alert_needed": false, "alert_reason": "fail_no_new_signal", "telegram": "not_sent", "webhook": "not_sent"}
{"ts": "2026-05-25T09:05:02.918520+00:00", "status": "FAIL", "validator_rc": 1, "failed_checks": ["db_guardrails"], "alert_needed": true, "alert_reason": "fail_reminder", "telegram": "ok", "webhook": "webhook_not_configured"}
{"ts": "2026-05-25T09:10:01.878609+00:00", "status": "FAIL", "validator_rc": 1, "failed_checks": ["db_guardrails"], "alert_needed": false, "alert_reason": "fail_no_new_signal", "telegram": "not_sent", "webhook": "not_sent"}
{"ts": "2026-05-25T09:15:02.338135+00:00", "status": "FAIL", "validator_rc": 1, "failed_checks": ["db_guardrails"], "alert_needed": false, "alert_reason": "fail_no_new_signal", "telegram": "not_sent", "webhook": "not_sent"}
{"ts": "2026-05-25T09:20:02.346891+00:00", "status": "FAIL", "validator_rc": 1, "failed_checks": ["db_guardrails"], "alert_needed": false, "alert_reason": "fail_no_new_signal", "telegram": "not_sent", "webhook": "not_sent"}
{"ts": "2026-05-25T09:25:01.811880+00:00", "status": "FAIL", "validator_rc": 1, "failed_checks": ["db_guardrails"], "alert_needed": false, "alert_reason": "fail_no_new_signal", "telegram": "not_sent", "webhook": "not_sent"}
{"ts": "2026-05-25T09:30:02.412336+00:00", "status": "FAIL", "validator_rc": 1, "failed_checks": ["db_guardrails"], "alert_needed": false, "alert_reason": "fail_no_new_signal", "telegram": "not_sent", "webhook": "not_sent"}
{"ts": "2026-05-25T09:35:02.187770+00:00", "status": "FAIL", "validator_rc": 1, "failed_checks": ["db_guardrails"], "alert_needed": false, "alert_reason": "fail_no_new_signal", "telegram": "not_sent", "webhook": "not_sent"}
{"ts": "2026-05-25T09:40:02.557029+00:00", "status": "FAIL", "validator_rc": 1, "failed_checks": ["db_guardrails"], "alert_needed": true, "alert_reason": "fail_reminder", "telegram": "ok", "webhook": "webhook_not_configured"}
{"ts": "2026-05-25T09:45:02.166941+00:00", "status": "FAIL", "validator_rc": 1, "failed_checks": ["db_guardrails"], "alert_needed": false, "alert_reason": "fail_no_new_signal", "telegram": "not_sent", "webhook": "not_sent"}
{"ts": "2026-05-25T09:50:02.355912+00:00", "status": "FAIL", "validator_rc": 1, "failed_checks": ["db_guardrails"], "alert_needed": false, "alert_reason": "fail_no_new_signal", "telegram": "not_sent", "webhook": "not_sent"}
{"ts": "2026-05-25T09:55:01.881640+00:00", "status": "FAIL", "validator_rc": 1, "failed_checks": ["db_guardrails"], "alert_needed": false, "alert_reason": "fail_no_new_signal", "telegram": "not_sent", "webhook": "not_sent"}
{"ts": "2026-05-25T10:00:02.739128+00:00", "status": "FAIL", "validator_rc": 1, "failed_checks": ["db_guardrails"], "alert_needed": false, "alert_reason": "fail_no_new_signal", "telegram": "not_sent", "webhook": "not_sent"}
{"ts": "2026-05-25T10:05:01.679985+00:00", "status": "FAIL", "validator_rc": 1, "failed_checks": ["db_guardrails"], "alert_needed": false, "alert_reason": "fail_no_new_signal", "telegram": "not_sent", "webhook": "not_sent"}
{"ts": "2026-05-25T10:10:02.576953+00:00", "status": "FAIL", "validator_rc": 1, "failed_checks": ["db_guardrails"], "alert_needed": true, "alert_reason": "fail_reminder", "telegram": "ok", "webhook": "webhook_not_configured"}
{"ts": "2026-05-25T10:15:02.197669+00:00", "status": "FAIL", "validator_rc": 1, "failed_checks": ["db_guardrails"], "alert_needed": false, "alert_reason": "fail_no_new_signal", "telegram": "not_sent", "webhook": "not_sent"}
{"ts": "2026-05-25T10:20:01.755812+00:00", "status": "FAIL", "validator_rc": 1, "failed_checks": ["db_guardrails"], "alert_needed": false, "alert_reason": "fail_no_new_signal", "telegram": "not_sent", "webhook": "not_sent"}
{"ts": "2026-05-25T10:25:02.009480+00:00", "status": "FAIL", "validator_rc": 1, "failed_checks": ["db_guardrails"], "alert_needed": false, "alert_reason": "fail_no_new_signal", "telegram": "not_sent", "webhook": "not_sent"}
{"ts": "2026-05-25T10:30:02.636572+00:00", "status": "FAIL", "validator_rc": 1, "failed_checks": ["db_guardrails"], "alert_needed": false, "alert_reason": "fail_no_new_signal", "telegram": "not_sent", "webhook": "not_sent"}
{"ts": "2026-05-25T10:35:02.509039+00:00", "status": "FAIL", "validator_rc": 1, "failed_checks": ["db_guardrails"], "alert_needed": false, "alert_reason": "fail_no_new_signal", "telegram": "not_sent", "webhook": "not_sent"}
{"ts": "2026-05-25T10:40:01.932597+00:00", "status": "FAIL", "validator_rc": 1, "failed_checks": ["db_guardrails"], "alert_needed": false, "alert_reason": "fail_no_new_signal", "telegram": "not_sent", "webhook": "not_sent"}
{"ts": "2026-05-25T10:45:02.744339+00:00", "status": "FAIL", "validator_rc": 1, "failed_checks": ["db_guardrails"], "alert_needed": true, "alert_reason": "fail_reminder", "telegram": "ok", "webhook": "webhook_not_configured"}
{"ts": "2026-05-25T10:50:01.849451+00:00", "status": "FAIL", "validator_rc": 1, "failed_checks": ["db_guardrails"], "alert_needed": false, "alert_reason": "fail_no_new_signal", "telegram": "not_sent", "webhook": "not_sent"}
{"ts": "2026-05-25T10:55:02.193449+00:00", "status": "FAIL", "validator_rc": 1, "failed_checks": ["db_guardrails"], "alert_needed": false, "alert_reason": "fail_no_new_signal", "telegram": "not_sent", "webhook": "not_sent"}
{"ts": "2026-05-25T11:00:03.108282+00:00", "status": "FAIL", "validator_rc": 1, "failed_checks": ["db_guardrails"], "alert_needed": false, "alert_reason": "fail_no_new_signal", "telegram": "not_sent", "webhook": "not_sent"}
{"ts": "2026-05-25T11:05:01.940830+00:00", "status": "FAIL", "validator_rc": 1, "failed_checks": ["db_guardrails"], "alert_needed": false, "alert_reason": "fail_no_new_signal", "telegram": "not_sent", "webhook": "not_sent"}
{"ts": "2026-05-25T11:10:01.365823+00:00", "status": "FAIL", "validator_rc": 1, "failed_checks": ["db_guardrails"], "alert_needed": false, "alert_reason": "fail_no_new_signal", "telegram": "not_sent", "webhook": "not_sent"}
{"ts": "2026-05-25T11:15:03.083727+00:00", "status": "FAIL", "validator_rc": 1, "failed_checks": ["db_guardrails"], "alert_needed": true, "alert_reason": "fail_reminder", "telegram": "ok", "webhook": "webhook_not_configured"}
{"ts": "2026-05-25T11:20:02.157308+00:00", "status": "FAIL", "validator_rc": 1, "failed_checks": ["db_guardrails"], "alert_needed": false, "alert_reason": "fail_no_new_signal", "telegram": "not_sent", "webhook": "not_sent"}
{"ts": "2026-05-25T11:25:01.440944+00:00", "status": "FAIL", "validator_rc": 1, "failed_checks": ["db_guardrails"], "alert_needed": false, "alert_reason": "fail_no_new_signal", "telegram": "not_sent", "webhook": "not_sent"}
{"ts": "2026-05-25T11:30:02.865634+00:00", "status": "FAIL", "validator_rc": 1, "failed_checks": ["db_guardrails"], "alert_needed": false, "alert_reason": "fail_no_new_signal", "telegram": "not_sent", "webhook": "not_sent"}
{"ts": "2026-05-25T11:35:02.134914+00:00", "status": "FAIL", "validator_rc": 1, "failed_checks": ["db_guardrails"], "alert_needed": false, "alert_reason": "fail_no_new_signal", "telegram": "not_sent", "webhook": "not_sent"}
{"ts": "2026-05-25T11:40:01.688248+00:00", "status": "FAIL", "validator_rc": 1, "failed_checks": ["db_guardrails"], "alert_needed": false, "alert_reason": "fail_no_new_signal", "telegram": "not_sent", "webhook": "not_sent"}
{"ts": "2026-05-25T11:45:02.610628+00:00", "status": "FAIL", "validator_rc": 1, "failed_checks": ["db_guardrails"], "alert_needed": false, "alert_reason": "fail_no_new_signal", "telegram": "not_sent", "webhook": "not_sent"}
{"ts": "2026-05-25T11:50:02.960818+00:00", "status": "FAIL", "validator_rc": 1, "failed_checks": ["db_guardrails"], "alert_needed": true, "alert_reason": "fail_reminder", "telegram": "ok", "webhook": "webhook_not_configured"}
{"ts": "2026-05-25T11:55:01.725537+00:00", "status": "FAIL", "validator_rc": 1, "failed_checks": ["db_guardrails"], "alert_needed": false, "alert_reason": "fail_no_new_signal", "telegram": "not_sent", "webhook": "not_sent"}
{"ts": "2026-05-25T12:00:02.310932+00:00", "status": "FAIL", "validator_rc": 1, "failed_checks": ["db_guardrails"], "alert_needed": false, "alert_reason": "fail_no_new_signal", "telegram": "not_sent", "webhook": "not_sent"}
{"ts": "2026-05-25T12:05:02.214551+00:00", "status": "FAIL", "validator_rc": 1, "failed_checks": ["db_guardrails"], "alert_needed": false, "alert_reason": "fail_no_new_signal", "telegram": "not_sent", "webhook": "not_sent"}
{"ts": "2026-05-25T12:10:01.957497+00:00", "status": "FAIL", "validator_rc": 1, "failed_checks": ["db_guardrails"], "alert_needed": false, "alert_reason": "fail_no_new_signal", "telegram": "not_sent", "webhook": "not_sent"}
{"ts": "2026-05-25T12:15:02.941018+00:00", "status": "FAIL", "validator_rc": 1, "failed_checks": ["db_guardrails"], "alert_needed": false, "alert_reason": "fail_no_new_signal", "telegram": "not_sent", "webhook": "not_sent"}
{"ts": "2026-05-25T12:20:02.231496+00:00", "status": "FAIL", "validator_rc": 1, "failed_checks": ["db_guardrails"], "alert_needed": false, "alert_reason": "fail_no_new_signal", "telegram": "not_sent", "webhook": "not_sent"}
{"ts": "2026-05-25T12:25:02.541028+00:00", "status": "FAIL", "validator_rc": 1, "failed_checks": ["db_guardrails"], "alert_needed": true, "alert_reason": "fail_reminder", "telegram": "ok", "webhook": "webhook_not_configured"}
{"ts": "2026-05-25T12:30:02.341014+00:00", "status": "FAIL", "validator_rc": 1, "failed_checks": ["db_guardrails"], "alert_needed": false, "alert_reason": "fail_no_new_signal", "telegram": "not_sent", "webhook": "not_sent"}
{"ts": "2026-05-25T12:35:02.104913+00:00", "status": "FAIL", "validator_rc": 1, "failed_checks": ["db_guardrails"], "alert_needed": false, "alert_reason": "fail_no_new_signal", "telegram": "not_sent", "webhook": "not_sent"}
{"ts": "2026-05-25T12:40:02.032804+00:00", "status": "FAIL", "validator_rc": 1, "failed_checks": ["db_guardrails"], "alert_needed": false, "alert_reason": "fail_no_new_signal", "telegram": "not_sent", "webhook": "not_sent"}
{"ts": "2026-05-25T12:45:02.311246+00:00", "status": "FAIL", "validator_rc": 1, "failed_checks": ["db_guardrails"], "alert_needed": false, "alert_reason": "fail_no_new_signal", "telegram": "not_sent", "webhook": "not_sent"}
{"ts": "2026-05-25T12:50:01.663800+00:00", "status": "FAIL", "validator_rc": 1, "failed_checks": ["db_guardrails"], "alert_needed": false, "alert_reason": "fail_no_new_signal", "telegram": "not_sent", "webhook": "not_sent"}
{"ts": "2026-05-25T12:55:01.818121+00:00", "status": "FAIL", "validator_rc": 1, "failed_checks": ["db_guardrails"], "alert_needed": false, "alert_reason": "fail_no_new_signal", "telegram": "not_sent", "webhook": "not_sent"}
{"ts": "2026-05-25T13:00:03.288465+00:00", "status": "FAIL", "validator_rc": 1, "failed_checks": ["db_guardrails"], "alert_needed": true, "alert_reason": "fail_reminder", "telegram": "ok", "webhook": "webhook_not_configured"}
{"ts": "2026-05-25T13:05:01.459518+00:00", "status": "FAIL", "validator_rc": 1, "failed_checks": ["db_guardrails"], "alert_needed": false, "alert_reason": "fail_no_new_signal", "telegram": "not_sent", "webhook": "not_sent"}
{"ts": "2026-05-25T13:10:01.873181+00:00", "status": "FAIL", "validator_rc": 1, "failed_checks": ["db_guardrails"], "alert_needed": false, "alert_reason": "fail_no_new_signal", "telegram": "not_sent", "webhook": "not_sent"}
{"ts": "2026-05-25T13:15:02.114260+00:00", "status": "FAIL", "validator_rc": 1, "failed_checks": ["db_guardrails"], "alert_needed": false, "alert_reason": "fail_no_new_signal", "telegram": "not_sent", "webhook": "not_sent"}
{"ts": "2026-05-25T13:20:02.231181+00:00", "status": "FAIL", "validator_rc": 1, "failed_checks": ["db_guardrails"], "alert_needed": false, "alert_reason": "fail_no_new_signal", "telegram": "not_sent", "webhook": "not_sent"}
{"ts": "2026-05-25T13:25:02.020769+00:00", "status": "FAIL", "validator_rc": 1, "failed_checks": ["db_guardrails"], "alert_needed": false, "alert_reason": "fail_no_new_signal", "telegram": "not_sent", "webhook": "not_sent"}
{"ts": "2026-05-25T13:30:02.267668+00:00", "status": "FAIL", "validator_rc": 1, "failed_checks": ["db_guardrails"], "alert_needed": false, "alert_reason": "fail_no_new_signal", "telegram": "not_sent", "webhook": "not_sent"}
{"ts": "2026-05-25T13:35:02.697170+00:00", "status": "FAIL", "validator_rc": 1, "failed_checks": ["db_guardrails"], "alert_needed": true, "alert_reason": "fail_reminder", "telegram": "ok", "webhook": "webhook_not_configured"}
{"ts": "2026-05-25T13:40:02.000284+00:00", "status": "FAIL", "validator_rc": 1, "failed_checks": ["db_guardrails"], "alert_needed": false, "alert_reason": "fail_no_new_signal", "telegram": "not_sent", "webhook": "not_sent"}
{"ts": "2026-05-25T13:45:02.837571+00:00", "status": "FAIL", "validator_rc": 1, "failed_checks": ["db_guardrails"], "alert_needed": false, "alert_reason": "fail_no_new_signal", "telegram": "not_sent", "webhook": "not_sent"}
{"ts": "2026-05-25T13:50:01.648142+00:00", "status": "FAIL", "validator_rc": 1, "failed_checks": ["db_guardrails"], "alert_needed": false, "alert_reason": "fail_no_new_signal", "telegram": "not_sent", "webhook": "not_sent"}
{"ts": "2026-05-25T13:55:02.377807+00:00", "status": "FAIL", "validator_rc": 1, "failed_checks": ["db_guardrails"], "alert_needed": false, "alert_reason": "fail_no_new_signal", "telegram": "not_sent", "webhook": "not_sent"}
{"ts": "2026-05-25T14:00:02.734087+00:00", "status": "FAIL", "validator_rc": 1, "failed_checks": ["db_guardrails"], "alert_needed": false, "alert_reason": "fail_no_new_signal", "telegram": "not_sent", "webhook": "not_sent"}
{"ts": "2026-05-25T14:05:03.343648+00:00", "status": "FAIL", "validator_rc": 1, "failed_checks": ["db_guardrails"], "alert_needed": true, "alert_reason": "fail_reminder", "telegram": "ok", "webhook": "webhook_not_configured"}
{"ts": "2026-05-25T14:10:02.684304+00:00", "status": "FAIL", "validator_rc": 1, "failed_checks": ["db_guardrails"], "alert_needed": false, "alert_reason": "fail_no_new_signal", "telegram": "not_sent", "webhook": "not_sent"}
{"ts": "2026-05-25T14:15:02.558988+00:00", "status": "FAIL", "validator_rc": 1, "failed_checks": ["db_guardrails"], "alert_needed": false, "alert_reason": "fail_no_new_signal", "telegram": "not_sent", "webhook": "not_sent"}
{"ts": "2026-05-25T14:20:01.660621+00:00", "status": "FAIL", "validator_rc": 1, "failed_checks": ["db_guardrails"], "alert_needed": false, "alert_reason": "fail_no_new_signal", "telegram": "not_sent", "webhook": "not_sent"}
{"ts": "2026-05-25T14:25:02.101861+00:00", "status": "FAIL", "validator_rc": 1, "failed_checks": ["db_guardrails"], "alert_needed": false, "alert_reason": "fail_no_new_signal", "telegram": "not_sent", "webhook": "not_sent"}
{"ts": "2026-05-25T14:30:02.314809+00:00", "status": "FAIL", "validator_rc": 1, "failed_checks": ["db_guardrails"], "alert_needed": false, "alert_reason": "fail_no_new_signal", "telegram": "not_sent", "webhook": "not_sent"}
{"ts": "2026-05-25T14:35:02.748864+00:00", "status": "FAIL", "validator_rc": 1, "failed_checks": ["db_guardrails"], "alert_needed": false, "alert_reason": "fail_no_new_signal", "telegram": "not_sent", "webhook": "not_sent"}
{"ts": "2026-05-25T14:40:02.180832+00:00", "status": "FAIL", "validator_rc": 1, "failed_checks": ["db_guardrails"], "alert_needed": true, "alert_reason": "fail_reminder", "telegram": "ok", "webhook": "webhook_not_configured"}
{"ts": "2026-05-25T14:45:02.242036+00:00", "status": "FAIL", "validator_rc": 1, "failed_checks": ["db_guardrails"], "alert_needed": false, "alert_reason": "fail_no_new_signal", "telegram": "not_sent", "webhook": "not_sent"}
{"ts": "2026-05-25T14:50:02.325471+00:00", "status": "FAIL", "validator_rc": 1, "failed_checks": ["db_guardrails"], "alert_needed": false, "alert_reason": "fail_no_new_signal", "telegram": "not_sent", "webhook": "not_sent"}
{"ts": "2026-05-25T14:55:02.012155+00:00", "status": "FAIL", "validator_rc": 1, "failed_checks": ["db_guardrails"], "alert_needed": false, "alert_reason": "fail_no_new_signal", "telegram": "not_sent", "webhook": "not_sent"}
{"ts": "2026-05-25T15:00:02.788478+00:00", "status": "FAIL", "validator_rc": 1, "failed_checks": ["db_guardrails"], "alert_needed": false, "alert_reason": "fail_no_new_signal", "telegram": "not_sent", "webhook": "not_sent"}
{"ts": "2026-05-25T15:05:02.493727+00:00", "status": "FAIL", "validator_rc": 1, "failed_checks": ["db_guardrails"], "alert_needed": false, "alert_reason": "fail_no_new_signal", "telegram": "not_sent", "webhook": "not_sent"}
{"ts": "2026-05-25T15:10:02.431796+00:00", "status": "FAIL", "validator_rc": 1, "failed_checks": ["db_guardrails"], "alert_needed": true, "alert_reason": "fail_reminder", "telegram": "ok", "webhook": "webhook_not_configured"}
{"ts": "2026-05-25T15:15:02.109863+00:00", "status": "FAIL", "validator_rc": 1, "failed_checks": ["db_guardrails"], "alert_needed": false, "alert_reason": "fail_no_new_signal", "telegram": "not_sent", "webhook": "not_sent"}
{"ts": "2026-05-25T15:20:02.135475+00:00", "status": "FAIL", "validator_rc": 1, "failed_checks": ["db_guardrails"], "alert_needed": false, "alert_reason": "fail_no_new_signal", "telegram": "not_sent", "webhook": "not_sent"}
{"ts": "2026-05-25T15:25:02.403090+00:00", "status": "FAIL", "validator_rc": 1, "failed_checks": ["db_guardrails"], "alert_needed": false, "alert_reason": "fail_no_new_signal", "telegram": "not_sent", "webhook": "not_sent"}
{"ts": "2026-05-25T15:30:02.923024+00:00", "status": "FAIL", "validator_rc": 1, "failed_checks": ["db_guardrails"], "alert_needed": false, "alert_reason": "fail_no_new_signal", "telegram": "not_sent", "webhook": "not_sent"}
{"ts": "2026-05-25T15:35:02.683451+00:00", "status": "FAIL", "validator_rc": 1, "failed_checks": ["db_guardrails"], "alert_needed": false, "alert_reason": "fail_no_new_signal", "telegram": "not_sent", "webhook": "not_sent"}
{"ts": "2026-05-25T15:40:02.755795+00:00", "status": "FAIL", "validator_rc": 1, "failed_checks": ["db_guardrails"], "alert_needed": true, "alert_reason": "fail_reminder", "telegram": "ok", "webhook": "webhook_not_configured"}
{"ts": "2026-05-25T15:45:02.757257+00:00", "status": "FAIL", "validator_rc": 1, "failed_checks": ["db_guardrails"], "alert_needed": false, "alert_reason": "fail_no_new_signal", "telegram": "not_sent", "webhook": "not_sent"}
{"ts": "2026-05-25T15:50:02.134542+00:00", "status": "FAIL", "validator_rc": 1, "failed_checks": ["db_guardrails"], "alert_needed": false, "alert_reason": "fail_no_new_signal", "telegram": "not_sent", "webhook": "not_sent"}
{"ts": "2026-05-25T15:55:01.703862+00:00", "status": "FAIL", "validator_rc": 1, "failed_checks": ["db_guardrails"], "alert_needed": false, "alert_reason": "fail_no_new_signal", "telegram": "not_sent", "webhook": "not_sent"}
{"ts": "2026-05-25T16:00:02.452384+00:00", "status": "FAIL", "validator_rc": 1, "failed_checks": ["db_guardrails"], "alert_needed": false, "alert_reason": "fail_no_new_signal", "telegram": "not_sent", "webhook": "not_sent"}
{"ts": "2026-05-25T16:05:02.410170+00:00", "status": "FAIL", "validator_rc": 1, "failed_checks": ["db_guardrails"], "alert_needed": false, "alert_reason": "fail_no_new_signal", "telegram": "not_sent", "webhook": "not_sent"}
{"ts": "2026-05-25T16:10:01.709401+00:00", "status": "FAIL", "validator_rc": 1, "failed_checks": ["db_guardrails"], "alert_needed": false, "alert_reason": "fail_no_new_signal", "telegram": "not_sent", "webhook": "not_sent"}
{"ts": "2026-05-25T16:15:03.130094+00:00", "status": "FAIL", "validator_rc": 1, "failed_checks": ["db_guardrails"], "alert_needed": true, "alert_reason": "fail_reminder", "telegram": "ok", "webhook": "webhook_not_configured"}
{"ts": "2026-05-25T16:20:02.415887+00:00", "status": "FAIL", "validator_rc": 1, "failed_checks": ["db_guardrails"], "alert_needed": false, "alert_reason": "fail_no_new_signal", "telegram": "not_sent", "webhook": "not_sent"}
{"ts": "2026-05-25T16:25:02.397859+00:00", "status": "FAIL", "validator_rc": 1, "failed_checks": ["db_guardrails"], "alert_needed": false, "alert_reason": "fail_no_new_signal", "telegram": "not_sent", "webhook": "not_sent"}
{"ts": "2026-05-25T16:30:03.250706+00:00", "status": "FAIL", "validator_rc": 1, "failed_checks": ["db_guardrails"], "alert_needed": false, "alert_reason": "fail_no_new_signal", "telegram": "not_sent", "webhook": "not_sent"}
{"ts": "2026-05-25T16:35:02.221968+00:00", "status": "FAIL", "validator_rc": 1, "failed_checks": ["db_guardrails"], "alert_needed": false, "alert_reason": "fail_no_new_signal", "telegram": "not_sent", "webhook": "not_sent"}
{"ts": "2026-05-25T16:40:01.710281+00:00", "status": "FAIL", "validator_rc": 1, "failed_checks": ["db_guardrails"], "alert_needed": false, "alert_reason": "fail_no_new_signal", "telegram": "not_sent", "webhook": "not_sent"}
{"ts": "2026-05-25T16:45:03.719183+00:00", "status": "FAIL", "validator_rc": 1, "failed_checks": ["db_guardrails"], "alert_needed": true, "alert_reason": "fail_reminder", "telegram": "ok", "webhook": "webhook_not_configured"}
{"ts": "2026-05-25T16:50:01.830519+00:00", "status": "FAIL", "validator_rc": 1, "failed_checks": ["db_guardrails"], "alert_needed": false, "alert_reason": "fail_no_new_signal", "telegram": "not_sent", "webhook": "not_sent"}
{"ts": "2026-05-25T16:55:01.712181+00:00", "status": "FAIL", "validator_rc": 1, "failed_checks": ["db_guardrails"], "alert_needed": false, "alert_reason": "fail_no_new_signal", "telegram": "not_sent", "webhook": "not_sent"}
{"ts": "2026-05-25T17:00:02.308465+00:00", "status": "FAIL", "validator_rc": 1, "failed_checks": ["db_guardrails"], "alert_needed": false, "alert_reason": "fail_no_new_signal", "telegram": "not_sent", "webhook": "not_sent"}
{"ts": "2026-05-25T17:05:02.601075+00:00", "status": "FAIL", "validator_rc": 1, "failed_checks": ["db_guardrails"], "alert_needed": false, "alert_reason": "fail_no_new_signal", "telegram": "not_sent", "webhook": "not_sent"}
{"ts": "2026-05-25T17:10:02.549965+00:00", "status": "FAIL", "validator_rc": 1, "failed_checks": ["db_guardrails"], "alert_needed": false, "alert_reason": "fail_no_new_signal", "telegram": "not_sent", "webhook": "not_sent"}
{"ts": "2026-05-25T17:15:02.252809+00:00", "status": "FAIL", "validator_rc": 1, "failed_checks": ["db_guardrails"], "alert_needed": false, "alert_reason": "fail_no_new_signal", "telegram": "not_sent", "webhook": "not_sent"}
{"ts": "2026-05-25T17:20:02.992348+00:00", "status": "FAIL", "validator_rc": 1, "failed_checks": ["db_guardrails"], "alert_needed": true, "alert_reason": "fail_reminder", "telegram": "ok", "webhook": "webhook_not_configured"}
{"ts": "2026-05-25T17:25:02.651763+00:00", "status": "FAIL", "validator_rc": 1, "failed_checks": ["db_guardrails"], "alert_needed": false, "alert_reason": "fail_no_new_signal", "telegram": "not_sent", "webhook": "not_sent"}
{"ts": "2026-05-25T17:30:03.238705+00:00", "status": "FAIL", "validator_rc": 1, "failed_checks": ["db_guardrails"], "alert_needed": false, "alert_reason": "fail_no_new_signal", "telegram": "not_sent", "webhook": "not_sent"}
{"ts": "2026-05-25T17:35:02.017358+00:00", "status": "FAIL", "validator_rc": 1, "failed_checks": ["db_guardrails"], "alert_needed": false, "alert_reason": "fail_no_new_signal", "telegram": "not_sent", "webhook": "not_sent"}
{"ts": "2026-05-25T17:40:02.468355+00:00", "status": "FAIL", "validator_rc": 1, "failed_checks": ["db_guardrails"], "alert_needed": false, "alert_reason": "fail_no_new_signal", "telegram": "not_sent", "webhook": "not_sent"}
{"ts": "2026-05-25T17:45:02.488804+00:00", "status": "FAIL", "validator_rc": 1, "failed_checks": ["db_guardrails"], "alert_needed": false, "alert_reason": "fail_no_new_signal", "telegram": "not_sent", "webhook": "not_sent"}
{"ts": "2026-05-25T17:50:02.053084+00:00", "status": "FAIL", "validator_rc": 1, "failed_checks": ["db_guardrails"], "alert_needed": false, "alert_reason": "fail_no_new_signal", "telegram": "not_sent", "webhook": "not_sent"}
{"ts": "2026-05-25T17:55:03.192872+00:00", "status": "FAIL", "validator_rc": 1, "failed_checks": ["db_guardrails"], "alert_needed": true, "alert_reason": "fail_reminder", "telegram": "ok", "webhook": "webhook_not_configured"}
{"ts": "2026-05-25T18:00:02.745708+00:00", "status": "FAIL", "validator_rc": 1, "failed_checks": ["db_guardrails"], "alert_needed": false, "alert_reason": "fail_no_new_signal", "telegram": "not_sent", "webhook": "not_sent"}
{"ts": "2026-05-25T18:05:01.938215+00:00", "status": "FAIL", "validator_rc": 1, "failed_checks": ["db_guardrails"], "alert_needed": false, "alert_reason": "fail_no_new_signal", "telegram": "not_sent", "webhook": "not_sent"}
{"ts": "2026-05-25T18:10:01.681590+00:00", "status": "FAIL", "validator_rc": 1, "failed_checks": ["db_guardrails"], "alert_needed": false, "alert_reason": "fail_no_new_signal", "telegram": "not_sent", "webhook": "not_sent"}
{"ts": "2026-05-25T18:15:02.553677+00:00", "status": "FAIL", "validator_rc": 1, "failed_checks": ["db_guardrails"], "alert_needed": false, "alert_reason": "fail_no_new_signal", "telegram": "not_sent", "webhook": "not_sent"}
{"ts": "2026-05-25T18:20:01.912450+00:00", "status": "FAIL", "validator_rc": 1, "failed_checks": ["db_guardrails"], "alert_needed": false, "alert_reason": "fail_no_new_signal", "telegram": "not_sent", "webhook": "not_sent"}
{"ts": "2026-05-25T18:25:02.394362+00:00", "status": "FAIL", "validator_rc": 1, "failed_checks": ["db_guardrails"], "alert_needed": false, "alert_reason": "fail_no_new_signal", "telegram": "not_sent", "webhook": "not_sent"}
{"ts": "2026-05-25T18:30:03.212643+00:00", "status": "FAIL", "validator_rc": 1, "failed_checks": ["db_guardrails"], "alert_needed": true, "alert_reason": "fail_reminder", "telegram": "ok", "webhook": "webhook_not_configured"}
{"ts": "2026-05-25T18:35:01.780123+00:00", "status": "FAIL", "validator_rc": 1, "failed_checks": ["db_guardrails"], "alert_needed": false, "alert_reason": "fail_no_new_signal", "telegram": "not_sent", "webhook": "not_sent"}
{"ts": "2026-05-25T18:40:02.535798+00:00", "status": "FAIL", "validator_rc": 1, "failed_checks": ["db_guardrails"], "alert_needed": false, "alert_reason": "fail_no_new_signal", "telegram": "not_sent", "webhook": "not_sent"}
{"ts": "2026-05-25T18:45:02.289909+00:00", "status": "PASS", "validator_rc": 0, "failed_checks": [], "alert_needed": true, "alert_reason": "recovery_fail_to_pass", "telegram": "ok", "webhook": "webhook_not_configured"}
{"ts": "2026-05-25T18:50:01.535863+00:00", "status": "PASS", "validator_rc": 0, "failed_checks": [], "alert_needed": false, "alert_reason": "no_alert_needed", "telegram": "not_sent", "webhook": "not_sent"}
{"ts": "2026-05-25T18:55:02.335640+00:00", "status": "PASS", "validator_rc": 0, "failed_checks": [], "alert_needed": false, "alert_reason": "no_alert_needed", "telegram": "not_sent", "webhook": "not_sent"}
{"ts": "2026-05-25T19:00:02.832826+00:00", "status": "PASS", "validator_rc": 0, "failed_checks": [], "alert_needed": false, "alert_reason": "no_alert_needed", "telegram": "not_sent", "webhook": "not_sent"}
{"ts": "2026-05-25T19:05:01.640945+00:00", "status": "PASS", "validator_rc": 0, "failed_checks": [], "alert_needed": false, "alert_reason": "no_alert_needed", "telegram": "not_sent", "webhook": "not_sent"}
{"ts": "2026-05-25T19:10:02.760126+00:00", "status": "PASS", "validator_rc": 0, "failed_checks": [], "alert_needed": false, "alert_reason": "no_alert_needed", "telegram": "not_sent", "webhook": "not_sent"}
{"ts": "2026-05-25T19:15:02.459714+00:00", "status": "PASS", "validator_rc": 0, "failed_checks": [], "alert_needed": false, "alert_reason": "no_alert_needed", "telegram": "not_sent", "webhook": "not_sent"}
{"ts": "2026-05-25T19:20:01.659187+00:00", "status": "PASS", "validator_rc": 0, "failed_checks": [], "alert_needed": false, "alert_reason": "no_alert_needed", "telegram": "not_sent", "webhook": "not_sent"}
{"ts": "2026-05-25T19:25:02.051414+00:00", "status": "PASS", "validator_rc": 0, "failed_checks": [], "alert_needed": false, "alert_reason": "no_alert_needed", "telegram": "not_sent", "webhook": "not_sent"}
{"ts": "2026-05-25T19:30:02.687482+00:00", "status": "PASS", "validator_rc": 0, "failed_checks": [], "alert_needed": false, "alert_reason": "no_alert_needed", "telegram": "not_sent", "webhook": "not_sent"}
{"ts": "2026-05-25T19:35:01.599508+00:00", "status": "PASS", "validator_rc": 0, "failed_checks": [], "alert_needed": false, "alert_reason": "no_alert_needed", "telegram": "not_sent", "webhook": "not_sent"}
{"ts": "2026-05-25T19:40:02.369380+00:00", "status": "PASS", "validator_rc": 0, "failed_checks": [], "alert_needed": false, "alert_reason": "no_alert_needed", "telegram": "not_sent", "webhook": "not_sent"}
{"ts": "2026-05-25T19:45:02.537570+00:00", "status": "PASS", "validator_rc": 0, "failed_checks": [], "alert_needed": false, "alert_reason": "no_alert_needed", "telegram": "not_sent", "webhook": "not_sent"}
{"ts": "2026-05-25T19:50:01.502963+00:00", "status": "PASS", "validator_rc": 0, "failed_checks": [], "alert_needed": false, "alert_reason": "no_alert_needed", "telegram": "not_sent", "webhook": "not_sent"}
{"ts": "2026-05-25T19:55:02.102032+00:00", "status": "PASS", "validator_rc": 0, "failed_checks": [], "alert_needed": false, "alert_reason": "no_alert_needed", "telegram": "not_sent", "webhook": "not_sent"}
{"ts": "2026-05-25T20:00:02.492624+00:00", "status": "PASS", "validator_rc": 0, "failed_checks": [], "alert_needed": false, "alert_reason": "no_alert_needed", "telegram": "not_sent", "webhook": "not_sent"}
{"ts": "2026-05-25T20:05:01.931826+00:00", "status": "PASS", "validator_rc": 0, "failed_checks": [], "alert_needed": false, "alert_reason": "no_alert_needed", "telegram": "not_sent", "webhook": "not_sent"}
{"ts": "2026-05-25T20:10:01.558458+00:00", "status": "PASS", "validator_rc": 0, "failed_checks": [], "alert_needed": false, "alert_reason": "no_alert_needed", "telegram": "not_sent", "webhook": "not_sent"}
{"ts": "2026-05-25T20:15:02.687267+00:00", "status": "PASS", "validator_rc": 0, "failed_checks": [], "alert_needed": false, "alert_reason": "no_alert_needed", "telegram": "not_sent", "webhook": "not_sent"}
{"ts": "2026-05-25T20:20:02.432169+00:00", "status": "PASS", "validator_rc": 0, "failed_checks": [], "alert_needed": false, "alert_reason": "no_alert_needed", "telegram": "not_sent", "webhook": "not_sent"}
{"ts": "2026-05-25T20:25:02.607256+00:00", "status": "PASS", "validator_rc": 0, "failed_checks": [], "alert_needed": false, "alert_reason": "no_alert_needed", "telegram": "not_sent", "webhook": "not_sent"}
{"ts": "2026-05-25T20:30:04.333532+00:00", "status": "FAIL", "validator_rc": 1, "failed_checks": ["db_guardrails"], "alert_needed": true, "alert_reason": "transition_pass_to_fail", "telegram": "ok", "webhook": "webhook_not_configured"}
{"ts": "2026-05-25T20:35:02.353773+00:00", "status": "FAIL", "validator_rc": 1, "failed_checks": ["db_guardrails"], "alert_needed": false, "alert_reason": "fail_no_new_signal", "telegram": "not_sent", "webhook": "not_sent"}
{"ts": "2026-05-25T20:40:01.820681+00:00", "status": "FAIL", "validator_rc": 1, "failed_checks": ["db_guardrails"], "alert_needed": false, "alert_reason": "fail_no_new_signal", "telegram": "not_sent", "webhook": "not_sent"}
{"ts": "2026-05-25T20:45:03.633420+00:00", "status": "FAIL", "validator_rc": 1, "failed_checks": ["db_guardrails"], "alert_needed": false, "alert_reason": "fail_no_new_signal", "telegram": "not_sent", "webhook": "not_sent"}
{"ts": "2026-05-25T20:50:01.804834+00:00", "status": "FAIL", "validator_rc": 1, "failed_checks": ["db_guardrails"], "alert_needed": false, "alert_reason": "fail_no_new_signal", "telegram": "not_sent", "webhook": "not_sent"}
{"ts": "2026-05-25T20:55:02.151927+00:00", "status": "FAIL", "validator_rc": 1, "failed_checks": ["db_guardrails"], "alert_needed": false, "alert_reason": "fail_no_new_signal", "telegram": "not_sent", "webhook": "not_sent"}
{"ts": "2026-05-25T21:00:03.227090+00:00", "status": "FAIL", "validator_rc": 1, "failed_checks": ["db_guardrails"], "alert_needed": false, "alert_reason": "fail_no_new_signal", "telegram": "not_sent", "webhook": "not_sent"}
{"ts": "2026-05-25T21:05:02.862739+00:00", "status": "FAIL", "validator_rc": 1, "failed_checks": ["db_guardrails"], "alert_needed": true, "alert_reason": "fail_reminder", "telegram": "ok", "webhook": "webhook_not_configured"}
{"ts": "2026-05-25T21:10:01.609943+00:00", "status": "FAIL", "validator_rc": 1, "failed_checks": ["db_guardrails"], "alert_needed": false, "alert_reason": "fail_no_new_signal", "telegram": "not_sent", "webhook": "not_sent"}
{"ts": "2026-05-25T21:15:02.367228+00:00", "status": "FAIL", "validator_rc": 1, "failed_checks": ["db_guardrails"], "alert_needed": false, "alert_reason": "fail_no_new_signal", "telegram": "not_sent", "webhook": "not_sent"}
{"ts": "2026-05-25T21:20:02.423240+00:00", "status": "FAIL", "validator_rc": 1, "failed_checks": ["db_guardrails"], "alert_needed": false, "alert_reason": "fail_no_new_signal", "telegram": "not_sent", "webhook": "not_sent"}
{"ts": "2026-05-25T21:25:01.626797+00:00", "status": "FAIL", "validator_rc": 1, "failed_checks": ["db_guardrails"], "alert_needed": false, "alert_reason": "fail_no_new_signal", "telegram": "not_sent", "webhook": "not_sent"}
{"ts": "2026-05-25T21:30:02.805350+00:00", "status": "FAIL", "validator_rc": 1, "failed_checks": ["db_guardrails"], "alert_needed": false, "alert_reason": "fail_no_new_signal", "telegram": "not_sent", "webhook": "not_sent"}
{"ts": "2026-05-25T21:35:01.702304+00:00", "status": "FAIL", "validator_rc": 1, "failed_checks": ["db_guardrails"], "alert_needed": false, "alert_reason": "fail_no_new_signal", "telegram": "not_sent", "webhook": "not_sent"}
{"ts": "2026-05-25T21:40:02.637749+00:00", "status": "FAIL", "validator_rc": 1, "failed_checks": ["db_guardrails"], "alert_needed": true, "alert_reason": "fail_reminder", "telegram": "ok", "webhook": "webhook_not_configured"}
{"ts": "2026-05-25T21:45:02.884356+00:00", "status": "FAIL", "validator_rc": 1, "failed_checks": ["db_guardrails"], "alert_needed": false, "alert_reason": "fail_no_new_signal", "telegram": "not_sent", "webhook": "not_sent"}
{"ts": "2026-05-25T21:50:01.921642+00:00", "status": "FAIL", "validator_rc": 1, "failed_checks": ["db_guardrails"], "alert_needed": false, "alert_reason": "fail_no_new_signal", "telegram": "not_sent", "webhook": "not_sent"}
{"ts": "2026-05-25T21:55:02.348939+00:00", "status": "FAIL", "validator_rc": 1, "failed_checks": ["db_guardrails"], "alert_needed": false, "alert_reason": "fail_no_new_signal", "telegram": "not_sent", "webhook": "not_sent"}
{"ts": "2026-05-25T22:00:03.032334+00:00", "status": "FAIL", "validator_rc": 1, "failed_checks": ["db_guardrails"], "alert_needed": false, "alert_reason": "fail_no_new_signal", "telegram": "not_sent", "webhook": "not_sent"}
{"ts": "2026-05-25T22:05:02.009982+00:00", "status": "FAIL", "validator_rc": 1, "failed_checks": ["db_guardrails"], "alert_needed": false, "alert_reason": "fail_no_new_signal", "telegram": "not_sent", "webhook": "not_sent"}
{"ts": "2026-05-25T22:10:01.777962+00:00", "status": "FAIL", "validator_rc": 1, "failed_checks": ["db_guardrails"], "alert_needed": false, "alert_reason": "fail_no_new_signal", "telegram": "not_sent", "webhook": "not_sent"}
{"ts": "2026-05-25T22:15:03.472384+00:00", "status": "FAIL", "validator_rc": 1, "failed_checks": ["db_guardrails"], "alert_needed": true, "alert_reason": "fail_reminder", "telegram": "ok", "webhook": "webhook_not_configured"}
{"ts": "2026-05-25T22:20:01.777479+00:00", "status": "FAIL", "validator_rc": 1, "failed_checks": ["db_guardrails"], "alert_needed": false, "alert_reason": "fail_no_new_signal", "telegram": "not_sent", "webhook": "not_sent"}
{"ts": "2026-05-25T22:25:01.635400+00:00", "status": "FAIL", "validator_rc": 1, "failed_checks": ["db_guardrails"], "alert_needed": false, "alert_reason": "fail_no_new_signal", "telegram": "not_sent", "webhook": "not_sent"}
{"ts": "2026-05-25T22:30:02.637031+00:00", "status": "FAIL", "validator_rc": 1, "failed_checks": ["db_guardrails"], "alert_needed": false, "alert_reason": "fail_no_new_signal", "telegram": "not_sent", "webhook": "not_sent"}
{"ts": "2026-05-25T22:35:01.732296+00:00", "status": "FAIL", "validator_rc": 1, "failed_checks": ["db_guardrails"], "alert_needed": false, "alert_reason": "fail_no_new_signal", "telegram": "not_sent", "webhook": "not_sent"}
{"ts": "2026-05-25T22:40:02.438436+00:00", "status": "FAIL", "validator_rc": 1, "failed_checks": ["db_guardrails"], "alert_needed": false, "alert_reason": "fail_no_new_signal", "telegram": "not_sent", "webhook": "not_sent"}
{"ts": "2026-05-25T22:45:02.871549+00:00", "status": "FAIL", "validator_rc": 1, "failed_checks": ["db_guardrails"], "alert_needed": false, "alert_reason": "fail_no_new_signal", "telegram": "not_sent", "webhook": "not_sent"}
{"ts": "2026-05-25T22:50:03.084136+00:00", "status": "FAIL", "validator_rc": 1, "failed_checks": ["db_guardrails"], "alert_needed": true, "alert_reason": "fail_reminder", "telegram": "ok", "webhook": "webhook_not_configured"}
{"ts": "2026-05-25T22:55:02.031432+00:00", "status": "FAIL", "validator_rc": 1, "failed_checks": ["db_guardrails"], "alert_needed": false, "alert_reason": "fail_no_new_signal", "telegram": "not_sent", "webhook": "not_sent"}
{"ts": "2026-05-25T23:00:03.025987+00:00", "status": "FAIL", "validator_rc": 1, "failed_checks": ["db_guardrails"], "alert_needed": false, "alert_reason": "fail_no_new_signal", "telegram": "not_sent", "webhook": "not_sent"}
{"ts": "2026-05-25T23:05:02.110208+00:00", "status": "FAIL", "validator_rc": 1, "failed_checks": ["db_guardrails"], "alert_needed": false, "alert_reason": "fail_no_new_signal", "telegram": "not_sent", "webhook": "not_sent"}
{"ts": "2026-05-25T23:10:01.755599+00:00", "status": "FAIL", "validator_rc": 1, "failed_checks": ["db_guardrails"], "alert_needed": false, "alert_reason": "fail_no_new_signal", "telegram": "not_sent", "webhook": "not_sent"}
{"ts": "2026-05-25T23:15:03.495490+00:00", "status": "FAIL", "validator_rc": 1, "failed_checks": ["db_guardrails"], "alert_needed": false, "alert_reason": "fail_no_new_signal", "telegram": "not_sent", "webhook": "not_sent"}
{"ts": "2026-05-25T23:20:02.587423+00:00", "status": "FAIL", "validator_rc": 1, "failed_checks": ["db_guardrails"], "alert_needed": false, "alert_reason": "fail_no_new_signal", "telegram": "not_sent", "webhook": "not_sent"}
{"ts": "2026-05-25T23:25:02.726455+00:00", "status": "FAIL", "validator_rc": 1, "failed_checks": ["db_guardrails"], "alert_needed": true, "alert_reason": "fail_reminder", "telegram": "ok", "webhook": "webhook_not_configured"}
{"ts": "2026-05-25T23:30:02.761190+00:00", "status": "FAIL", "validator_rc": 1, "failed_checks": ["db_guardrails"], "alert_needed": false, "alert_reason": "fail_no_new_signal", "telegram": "not_sent", "webhook": "not_sent"}
{"ts": "2026-05-25T23:35:02.303225+00:00", "status": "FAIL", "validator_rc": 1, "failed_checks": ["db_guardrails"], "alert_needed": false, "alert_reason": "fail_no_new_signal", "telegram": "not_sent", "webhook": "not_sent"}
{"ts": "2026-05-25T23:40:03.035491+00:00", "status": "FAIL", "validator_rc": 1, "failed_checks": ["db_guardrails"], "alert_needed": false, "alert_reason": "fail_no_new_signal", "telegram": "not_sent", "webhook": "not_sent"}
{"ts": "2026-05-25T23:45:02.361492+00:00", "status": "FAIL", "validator_rc": 1, "failed_checks": ["db_guardrails"], "alert_needed": false, "alert_reason": "fail_no_new_signal", "telegram": "not_sent", "webhook": "not_sent"}
{"ts": "2026-05-25T23:50:02.484866+00:00", "status": "FAIL", "validator_rc": 1, "failed_checks": ["db_guardrails"], "alert_needed": false, "alert_reason": "fail_no_new_signal", "telegram": "not_sent", "webhook": "not_sent"}
{"ts": "2026-05-25T23:55:01.953323+00:00", "status": "FAIL", "validator_rc": 1, "failed_checks": ["db_guardrails"], "alert_needed": false, "alert_reason": "fail_no_new_signal", "telegram": "not_sent", "webhook": "not_sent"}
{"ts": "2026-05-26T00:00:03.335082+00:00", "status": "FAIL", "validator_rc": 1, "failed_checks": ["db_guardrails"], "alert_needed": true, "alert_reason": "fail_reminder", "telegram": "ok", "webhook": "webhook_not_configured"}
{"ts": "2026-05-26T00:05:02.230532+00:00", "status": "FAIL", "validator_rc": 1, "failed_checks": ["db_guardrails"], "alert_needed": false, "alert_reason": "fail_no_new_signal", "telegram": "not_sent", "webhook": "not_sent"}
{"ts": "2026-05-26T00:10:01.943088+00:00", "status": "FAIL", "validator_rc": 1, "failed_checks": ["db_guardrails"], "alert_needed": false, "alert_reason": "fail_no_new_signal", "telegram": "not_sent", "webhook": "not_sent"}
{"ts": "2026-05-26T00:15:02.653552+00:00", "status": "FAIL", "validator_rc": 1, "failed_checks": ["db_guardrails"], "alert_needed": false, "alert_reason": "fail_no_new_signal", "telegram": "not_sent", "webhook": "not_sent"}
{"ts": "2026-05-26T00:20:02.809571+00:00", "status": "FAIL", "validator_rc": 1, "failed_checks": ["db_guardrails"], "alert_needed": false, "alert_reason": "fail_no_new_signal", "telegram": "not_sent", "webhook": "not_sent"}
{"ts": "2026-05-26T00:25:01.873800+00:00", "status": "FAIL", "validator_rc": 1, "failed_checks": ["db_guardrails"], "alert_needed": false, "alert_reason": "fail_no_new_signal", "telegram": "not_sent", "webhook": "not_sent"}
{"ts": "2026-05-26T00:30:03.892765+00:00", "status": "FAIL", "validator_rc": 1, "failed_checks": ["db_guardrails"], "alert_needed": true, "alert_reason": "fail_reminder", "telegram": "ok", "webhook": "webhook_not_configured"}
{"ts": "2026-05-26T00:35:02.653141+00:00", "status": "FAIL", "validator_rc": 1, "failed_checks": ["db_guardrails"], "alert_needed": false, "alert_reason": "fail_no_new_signal", "telegram": "not_sent", "webhook": "not_sent"}
{"ts": "2026-05-26T00:40:02.934843+00:00", "status": "FAIL", "validator_rc": 1, "failed_checks": ["db_guardrails"], "alert_needed": false, "alert_reason": "fail_no_new_signal", "telegram": "not_sent", "webhook": "not_sent"}
{"ts": "2026-05-26T00:45:03.973244+00:00", "status": "FAIL", "validator_rc": 1, "failed_checks": ["db_guardrails"], "alert_needed": false, "alert_reason": "fail_no_new_signal", "telegram": "not_sent", "webhook": "not_sent"}
{"ts": "2026-05-26T00:50:02.302239+00:00", "status": "FAIL", "validator_rc": 1, "failed_checks": ["db_guardrails"], "alert_needed": false, "alert_reason": "fail_no_new_signal", "telegram": "not_sent", "webhook": "not_sent"}
{"ts": "2026-05-26T00:55:02.703117+00:00", "status": "FAIL", "validator_rc": 1, "failed_checks": ["db_guardrails"], "alert_needed": false, "alert_reason": "fail_no_new_signal", "telegram": "not_sent", "webhook": "not_sent"}
{"ts": "2026-05-26T01:00:04.177711+00:00", "status": "FAIL", "validator_rc": 1, "failed_checks": ["db_guardrails"], "alert_needed": true, "alert_reason": "fail_reminder", "telegram": "ok", "webhook": "webhook_not_configured"}
{"ts": "2026-05-26T01:05:02.058131+00:00", "status": "FAIL", "validator_rc": 1, "failed_checks": ["db_guardrails"], "alert_needed": false, "alert_reason": "fail_no_new_signal", "telegram": "not_sent", "webhook": "not_sent"}
{"ts": "2026-05-26T01:10:01.994658+00:00", "status": "FAIL", "validator_rc": 1, "failed_checks": ["db_guardrails"], "alert_needed": false, "alert_reason": "fail_no_new_signal", "telegram": "not_sent", "webhook": "not_sent"}
{"ts": "2026-05-26T01:15:02.847763+00:00", "status": "FAIL", "validator_rc": 1, "failed_checks": ["db_guardrails"], "alert_needed": false, "alert_reason": "fail_no_new_signal", "telegram": "not_sent", "webhook": "not_sent"}
{"ts": "2026-05-26T01:20:02.457935+00:00", "status": "FAIL", "validator_rc": 1, "failed_checks": ["db_guardrails"], "alert_needed": false, "alert_reason": "fail_no_new_signal", "telegram": "not_sent", "webhook": "not_sent"}
{"ts": "2026-05-26T01:25:01.735896+00:00", "status": "FAIL", "validator_rc": 1, "failed_checks": ["db_guardrails"], "alert_needed": false, "alert_reason": "fail_no_new_signal", "telegram": "not_sent", "webhook": "not_sent"}
{"ts": "2026-05-26T01:30:02.943832+00:00", "status": "FAIL", "validator_rc": 1, "failed_checks": ["db_guardrails"], "alert_needed": false, "alert_reason": "fail_no_new_signal", "telegram": "not_sent", "webhook": "not_sent"}
{"ts": "2026-05-26T01:35:02.546081+00:00", "status": "FAIL", "validator_rc": 1, "failed_checks": ["db_guardrails"], "alert_needed": true, "alert_reason": "fail_reminder", "telegram": "ok", "webhook": "webhook_not_configured"}
{"ts": "2026-05-26T01:40:02.482874+00:00", "status": "FAIL", "validator_rc": 1, "failed_checks": ["db_guardrails"], "alert_needed": false, "alert_reason": "fail_no_new_signal", "telegram": "not_sent", "webhook": "not_sent"}
{"ts": "2026-05-26T01:45:02.900683+00:00", "status": "FAIL", "validator_rc": 1, "failed_checks": ["db_guardrails"], "alert_needed": false, "alert_reason": "fail_no_new_signal", "telegram": "not_sent", "webhook": "not_sent"}
{"ts": "2026-05-26T01:50:01.558800+00:00", "status": "FAIL", "validator_rc": 1, "failed_checks": ["db_guardrails"], "alert_needed": false, "alert_reason": "fail_no_new_signal", "telegram": "not_sent", "webhook": "not_sent"}
{"ts": "2026-05-26T01:55:02.280893+00:00", "status": "FAIL", "validator_rc": 1, "failed_checks": ["diff_log_freshness", "diff_log_recent_activity", "db_guardrails"], "alert_needed": true, "alert_reason": "fail_signature_changed", "telegram": "ok", "webhook": "webhook_not_configured"}
{"ts": "2026-05-26T02:00:02.488806+00:00", "status": "FAIL", "validator_rc": 1, "failed_checks": ["diff_log_freshness", "diff_log_recent_activity", "db_guardrails"], "alert_needed": false, "alert_reason": "fail_no_new_signal", "telegram": "not_sent", "webhook": "not_sent"}
{"ts": "2026-05-26T02:05:01.423919+00:00", "status": "FAIL", "validator_rc": 1, "failed_checks": ["diff_log_freshness", "diff_log_recent_activity", "db_guardrails"], "alert_needed": false, "alert_reason": "fail_no_new_signal", "telegram": "not_sent", "webhook": "not_sent"}
{"ts": "2026-05-26T02:10:02.207653+00:00", "status": "FAIL", "validator_rc": 1, "failed_checks": ["db_guardrails"], "alert_needed": true, "alert_reason": "fail_signature_changed", "telegram": "ok", "webhook": "webhook_not_configured"}
{"ts": "2026-05-26T02:15:02.696497+00:00", "status": "FAIL", "validator_rc": 1, "failed_checks": ["db_guardrails"], "alert_needed": false, "alert_reason": "fail_no_new_signal", "telegram": "not_sent", "webhook": "not_sent"}
{"ts": "2026-05-26T02:20:01.854936+00:00", "status": "FAIL", "validator_rc": 1, "failed_checks": ["db_guardrails"], "alert_needed": false, "alert_reason": "fail_no_new_signal", "telegram": "not_sent", "webhook": "not_sent"}
{"ts": "2026-05-26T02:25:02.052098+00:00", "status": "FAIL", "validator_rc": 1, "failed_checks": ["db_guardrails"], "alert_needed": false, "alert_reason": "fail_no_new_signal", "telegram": "not_sent", "webhook": "not_sent"}
{"ts": "2026-05-26T02:30:02.863138+00:00", "status": "FAIL", "validator_rc": 1, "failed_checks": ["db_guardrails"], "alert_needed": false, "alert_reason": "fail_no_new_signal", "telegram": "not_sent", "webhook": "not_sent"}
{"ts": "2026-05-26T02:35:02.085095+00:00", "status": "FAIL", "validator_rc": 1, "failed_checks": ["db_guardrails"], "alert_needed": false, "alert_reason": "fail_no_new_signal", "telegram": "not_sent", "webhook": "not_sent"}
{"ts": "2026-05-26T02:40:02.623798+00:00", "status": "FAIL", "validator_rc": 1, "failed_checks": ["db_guardrails"], "alert_needed": true, "alert_reason": "fail_reminder", "telegram": "ok", "webhook": "webhook_not_configured"}
{"ts": "2026-05-26T02:45:02.549756+00:00", "status": "FAIL", "validator_rc": 1, "failed_checks": ["db_guardrails"], "alert_needed": false, "alert_reason": "fail_no_new_signal", "telegram": "not_sent", "webhook": "not_sent"}
{"ts": "2026-05-26T02:50:01.568926+00:00", "status": "FAIL", "validator_rc": 1, "failed_checks": ["db_guardrails"], "alert_needed": false, "alert_reason": "fail_no_new_signal", "telegram": "not_sent", "webhook": "not_sent"}
{"ts": "2026-05-26T02:55:02.617227+00:00", "status": "FAIL", "validator_rc": 1, "failed_checks": ["db_guardrails"], "alert_needed": false, "alert_reason": "fail_no_new_signal", "telegram": "not_sent", "webhook": "not_sent"}
{"ts": "2026-05-26T03:00:04.950631+00:00", "status": "FAIL", "validator_rc": 1, "failed_checks": ["db_guardrails"], "alert_needed": false, "alert_reason": "fail_no_new_signal", "telegram": "not_sent", "webhook": "not_sent"}
{"ts": "2026-05-26T03:05:02.197480+00:00", "status": "FAIL", "validator_rc": 1, "failed_checks": ["db_guardrails"], "alert_needed": false, "alert_reason": "fail_no_new_signal", "telegram": "not_sent", "webhook": "not_sent"}
{"ts": "2026-05-26T03:10:01.767020+00:00", "status": "FAIL", "validator_rc": 1, "failed_checks": ["db_guardrails"], "alert_needed": false, "alert_reason": "fail_no_new_signal", "telegram": "not_sent", "webhook": "not_sent"}
{"ts": "2026-05-26T03:15:02.761590+00:00", "status": "FAIL", "validator_rc": 1, "failed_checks": ["db_guardrails"], "alert_needed": true, "alert_reason": "fail_reminder", "telegram": "ok", "webhook": "webhook_not_configured"}
{"ts": "2026-05-26T03:20:01.808867+00:00", "status": "FAIL", "validator_rc": 1, "failed_checks": ["db_guardrails"], "alert_needed": false, "alert_reason": "fail_no_new_signal", "telegram": "not_sent", "webhook": "not_sent"}
{"ts": "2026-05-26T03:25:01.919140+00:00", "status": "FAIL", "validator_rc": 1, "failed_checks": ["db_guardrails"], "alert_needed": false, "alert_reason": "fail_no_new_signal", "telegram": "not_sent", "webhook": "not_sent"}
{"ts": "2026-05-26T03:30:02.249679+00:00", "status": "FAIL", "validator_rc": 1, "failed_checks": ["db_guardrails"], "alert_needed": false, "alert_reason": "fail_no_new_signal", "telegram": "not_sent", "webhook": "not_sent"}
{"ts": "2026-05-26T03:35:01.951446+00:00", "status": "FAIL", "validator_rc": 1, "failed_checks": ["db_guardrails"], "alert_needed": false, "alert_reason": "fail_no_new_signal", "telegram": "not_sent", "webhook": "not_sent"}
{"ts": "2026-05-26T03:40:02.316389+00:00", "status": "FAIL", "validator_rc": 1, "failed_checks": ["db_guardrails"], "alert_needed": false, "alert_reason": "fail_no_new_signal", "telegram": "not_sent", "webhook": "not_sent"}
{"ts": "2026-05-26T03:45:03.307786+00:00", "status": "FAIL", "validator_rc": 1, "failed_checks": ["db_guardrails"], "alert_needed": true, "alert_reason": "fail_reminder", "telegram": "ok", "webhook": "webhook_not_configured"}
{"ts": "2026-05-26T03:50:02.175956+00:00", "status": "FAIL", "validator_rc": 1, "failed_checks": ["db_guardrails"], "alert_needed": false, "alert_reason": "fail_no_new_signal", "telegram": "not_sent", "webhook": "not_sent"}
{"ts": "2026-05-26T03:55:01.469547+00:00", "status": "FAIL", "validator_rc": 1, "failed_checks": ["db_guardrails"], "alert_needed": false, "alert_reason": "fail_no_new_signal", "telegram": "not_sent", "webhook": "not_sent"}
{"ts": "2026-05-26T04:00:03.373183+00:00", "status": "FAIL", "validator_rc": 1, "failed_checks": ["db_guardrails"], "alert_needed": false, "alert_reason": "fail_no_new_signal", "telegram": "not_sent", "webhook": "not_sent"}
{"ts": "2026-05-26T04:05:02.164516+00:00", "status": "FAIL", "validator_rc": 1, "failed_checks": ["db_guardrails"], "alert_needed": false, "alert_reason": "fail_no_new_signal", "telegram": "not_sent", "webhook": "not_sent"}
{"ts": "2026-05-26T04:10:02.002844+00:00", "status": "FAIL", "validator_rc": 1, "failed_checks": ["db_guardrails"], "alert_needed": false, "alert_reason": "fail_no_new_signal", "telegram": "not_sent", "webhook": "not_sent"}
{"ts": "2026-05-26T04:15:02.242640+00:00", "status": "FAIL", "validator_rc": 1, "failed_checks": ["db_guardrails"], "alert_needed": false, "alert_reason": "fail_no_new_signal", "telegram": "not_sent", "webhook": "not_sent"}
{"ts": "2026-05-26T04:20:02.529299+00:00", "status": "FAIL", "validator_rc": 1, "failed_checks": ["db_guardrails"], "alert_needed": true, "alert_reason": "fail_reminder", "telegram": "ok", "webhook": "webhook_not_configured"}
{"ts": "2026-05-26T04:25:01.765241+00:00", "status": "FAIL", "validator_rc": 1, "failed_checks": ["db_guardrails"], "alert_needed": false, "alert_reason": "fail_no_new_signal", "telegram": "not_sent", "webhook": "not_sent"}
{"ts": "2026-05-26T04:30:02.027262+00:00", "status": "FAIL", "validator_rc": 1, "failed_checks": ["db_guardrails"], "alert_needed": false, "alert_reason": "fail_no_new_signal", "telegram": "not_sent", "webhook": "not_sent"}
{"ts": "2026-05-26T04:35:01.758700+00:00", "status": "FAIL", "validator_rc": 1, "failed_checks": ["db_guardrails"], "alert_needed": false, "alert_reason": "fail_no_new_signal", "telegram": "not_sent", "webhook": "not_sent"}
{"ts": "2026-05-26T04:40:01.939573+00:00", "status": "FAIL", "validator_rc": 1, "failed_checks": ["db_guardrails"], "alert_needed": false, "alert_reason": "fail_no_new_signal", "telegram": "not_sent", "webhook": "not_sent"}
{"ts": "2026-05-26T04:45:01.927426+00:00", "status": "FAIL", "validator_rc": 1, "failed_checks": ["db_guardrails"], "alert_needed": false, "alert_reason": "fail_no_new_signal", "telegram": "not_sent", "webhook": "not_sent"}
{"ts": "2026-05-26T04:50:01.647304+00:00", "status": "FAIL", "validator_rc": 1, "failed_checks": ["db_guardrails"], "alert_needed": false, "alert_reason": "fail_no_new_signal", "telegram": "not_sent", "webhook": "not_sent"}
{"ts": "2026-05-26T04:55:02.302809+00:00", "status": "FAIL", "validator_rc": 1, "failed_checks": ["db_guardrails"], "alert_needed": true, "alert_reason": "fail_reminder", "telegram": "ok", "webhook": "webhook_not_configured"}
{"ts": "2026-05-26T05:00:02.840318+00:00", "status": "FAIL", "validator_rc": 1, "failed_checks": ["db_guardrails"], "alert_needed": false, "alert_reason": "fail_no_new_signal", "telegram": "not_sent", "webhook": "not_sent"}
{"ts": "2026-05-26T05:05:01.629185+00:00", "status": "FAIL", "validator_rc": 1, "failed_checks": ["db_guardrails"], "alert_needed": false, "alert_reason": "fail_no_new_signal", "telegram": "not_sent", "webhook": "not_sent"}
{"ts": "2026-05-26T05:10:01.739460+00:00", "status": "FAIL", "validator_rc": 1, "failed_checks": ["db_guardrails"], "alert_needed": false, "alert_reason": "fail_no_new_signal", "telegram": "not_sent", "webhook": "not_sent"}
{"ts": "2026-05-26T05:15:01.905027+00:00", "status": "FAIL", "validator_rc": 1, "failed_checks": ["db_guardrails"], "alert_needed": false, "alert_reason": "fail_no_new_signal", "telegram": "not_sent", "webhook": "not_sent"}
{"ts": "2026-05-26T05:20:01.862551+00:00", "status": "FAIL", "validator_rc": 1, "failed_checks": ["db_guardrails"], "alert_needed": false, "alert_reason": "fail_no_new_signal", "telegram": "not_sent", "webhook": "not_sent"}
{"ts": "2026-05-26T05:25:01.643412+00:00", "status": "FAIL", "validator_rc": 1, "failed_checks": ["db_guardrails"], "alert_needed": false, "alert_reason": "fail_no_new_signal", "telegram": "not_sent", "webhook": "not_sent"}
{"ts": "2026-05-26T05:30:02.475302+00:00", "status": "FAIL", "validator_rc": 1, "failed_checks": ["db_guardrails"], "alert_needed": true, "alert_reason": "fail_reminder", "telegram": "ok", "webhook": "webhook_not_configured"}
{"ts": "2026-05-26T05:35:02.248419+00:00", "status": "FAIL", "validator_rc": 1, "failed_checks": ["db_guardrails"], "alert_needed": false, "alert_reason": "fail_no_new_signal", "telegram": "not_sent", "webhook": "not_sent"}
{"ts": "2026-05-26T05:40:01.571633+00:00", "status": "FAIL", "validator_rc": 1, "failed_checks": ["db_guardrails"], "alert_needed": false, "alert_reason": "fail_no_new_signal", "telegram": "not_sent", "webhook": "not_sent"}
{"ts": "2026-05-26T05:45:02.465169+00:00", "status": "FAIL", "validator_rc": 1, "failed_checks": ["db_guardrails"], "alert_needed": false, "alert_reason": "fail_no_new_signal", "telegram": "not_sent", "webhook": "not_sent"}
{"ts": "2026-05-26T05:50:02.651987+00:00", "status": "FAIL", "validator_rc": 1, "failed_checks": ["db_guardrails"], "alert_needed": false, "alert_reason": "fail_no_new_signal", "telegram": "not_sent", "webhook": "not_sent"}
{"ts": "2026-05-26T05:55:02.174933+00:00", "status": "FAIL", "validator_rc": 1, "failed_checks": ["db_guardrails"], "alert_needed": false, "alert_reason": "fail_no_new_signal", "telegram": "not_sent", "webhook": "not_sent"}
{"ts": "2026-05-26T06:00:02.606746+00:00", "status": "FAIL", "validator_rc": 1, "failed_checks": ["db_guardrails"], "alert_needed": true, "alert_reason": "fail_reminder", "telegram": "ok", "webhook": "webhook_not_configured"}
{"ts": "2026-05-26T06:05:01.984608+00:00", "status": "FAIL", "validator_rc": 1, "failed_checks": ["db_guardrails"], "alert_needed": false, "alert_reason": "fail_no_new_signal", "telegram": "not_sent", "webhook": "not_sent"}
{"ts": "2026-05-26T06:10:01.893063+00:00", "status": "FAIL", "validator_rc": 1, "failed_checks": ["db_guardrails"], "alert_needed": false, "alert_reason": "fail_no_new_signal", "telegram": "not_sent", "webhook": "not_sent"}
{"ts": "2026-05-26T06:15:02.973505+00:00", "status": "FAIL", "validator_rc": 1, "failed_checks": ["db_guardrails"], "alert_needed": false, "alert_reason": "fail_no_new_signal", "telegram": "not_sent", "webhook": "not_sent"}
{"ts": "2026-05-26T06:20:01.833147+00:00", "status": "FAIL", "validator_rc": 1, "failed_checks": ["db_guardrails"], "alert_needed": false, "alert_reason": "fail_no_new_signal", "telegram": "not_sent", "webhook": "not_sent"}
{"ts": "2026-05-26T06:25:02.517676+00:00", "status": "FAIL", "validator_rc": 1, "failed_checks": ["db_guardrails"], "alert_needed": false, "alert_reason": "fail_no_new_signal", "telegram": "not_sent", "webhook": "not_sent"}
{"ts": "2026-05-26T06:30:03.493400+00:00", "status": "FAIL", "validator_rc": 1, "failed_checks": ["db_guardrails"], "alert_needed": true, "alert_reason": "fail_reminder", "telegram": "ok", "webhook": "webhook_not_configured"}
{"ts": "2026-05-26T06:35:02.649648+00:00", "status": "FAIL", "validator_rc": 1, "failed_checks": ["db_guardrails"], "alert_needed": false, "alert_reason": "fail_no_new_signal", "telegram": "not_sent", "webhook": "not_sent"}
{"ts": "2026-05-26T06:40:01.852843+00:00", "status": "FAIL", "validator_rc": 1, "failed_checks": ["db_guardrails"], "alert_needed": false, "alert_reason": "fail_no_new_signal", "telegram": "not_sent", "webhook": "not_sent"}
{"ts": "2026-05-26T06:45:02.757563+00:00", "status": "FAIL", "validator_rc": 1, "failed_checks": ["db_guardrails"], "alert_needed": false, "alert_reason": "fail_no_new_signal", "telegram": "not_sent", "webhook": "not_sent"}
{"ts": "2026-05-26T06:50:01.869457+00:00", "status": "FAIL", "validator_rc": 1, "failed_checks": ["db_guardrails"], "alert_needed": false, "alert_reason": "fail_no_new_signal", "telegram": "not_sent", "webhook": "not_sent"}
{"ts": "2026-05-26T06:55:02.150555+00:00", "status": "FAIL", "validator_rc": 1, "failed_checks": ["db_guardrails"], "alert_needed": false, "alert_reason": "fail_no_new_signal", "telegram": "not_sent", "webhook": "not_sent"}
{"ts": "2026-05-26T07:00:02.547867+00:00", "status": "FAIL", "validator_rc": 1, "failed_checks": ["db_guardrails"], "alert_needed": false, "alert_reason": "fail_no_new_signal", "telegram": "not_sent", "webhook": "not_sent"}
{"ts": "2026-05-26T07:05:02.804117+00:00", "status": "FAIL", "validator_rc": 1, "failed_checks": ["db_guardrails"], "alert_needed": true, "alert_reason": "fail_reminder", "telegram": "ok", "webhook": "webhook_not_configured"}
{"ts": "2026-05-26T07:10:02.046369+00:00", "status": "FAIL", "validator_rc": 1, "failed_checks": ["db_guardrails"], "alert_needed": false, "alert_reason": "fail_no_new_signal", "telegram": "not_sent", "webhook": "not_sent"}
{"ts": "2026-05-26T07:15:02.424237+00:00", "status": "FAIL", "validator_rc": 1, "failed_checks": ["db_guardrails"], "alert_needed": false, "alert_reason": "fail_no_new_signal", "telegram": "not_sent", "webhook": "not_sent"}
{"ts": "2026-05-26T07:20:01.617271+00:00", "status": "FAIL", "validator_rc": 1, "failed_checks": ["db_guardrails"], "alert_needed": false, "alert_reason": "fail_no_new_signal", "telegram": "not_sent", "webhook": "not_sent"}
{"ts": "2026-05-26T07:25:01.998631+00:00", "status": "FAIL", "validator_rc": 1, "failed_checks": ["db_guardrails"], "alert_needed": false, "alert_reason": "fail_no_new_signal", "telegram": "not_sent", "webhook": "not_sent"}
{"ts": "2026-05-26T07:30:02.200029+00:00", "status": "FAIL", "validator_rc": 1, "failed_checks": ["db_guardrails"], "alert_needed": false, "alert_reason": "fail_no_new_signal", "telegram": "not_sent", "webhook": "not_sent"}
{"ts": "2026-05-26T07:35:02.075697+00:00", "status": "FAIL", "validator_rc": 1, "failed_checks": ["db_guardrails"], "alert_needed": false, "alert_reason": "fail_no_new_signal", "telegram": "not_sent", "webhook": "not_sent"}
{"ts": "2026-05-26T07:40:02.259387+00:00", "status": "FAIL", "validator_rc": 1, "failed_checks": ["db_guardrails"], "alert_needed": true, "alert_reason": "fail_reminder", "telegram": "ok", "webhook": "webhook_not_configured"}
{"ts": "2026-05-26T07:45:02.270304+00:00", "status": "FAIL", "validator_rc": 1, "failed_checks": ["db_guardrails"], "alert_needed": false, "alert_reason": "fail_no_new_signal", "telegram": "not_sent", "webhook": "not_sent"}
{"ts": "2026-05-26T07:50:02.384243+00:00", "status": "FAIL", "validator_rc": 1, "failed_checks": ["db_guardrails"], "alert_needed": false, "alert_reason": "fail_no_new_signal", "telegram": "not_sent", "webhook": "not_sent"}
{"ts": "2026-05-26T07:55:01.498136+00:00", "status": "FAIL", "validator_rc": 1, "failed_checks": ["db_guardrails"], "alert_needed": false, "alert_reason": "fail_no_new_signal", "telegram": "not_sent", "webhook": "not_sent"}
{"ts": "2026-05-26T08:00:02.576312+00:00", "status": "FAIL", "validator_rc": 1, "failed_checks": ["db_guardrails"], "alert_needed": false, "alert_reason": "fail_no_new_signal", "telegram": "not_sent", "webhook": "not_sent"}
{"ts": "2026-05-26T08:05:02.446554+00:00", "status": "FAIL", "validator_rc": 1, "failed_checks": ["db_guardrails"], "alert_needed": false, "alert_reason": "fail_no_new_signal", "telegram": "not_sent", "webhook": "not_sent"}
{"ts": "2026-05-26T08:10:02.908892+00:00", "status": "FAIL", "validator_rc": 1, "failed_checks": ["db_guardrails"], "alert_needed": true, "alert_reason": "fail_reminder", "telegram": "ok", "webhook": "webhook_not_configured"}
{"ts": "2026-05-26T08:15:02.281882+00:00", "status": "FAIL", "validator_rc": 1, "failed_checks": ["db_guardrails"], "alert_needed": false, "alert_reason": "fail_no_new_signal", "telegram": "not_sent", "webhook": "not_sent"}
{"ts": "2026-05-26T08:20:02.297859+00:00", "status": "FAIL", "validator_rc": 1, "failed_checks": ["db_guardrails"], "alert_needed": false, "alert_reason": "fail_no_new_signal", "telegram": "not_sent", "webhook": "not_sent"}
{"ts": "2026-05-26T08:25:01.891324+00:00", "status": "FAIL", "validator_rc": 1, "failed_checks": ["db_guardrails"], "alert_needed": false, "alert_reason": "fail_no_new_signal", "telegram": "not_sent", "webhook": "not_sent"}
{"ts": "2026-05-26T08:30:02.287086+00:00", "status": "FAIL", "validator_rc": 1, "failed_checks": ["db_guardrails"], "alert_needed": false, "alert_reason": "fail_no_new_signal", "telegram": "not_sent", "webhook": "not_sent"}
{"ts": "2026-05-26T08:35:02.225434+00:00", "status": "FAIL", "validator_rc": 1, "failed_checks": ["db_guardrails"], "alert_needed": false, "alert_reason": "fail_no_new_signal", "telegram": "not_sent", "webhook": "not_sent"}
{"ts": "2026-05-26T08:40:03.319850+00:00", "status": "FAIL", "validator_rc": 1, "failed_checks": ["db_guardrails"], "alert_needed": true, "alert_reason": "fail_reminder", "telegram": "ok", "webhook": "webhook_not_configured"}
{"ts": "2026-05-26T08:45:02.205250+00:00", "status": "FAIL", "validator_rc": 1, "failed_checks": ["db_guardrails"], "alert_needed": false, "alert_reason": "fail_no_new_signal", "telegram": "not_sent", "webhook": "not_sent"}
{"ts": "2026-05-26T08:50:02.116906+00:00", "status": "FAIL", "validator_rc": 1, "failed_checks": ["db_guardrails"], "alert_needed": false, "alert_reason": "fail_no_new_signal", "telegram": "not_sent", "webhook": "not_sent"}
{"ts": "2026-05-26T08:55:01.457758+00:00", "status": "FAIL", "validator_rc": 1, "failed_checks": ["db_guardrails"], "alert_needed": false, "alert_reason": "fail_no_new_signal", "telegram": "not_sent", "webhook": "not_sent"}
{"ts": "2026-05-26T09:00:02.203137+00:00", "status": "FAIL", "validator_rc": 1, "failed_checks": ["db_guardrails"], "alert_needed": false, "alert_reason": "fail_no_new_signal", "telegram": "not_sent", "webhook": "not_sent"}
{"ts": "2026-05-26T09:05:02.103353+00:00", "status": "FAIL", "validator_rc": 1, "failed_checks": ["db_guardrails"], "alert_needed": false, "alert_reason": "fail_no_new_signal", "telegram": "not_sent", "webhook": "not_sent"}
{"ts": "2026-05-26T09:10:01.496389+00:00", "status": "FAIL", "validator_rc": 1, "failed_checks": ["db_guardrails"], "alert_needed": false, "alert_reason": "fail_no_new_signal", "telegram": "not_sent", "webhook": "not_sent"}
{"ts": "2026-05-26T09:15:02.312286+00:00", "status": "FAIL", "validator_rc": 1, "failed_checks": ["db_guardrails"], "alert_needed": true, "alert_reason": "fail_reminder", "telegram": "ok", "webhook": "webhook_not_configured"}
{"ts": "2026-05-26T09:20:02.382561+00:00", "status": "FAIL", "validator_rc": 1, "failed_checks": ["db_guardrails"], "alert_needed": false, "alert_reason": "fail_no_new_signal", "telegram": "not_sent", "webhook": "not_sent"}
{"ts": "2026-05-26T09:25:01.957613+00:00", "status": "FAIL", "validator_rc": 1, "failed_checks": ["db_guardrails"], "alert_needed": false, "alert_reason": "fail_no_new_signal", "telegram": "not_sent", "webhook": "not_sent"}
{"ts": "2026-05-26T09:30:02.678748+00:00", "status": "FAIL", "validator_rc": 1, "failed_checks": ["db_guardrails"], "alert_needed": false, "alert_reason": "fail_no_new_signal", "telegram": "not_sent", "webhook": "not_sent"}
{"ts": "2026-05-26T09:35:01.691791+00:00", "status": "FAIL", "validator_rc": 1, "failed_checks": ["db_guardrails"], "alert_needed": false, "alert_reason": "fail_no_new_signal", "telegram": "not_sent", "webhook": "not_sent"}
{"ts": "2026-05-26T09:40:02.017675+00:00", "status": "FAIL", "validator_rc": 1, "failed_checks": ["db_guardrails"], "alert_needed": false, "alert_reason": "fail_no_new_signal", "telegram": "not_sent", "webhook": "not_sent"}
{"ts": "2026-05-26T09:45:02.450745+00:00", "status": "FAIL", "validator_rc": 1, "failed_checks": ["db_guardrails"], "alert_needed": true, "alert_reason": "fail_reminder", "telegram": "ok", "webhook": "webhook_not_configured"}
{"ts": "2026-05-26T09:50:02.595883+00:00", "status": "FAIL", "validator_rc": 1, "failed_checks": ["db_guardrails"], "alert_needed": false, "alert_reason": "fail_no_new_signal", "telegram": "not_sent", "webhook": "not_sent"}
{"ts": "2026-05-26T09:55:01.897268+00:00", "status": "FAIL", "validator_rc": 1, "failed_checks": ["db_guardrails"], "alert_needed": false, "alert_reason": "fail_no_new_signal", "telegram": "not_sent", "webhook": "not_sent"}
{"ts": "2026-05-26T10:00:02.351868+00:00", "status": "FAIL", "validator_rc": 1, "failed_checks": ["db_guardrails"], "alert_needed": false, "alert_reason": "fail_no_new_signal", "telegram": "not_sent", "webhook": "not_sent"}
{"ts": "2026-05-26T10:05:02.215825+00:00", "status": "FAIL", "validator_rc": 1, "failed_checks": ["db_guardrails"], "alert_needed": false, "alert_reason": "fail_no_new_signal", "telegram": "not_sent", "webhook": "not_sent"}
{"ts": "2026-05-26T10:10:02.045904+00:00", "status": "FAIL", "validator_rc": 1, "failed_checks": ["db_guardrails"], "alert_needed": false, "alert_reason": "fail_no_new_signal", "telegram": "not_sent", "webhook": "not_sent"}
{"ts": "2026-05-26T10:15:01.605098+00:00", "status": "FAIL", "validator_rc": 1, "failed_checks": ["db_guardrails"], "alert_needed": false, "alert_reason": "fail_no_new_signal", "telegram": "not_sent", "webhook": "not_sent"}
{"ts": "2026-05-26T10:20:02.480833+00:00", "status": "FAIL", "validator_rc": 1, "failed_checks": ["db_guardrails"], "alert_needed": true, "alert_reason": "fail_reminder", "telegram": "ok", "webhook": "webhook_not_configured"}
{"ts": "2026-05-26T10:25:01.812139+00:00", "status": "FAIL", "validator_rc": 1, "failed_checks": ["db_guardrails"], "alert_needed": false, "alert_reason": "fail_no_new_signal", "telegram": "not_sent", "webhook": "not_sent"}
{"ts": "2026-05-26T10:30:01.989313+00:00", "status": "FAIL", "validator_rc": 1, "failed_checks": ["db_guardrails"], "alert_needed": false, "alert_reason": "fail_no_new_signal", "telegram": "not_sent", "webhook": "not_sent"}
{"ts": "2026-05-26T10:35:01.957949+00:00", "status": "FAIL", "validator_rc": 1, "failed_checks": ["db_guardrails"], "alert_needed": false, "alert_reason": "fail_no_new_signal", "telegram": "not_sent", "webhook": "not_sent"}
{"ts": "2026-05-26T10:40:02.466221+00:00", "status": "FAIL", "validator_rc": 1, "failed_checks": ["db_guardrails"], "alert_needed": false, "alert_reason": "fail_no_new_signal", "telegram": "not_sent", "webhook": "not_sent"}
{"ts": "2026-05-26T10:45:01.675422+00:00", "status": "FAIL", "validator_rc": 1, "failed_checks": ["db_guardrails"], "alert_needed": false, "alert_reason": "fail_no_new_signal", "telegram": "not_sent", "webhook": "not_sent"}
{"ts": "2026-05-26T10:50:01.705981+00:00", "status": "FAIL", "validator_rc": 1, "failed_checks": ["db_guardrails"], "alert_needed": false, "alert_reason": "fail_no_new_signal", "telegram": "not_sent", "webhook": "not_sent"}
{"ts": "2026-05-26T10:55:02.775325+00:00", "status": "FAIL", "validator_rc": 1, "failed_checks": ["db_guardrails"], "alert_needed": true, "alert_reason": "fail_reminder", "telegram": "ok", "webhook": "webhook_not_configured"}
{"ts": "2026-05-26T11:00:02.334208+00:00", "status": "FAIL", "validator_rc": 1, "failed_checks": ["db_guardrails"], "alert_needed": false, "alert_reason": "fail_no_new_signal", "telegram": "not_sent", "webhook": "not_sent"}
{"ts": "2026-05-26T11:05:02.126140+00:00", "status": "FAIL", "validator_rc": 1, "failed_checks": ["db_guardrails"], "alert_needed": false, "alert_reason": "fail_no_new_signal", "telegram": "not_sent", "webhook": "not_sent"}
{"ts": "2026-05-26T11:10:02.068516+00:00", "status": "FAIL", "validator_rc": 1, "failed_checks": ["db_guardrails"], "alert_needed": false, "alert_reason": "fail_no_new_signal", "telegram": "not_sent", "webhook": "not_sent"}
{"ts": "2026-05-26T11:15:02.409214+00:00", "status": "FAIL", "validator_rc": 1, "failed_checks": ["db_guardrails"], "alert_needed": false, "alert_reason": "fail_no_new_signal", "telegram": "not_sent", "webhook": "not_sent"}
{"ts": "2026-05-26T11:20:02.499203+00:00", "status": "FAIL", "validator_rc": 1, "failed_checks": ["db_guardrails"], "alert_needed": false, "alert_reason": "fail_no_new_signal", "telegram": "not_sent", "webhook": "not_sent"}
{"ts": "2026-05-26T11:25:02.103418+00:00", "status": "FAIL", "validator_rc": 1, "failed_checks": ["db_guardrails"], "alert_needed": false, "alert_reason": "fail_no_new_signal", "telegram": "not_sent", "webhook": "not_sent"}
{"ts": "2026-05-26T11:30:03.121859+00:00", "status": "FAIL", "validator_rc": 1, "failed_checks": ["db_guardrails"], "alert_needed": true, "alert_reason": "fail_reminder", "telegram": "ok", "webhook": "webhook_not_configured"}
{"ts": "2026-05-26T11:35:01.899401+00:00", "status": "FAIL", "validator_rc": 1, "failed_checks": ["db_guardrails"], "alert_needed": false, "alert_reason": "fail_no_new_signal", "telegram": "not_sent", "webhook": "not_sent"}
{"ts": "2026-05-26T11:40:02.055552+00:00", "status": "FAIL", "validator_rc": 1, "failed_checks": ["db_guardrails"], "alert_needed": false, "alert_reason": "fail_no_new_signal", "telegram": "not_sent", "webhook": "not_sent"}
{"ts": "2026-05-26T11:45:02.483558+00:00", "status": "FAIL", "validator_rc": 1, "failed_checks": ["db_guardrails"], "alert_needed": false, "alert_reason": "fail_no_new_signal", "telegram": "not_sent", "webhook": "not_sent"}
{"ts": "2026-05-26T11:50:02.289330+00:00", "status": "FAIL", "validator_rc": 1, "failed_checks": ["db_guardrails"], "alert_needed": false, "alert_reason": "fail_no_new_signal", "telegram": "not_sent", "webhook": "not_sent"}
{"ts": "2026-05-26T11:55:01.428263+00:00", "status": "FAIL", "validator_rc": 1, "failed_checks": ["db_guardrails"], "alert_needed": false, "alert_reason": "fail_no_new_signal", "telegram": "not_sent", "webhook": "not_sent"}
{"ts": "2026-05-26T12:00:02.541968+00:00", "status": "FAIL", "validator_rc": 1, "failed_checks": ["db_guardrails"], "alert_needed": false, "alert_reason": "fail_no_new_signal", "telegram": "not_sent", "webhook": "not_sent"}
{"ts": "2026-05-26T12:05:02.592796+00:00", "status": "FAIL", "validator_rc": 1, "failed_checks": ["db_guardrails"], "alert_needed": true, "alert_reason": "fail_reminder", "telegram": "ok", "webhook": "webhook_not_configured"}
{"ts": "2026-05-26T12:10:01.795652+00:00", "status": "FAIL", "validator_rc": 1, "failed_checks": ["db_guardrails"], "alert_needed": false, "alert_reason": "fail_no_new_signal", "telegram": "not_sent", "webhook": "not_sent"}
{"ts": "2026-05-26T12:15:01.675325+00:00", "status": "FAIL", "validator_rc": 1, "failed_checks": ["db_guardrails"], "alert_needed": false, "alert_reason": "fail_no_new_signal", "telegram": "not_sent", "webhook": "not_sent"}
{"ts": "2026-05-26T12:20:01.871964+00:00", "status": "FAIL", "validator_rc": 1, "failed_checks": ["db_guardrails"], "alert_needed": false, "alert_reason": "fail_no_new_signal", "telegram": "not_sent", "webhook": "not_sent"}
{"ts": "2026-05-26T12:25:02.085353+00:00", "status": "FAIL", "validator_rc": 1, "failed_checks": ["db_guardrails"], "alert_needed": false, "alert_reason": "fail_no_new_signal", "telegram": "not_sent", "webhook": "not_sent"}
{"ts": "2026-05-26T12:30:02.065210+00:00", "status": "FAIL", "validator_rc": 1, "failed_checks": ["db_guardrails"], "alert_needed": false, "alert_reason": "fail_no_new_signal", "telegram": "not_sent", "webhook": "not_sent"}
{"ts": "2026-05-26T12:35:01.940260+00:00", "status": "FAIL", "validator_rc": 1, "failed_checks": ["db_guardrails"], "alert_needed": false, "alert_reason": "fail_no_new_signal", "telegram": "not_sent", "webhook": "not_sent"}
{"ts": "2026-05-26T12:40:02.871122+00:00", "status": "FAIL", "validator_rc": 1, "failed_checks": ["db_guardrails"], "alert_needed": true, "alert_reason": "fail_reminder", "telegram": "ok", "webhook": "webhook_not_configured"}
{"ts": "2026-05-26T12:45:02.136349+00:00", "status": "FAIL", "validator_rc": 1, "failed_checks": ["db_guardrails"], "alert_needed": false, "alert_reason": "fail_no_new_signal", "telegram": "not_sent", "webhook": "not_sent"}
{"ts": "2026-05-26T12:50:02.152950+00:00", "status": "FAIL", "validator_rc": 1, "failed_checks": ["db_guardrails"], "alert_needed": false, "alert_reason": "fail_no_new_signal", "telegram": "not_sent", "webhook": "not_sent"}
{"ts": "2026-05-26T12:55:01.522604+00:00", "status": "FAIL", "validator_rc": 1, "failed_checks": ["db_guardrails"], "alert_needed": false, "alert_reason": "fail_no_new_signal", "telegram": "not_sent", "webhook": "not_sent"}
{"ts": "2026-05-26T13:00:04.165797+00:00", "status": "FAIL", "validator_rc": 1, "failed_checks": ["db_guardrails"], "alert_needed": false, "alert_reason": "fail_no_new_signal", "telegram": "not_sent", "webhook": "not_sent"}
{"ts": "2026-05-26T13:05:02.813482+00:00", "status": "FAIL", "validator_rc": 1, "failed_checks": ["db_guardrails"], "alert_needed": false, "alert_reason": "fail_no_new_signal", "telegram": "not_sent", "webhook": "not_sent"}
{"ts": "2026-05-26T13:10:03.251383+00:00", "status": "FAIL", "validator_rc": 1, "failed_checks": ["db_guardrails"], "alert_needed": true, "alert_reason": "fail_reminder", "telegram": "ok", "webhook": "webhook_not_configured"}
{"ts": "2026-05-26T13:15:02.021400+00:00", "status": "FAIL", "validator_rc": 1, "failed_checks": ["db_guardrails"], "alert_needed": false, "alert_reason": "fail_no_new_signal", "telegram": "not_sent", "webhook": "not_sent"}
{"ts": "2026-05-26T13:20:01.832921+00:00", "status": "FAIL", "validator_rc": 1, "failed_checks": ["db_guardrails"], "alert_needed": false, "alert_reason": "fail_no_new_signal", "telegram": "not_sent", "webhook": "not_sent"}
{"ts": "2026-05-26T13:25:01.549053+00:00", "status": "FAIL", "validator_rc": 1, "failed_checks": ["db_guardrails"], "alert_needed": false, "alert_reason": "fail_no_new_signal", "telegram": "not_sent", "webhook": "not_sent"}
{"ts": "2026-05-26T13:30:03.458210+00:00", "status": "FAIL", "validator_rc": 1, "failed_checks": ["db_guardrails"], "alert_needed": false, "alert_reason": "fail_no_new_signal", "telegram": "not_sent", "webhook": "not_sent"}
{"ts": "2026-05-26T13:35:01.708956+00:00", "status": "FAIL", "validator_rc": 1, "failed_checks": ["db_guardrails"], "alert_needed": false, "alert_reason": "fail_no_new_signal", "telegram": "not_sent", "webhook": "not_sent"}
{"ts": "2026-05-26T13:40:02.298278+00:00", "status": "FAIL", "validator_rc": 1, "failed_checks": ["db_guardrails"], "alert_needed": false, "alert_reason": "fail_no_new_signal", "telegram": "not_sent", "webhook": "not_sent"}
{"ts": "2026-05-26T13:45:03.118549+00:00", "status": "FAIL", "validator_rc": 1, "failed_checks": ["db_guardrails"], "alert_needed": true, "alert_reason": "fail_reminder", "telegram": "ok", "webhook": "webhook_not_configured"}
{"ts": "2026-05-26T13:50:02.095066+00:00", "status": "FAIL", "validator_rc": 1, "failed_checks": ["db_guardrails"], "alert_needed": false, "alert_reason": "fail_no_new_signal", "telegram": "not_sent", "webhook": "not_sent"}
{"ts": "2026-05-26T13:55:02.038808+00:00", "status": "FAIL", "validator_rc": 1, "failed_checks": ["db_guardrails"], "alert_needed": false, "alert_reason": "fail_no_new_signal", "telegram": "not_sent", "webhook": "not_sent"}
{"ts": "2026-05-26T14:00:02.418644+00:00", "status": "FAIL", "validator_rc": 1, "failed_checks": ["db_guardrails"], "alert_needed": false, "alert_reason": "fail_no_new_signal", "telegram": "not_sent", "webhook": "not_sent"}
{"ts": "2026-05-26T14:05:02.344416+00:00", "status": "FAIL", "validator_rc": 1, "failed_checks": ["db_guardrails"], "alert_needed": false, "alert_reason": "fail_no_new_signal", "telegram": "not_sent", "webhook": "not_sent"}
{"ts": "2026-05-26T14:10:02.138573+00:00", "status": "FAIL", "validator_rc": 1, "failed_checks": ["db_guardrails"], "alert_needed": false, "alert_reason": "fail_no_new_signal", "telegram": "not_sent", "webhook": "not_sent"}
{"ts": "2026-05-26T14:15:02.182692+00:00", "status": "FAIL", "validator_rc": 1, "failed_checks": ["db_guardrails"], "alert_needed": false, "alert_reason": "fail_no_new_signal", "telegram": "not_sent", "webhook": "not_sent"}
{"ts": "2026-05-26T14:20:02.810376+00:00", "status": "FAIL", "validator_rc": 1, "failed_checks": ["db_guardrails"], "alert_needed": true, "alert_reason": "fail_reminder", "telegram": "ok", "webhook": "webhook_not_configured"}
{"ts": "2026-05-26T14:25:02.499143+00:00", "status": "FAIL", "validator_rc": 1, "failed_checks": ["db_guardrails"], "alert_needed": false, "alert_reason": "fail_no_new_signal", "telegram": "not_sent", "webhook": "not_sent"}
{"ts": "2026-05-26T14:30:02.519125+00:00", "status": "FAIL", "validator_rc": 1, "failed_checks": ["db_guardrails"], "alert_needed": false, "alert_reason": "fail_no_new_signal", "telegram": "not_sent", "webhook": "not_sent"}
{"ts": "2026-05-26T14:35:02.278527+00:00", "status": "FAIL", "validator_rc": 1, "failed_checks": ["db_guardrails"], "alert_needed": false, "alert_reason": "fail_no_new_signal", "telegram": "not_sent", "webhook": "not_sent"}
{"ts": "2026-05-26T14:40:02.147912+00:00", "status": "FAIL", "validator_rc": 1, "failed_checks": ["db_guardrails"], "alert_needed": false, "alert_reason": "fail_no_new_signal", "telegram": "not_sent", "webhook": "not_sent"}
{"ts": "2026-05-26T14:45:03.112794+00:00", "status": "FAIL", "validator_rc": 1, "failed_checks": ["db_guardrails"], "alert_needed": false, "alert_reason": "fail_no_new_signal", "telegram": "not_sent", "webhook": "not_sent"}
{"ts": "2026-05-26T14:50:03.304515+00:00", "status": "FAIL", "validator_rc": 1, "failed_checks": ["db_guardrails"], "alert_needed": true, "alert_reason": "fail_reminder", "telegram": "ok", "webhook": "webhook_not_configured"}
{"ts": "2026-05-26T14:55:01.786922+00:00", "status": "FAIL", "validator_rc": 1, "failed_checks": ["db_guardrails"], "alert_needed": false, "alert_reason": "fail_no_new_signal", "telegram": "not_sent", "webhook": "not_sent"}
{"ts": "2026-05-26T15:00:03.016954+00:00", "status": "PASS", "validator_rc": 0, "failed_checks": [], "alert_needed": true, "alert_reason": "recovery_fail_to_pass", "telegram": "ok", "webhook": "webhook_not_configured"}
{"ts": "2026-05-26T15:05:02.470834+00:00", "status": "PASS", "validator_rc": 0, "failed_checks": [], "alert_needed": false, "alert_reason": "no_alert_needed", "telegram": "not_sent", "webhook": "not_sent"}
{"ts": "2026-05-26T15:10:02.339755+00:00", "status": "PASS", "validator_rc": 0, "failed_checks": [], "alert_needed": false, "alert_reason": "no_alert_needed", "telegram": "not_sent", "webhook": "not_sent"}
{"ts": "2026-05-26T15:15:02.644481+00:00", "status": "PASS", "validator_rc": 0, "failed_checks": [], "alert_needed": false, "alert_reason": "no_alert_needed", "telegram": "not_sent", "webhook": "not_sent"}
{"ts": "2026-05-26T15:20:02.360085+00:00", "status": "PASS", "validator_rc": 0, "failed_checks": [], "alert_needed": false, "alert_reason": "no_alert_needed", "telegram": "not_sent", "webhook": "not_sent"}
{"ts": "2026-05-26T15:25:02.466536+00:00", "status": "PASS", "validator_rc": 0, "failed_checks": [], "alert_needed": false, "alert_reason": "no_alert_needed", "telegram": "not_sent", "webhook": "not_sent"}
{"ts": "2026-05-26T15:30:02.706069+00:00", "status": "PASS", "validator_rc": 0, "failed_checks": [], "alert_needed": false, "alert_reason": "no_alert_needed", "telegram": "not_sent", "webhook": "not_sent"}
{"ts": "2026-05-26T15:35:01.958075+00:00", "status": "PASS", "validator_rc": 0, "failed_checks": [], "alert_needed": false, "alert_reason": "no_alert_needed", "telegram": "not_sent", "webhook": "not_sent"}
{"ts": "2026-05-26T15:40:02.414960+00:00", "status": "PASS", "validator_rc": 0, "failed_checks": [], "alert_needed": false, "alert_reason": "no_alert_needed", "telegram": "not_sent", "webhook": "not_sent"}
{"ts": "2026-05-26T15:45:02.098152+00:00", "status": "PASS", "validator_rc": 0, "failed_checks": [], "alert_needed": false, "alert_reason": "no_alert_needed", "telegram": "not_sent", "webhook": "not_sent"}
{"ts": "2026-05-26T15:50:02.286428+00:00", "status": "PASS", "validator_rc": 0, "failed_checks": [], "alert_needed": false, "alert_reason": "no_alert_needed", "telegram": "not_sent", "webhook": "not_sent"}
{"ts": "2026-05-26T15:55:01.924597+00:00", "status": "PASS", "validator_rc": 0, "failed_checks": [], "alert_needed": false, "alert_reason": "no_alert_needed", "telegram": "not_sent", "webhook": "not_sent"}
{"ts": "2026-05-26T16:00:02.372500+00:00", "status": "PASS", "validator_rc": 0, "failed_checks": [], "alert_needed": false, "alert_reason": "no_alert_needed", "telegram": "not_sent", "webhook": "not_sent"}
{"ts": "2026-05-26T16:05:02.190554+00:00", "status": "PASS", "validator_rc": 0, "failed_checks": [], "alert_needed": false, "alert_reason": "no_alert_needed", "telegram": "not_sent", "webhook": "not_sent"}
{"ts": "2026-05-26T16:10:01.736964+00:00", "status": "PASS", "validator_rc": 0, "failed_checks": [], "alert_needed": false, "alert_reason": "no_alert_needed", "telegram": "not_sent", "webhook": "not_sent"}
{"ts": "2026-05-26T16:15:02.154935+00:00", "status": "PASS", "validator_rc": 0, "failed_checks": [], "alert_needed": false, "alert_reason": "no_alert_needed", "telegram": "not_sent", "webhook": "not_sent"}
{"ts": "2026-05-26T16:20:02.350891+00:00", "status": "PASS", "validator_rc": 0, "failed_checks": [], "alert_needed": false, "alert_reason": "no_alert_needed", "telegram": "not_sent", "webhook": "not_sent"}
{"ts": "2026-05-26T16:25:01.806460+00:00", "status": "PASS", "validator_rc": 0, "failed_checks": [], "alert_needed": false, "alert_reason": "no_alert_needed", "telegram": "not_sent", "webhook": "not_sent"}
{"ts": "2026-05-26T16:30:04.036309+00:00", "status": "FAIL", "validator_rc": 1, "failed_checks": ["db_guardrails"], "alert_needed": true, "alert_reason": "transition_pass_to_fail", "telegram": "ok", "webhook": "webhook_not_configured"}
{"ts": "2026-05-26T16:35:01.915104+00:00", "status": "FAIL", "validator_rc": 1, "failed_checks": ["db_guardrails"], "alert_needed": false, "alert_reason": "fail_no_new_signal", "telegram": "not_sent", "webhook": "not_sent"}
{"ts": "2026-05-26T16:40:02.587190+00:00", "status": "FAIL", "validator_rc": 1, "failed_checks": ["db_guardrails"], "alert_needed": false, "alert_reason": "fail_no_new_signal", "telegram": "not_sent", "webhook": "not_sent"}
{"ts": "2026-05-26T16:45:01.816878+00:00", "status": "FAIL", "validator_rc": 1, "failed_checks": ["db_guardrails"], "alert_needed": false, "alert_reason": "fail_no_new_signal", "telegram": "not_sent", "webhook": "not_sent"}
{"ts": "2026-05-26T16:50:01.746398+00:00", "status": "FAIL", "validator_rc": 1, "failed_checks": ["db_guardrails"], "alert_needed": false, "alert_reason": "fail_no_new_signal", "telegram": "not_sent", "webhook": "not_sent"}
{"ts": "2026-05-26T16:55:01.486537+00:00", "status": "FAIL", "validator_rc": 1, "failed_checks": ["db_guardrails"], "alert_needed": false, "alert_reason": "fail_no_new_signal", "telegram": "not_sent", "webhook": "not_sent"}
{"ts": "2026-05-26T17:00:02.969322+00:00", "status": "FAIL", "validator_rc": 1, "failed_checks": ["db_guardrails"], "alert_needed": false, "alert_reason": "fail_no_new_signal", "telegram": "not_sent", "webhook": "not_sent"}
{"ts": "2026-05-26T17:05:02.880575+00:00", "status": "FAIL", "validator_rc": 1, "failed_checks": ["db_guardrails"], "alert_needed": true, "alert_reason": "fail_reminder", "telegram": "ok", "webhook": "webhook_not_configured"}
{"ts": "2026-05-26T17:10:02.299160+00:00", "status": "FAIL", "validator_rc": 1, "failed_checks": ["db_guardrails"], "alert_needed": false, "alert_reason": "fail_no_new_signal", "telegram": "not_sent", "webhook": "not_sent"}
{"ts": "2026-05-26T17:15:02.810642+00:00", "status": "FAIL", "validator_rc": 1, "failed_checks": ["db_guardrails"], "alert_needed": false, "alert_reason": "fail_no_new_signal", "telegram": "not_sent", "webhook": "not_sent"}
{"ts": "2026-05-26T17:20:02.288266+00:00", "status": "FAIL", "validator_rc": 1, "failed_checks": ["db_guardrails"], "alert_needed": false, "alert_reason": "fail_no_new_signal", "telegram": "not_sent", "webhook": "not_sent"}
{"ts": "2026-05-26T17:25:01.942279+00:00", "status": "FAIL", "validator_rc": 1, "failed_checks": ["db_guardrails"], "alert_needed": false, "alert_reason": "fail_no_new_signal", "telegram": "not_sent", "webhook": "not_sent"}
{"ts": "2026-05-26T17:30:03.018470+00:00", "status": "FAIL", "validator_rc": 1, "failed_checks": ["db_guardrails"], "alert_needed": false, "alert_reason": "fail_no_new_signal", "telegram": "not_sent", "webhook": "not_sent"}
{"ts": "2026-05-26T17:35:01.850899+00:00", "status": "FAIL", "validator_rc": 1, "failed_checks": ["db_guardrails"], "alert_needed": false, "alert_reason": "fail_no_new_signal", "telegram": "not_sent", "webhook": "not_sent"}
{"ts": "2026-05-26T17:40:02.001076+00:00", "status": "FAIL", "validator_rc": 1, "failed_checks": ["db_guardrails"], "alert_needed": true, "alert_reason": "fail_reminder", "telegram": "ok", "webhook": "webhook_not_configured"}
{"ts": "2026-05-26T17:45:02.520886+00:00", "status": "FAIL", "validator_rc": 1, "failed_checks": ["db_guardrails"], "alert_needed": false, "alert_reason": "fail_no_new_signal", "telegram": "not_sent", "webhook": "not_sent"}
{"ts": "2026-05-26T17:50:01.670533+00:00", "status": "FAIL", "validator_rc": 1, "failed_checks": ["db_guardrails"], "alert_needed": false, "alert_reason": "fail_no_new_signal", "telegram": "not_sent", "webhook": "not_sent"}
{"ts": "2026-05-26T17:55:02.017275+00:00", "status": "FAIL", "validator_rc": 1, "failed_checks": ["db_guardrails"], "alert_needed": false, "alert_reason": "fail_no_new_signal", "telegram": "not_sent", "webhook": "not_sent"}
{"ts": "2026-05-26T18:00:02.732254+00:00", "status": "FAIL", "validator_rc": 1, "failed_checks": ["db_guardrails"], "alert_needed": false, "alert_reason": "fail_no_new_signal", "telegram": "not_sent", "webhook": "not_sent"}
{"ts": "2026-05-26T18:05:01.707328+00:00", "status": "FAIL", "validator_rc": 1, "failed_checks": ["db_guardrails"], "alert_needed": false, "alert_reason": "fail_no_new_signal", "telegram": "not_sent", "webhook": "not_sent"}
{"ts": "2026-05-26T18:10:02.417383+00:00", "status": "FAIL", "validator_rc": 1, "failed_checks": ["db_guardrails"], "alert_needed": true, "alert_reason": "fail_reminder", "telegram": "ok", "webhook": "webhook_not_configured"}
{"ts": "2026-05-26T18:15:02.153683+00:00", "status": "FAIL", "validator_rc": 1, "failed_checks": ["db_guardrails"], "alert_needed": false, "alert_reason": "fail_no_new_signal", "telegram": "not_sent", "webhook": "not_sent"}
{"ts": "2026-05-26T18:20:01.573500+00:00", "status": "FAIL", "validator_rc": 1, "failed_checks": ["db_guardrails"], "alert_needed": false, "alert_reason": "fail_no_new_signal", "telegram": "not_sent", "webhook": "not_sent"}
{"ts": "2026-05-26T18:25:02.511322+00:00", "status": "FAIL", "validator_rc": 1, "failed_checks": ["db_guardrails"], "alert_needed": false, "alert_reason": "fail_no_new_signal", "telegram": "not_sent", "webhook": "not_sent"}
{"ts": "2026-05-26T18:30:03.111689+00:00", "status": "FAIL", "validator_rc": 1, "failed_checks": ["db_guardrails"], "alert_needed": false, "alert_reason": "fail_no_new_signal", "telegram": "not_sent", "webhook": "not_sent"}
{"ts": "2026-05-26T18:35:02.362080+00:00", "status": "FAIL", "validator_rc": 1, "failed_checks": ["db_guardrails"], "alert_needed": false, "alert_reason": "fail_no_new_signal", "telegram": "not_sent", "webhook": "not_sent"}
{"ts": "2026-05-26T18:40:03.001652+00:00", "status": "FAIL", "validator_rc": 1, "failed_checks": ["db_guardrails"], "alert_needed": true, "alert_reason": "fail_reminder", "telegram": "ok", "webhook": "webhook_not_configured"}
{"ts": "2026-05-26T18:45:03.118571+00:00", "status": "FAIL", "validator_rc": 1, "failed_checks": ["db_guardrails"], "alert_needed": false, "alert_reason": "fail_no_new_signal", "telegram": "not_sent", "webhook": "not_sent"}
{"ts": "2026-05-26T18:50:02.415389+00:00", "status": "FAIL", "validator_rc": 1, "failed_checks": ["db_guardrails"], "alert_needed": false, "alert_reason": "fail_no_new_signal", "telegram": "not_sent", "webhook": "not_sent"}
{"ts": "2026-05-26T18:55:01.639155+00:00", "status": "FAIL", "validator_rc": 1, "failed_checks": ["db_guardrails"], "alert_needed": false, "alert_reason": "fail_no_new_signal", "telegram": "not_sent", "webhook": "not_sent"}
{"ts": "2026-05-26T19:00:02.866118+00:00", "status": "FAIL", "validator_rc": 1, "failed_checks": ["db_guardrails"], "alert_needed": false, "alert_reason": "fail_no_new_signal", "telegram": "not_sent", "webhook": "not_sent"}
{"ts": "2026-05-26T19:05:02.305072+00:00", "status": "FAIL", "validator_rc": 1, "failed_checks": ["db_guardrails"], "alert_needed": false, "alert_reason": "fail_no_new_signal", "telegram": "not_sent", "webhook": "not_sent"}
{"ts": "2026-05-26T19:10:01.838746+00:00", "status": "FAIL", "validator_rc": 1, "failed_checks": ["db_guardrails"], "alert_needed": false, "alert_reason": "fail_no_new_signal", "telegram": "not_sent", "webhook": "not_sent"}
{"ts": "2026-05-26T19:15:03.284694+00:00", "status": "FAIL", "validator_rc": 1, "failed_checks": ["db_guardrails"], "alert_needed": true, "alert_reason": "fail_reminder", "telegram": "ok", "webhook": "webhook_not_configured"}
{"ts": "2026-05-26T19:20:02.406851+00:00", "status": "FAIL", "validator_rc": 1, "failed_checks": ["db_guardrails"], "alert_needed": false, "alert_reason": "fail_no_new_signal", "telegram": "not_sent", "webhook": "not_sent"}
{"ts": "2026-05-26T19:25:02.523836+00:00", "status": "FAIL", "validator_rc": 1, "failed_checks": ["db_guardrails"], "alert_needed": false, "alert_reason": "fail_no_new_signal", "telegram": "not_sent", "webhook": "not_sent"}
{"ts": "2026-05-26T19:30:02.944379+00:00", "status": "FAIL", "validator_rc": 1, "failed_checks": ["db_guardrails"], "alert_needed": false, "alert_reason": "fail_no_new_signal", "telegram": "not_sent", "webhook": "not_sent"}
{"ts": "2026-05-26T19:35:02.280363+00:00", "status": "FAIL", "validator_rc": 1, "failed_checks": ["db_guardrails"], "alert_needed": false, "alert_reason": "fail_no_new_signal", "telegram": "not_sent", "webhook": "not_sent"}
{"ts": "2026-05-26T19:40:01.803865+00:00", "status": "FAIL", "validator_rc": 1, "failed_checks": ["db_guardrails"], "alert_needed": false, "alert_reason": "fail_no_new_signal", "telegram": "not_sent", "webhook": "not_sent"}
{"ts": "2026-05-26T19:45:03.759292+00:00", "status": "FAIL", "validator_rc": 1, "failed_checks": ["db_guardrails"], "alert_needed": true, "alert_reason": "fail_reminder", "telegram": "ok", "webhook": "webhook_not_configured"}
{"ts": "2026-05-26T19:50:02.003048+00:00", "status": "FAIL", "validator_rc": 1, "failed_checks": ["db_guardrails"], "alert_needed": false, "alert_reason": "fail_no_new_signal", "telegram": "not_sent", "webhook": "not_sent"}
{"ts": "2026-05-26T19:55:02.055740+00:00", "status": "FAIL", "validator_rc": 1, "failed_checks": ["db_guardrails"], "alert_needed": false, "alert_reason": "fail_no_new_signal", "telegram": "not_sent", "webhook": "not_sent"}
{"ts": "2026-05-26T20:00:03.783053+00:00", "status": "FAIL", "validator_rc": 1, "failed_checks": ["db_guardrails"], "alert_needed": false, "alert_reason": "fail_no_new_signal", "telegram": "not_sent", "webhook": "not_sent"}
{"ts": "2026-05-26T20:05:02.396138+00:00", "status": "FAIL", "validator_rc": 1, "failed_checks": ["db_guardrails"], "alert_needed": false, "alert_reason": "fail_no_new_signal", "telegram": "not_sent", "webhook": "not_sent"}
{"ts": "2026-05-26T20:10:02.119244+00:00", "status": "FAIL", "validator_rc": 1, "failed_checks": ["db_guardrails"], "alert_needed": false, "alert_reason": "fail_no_new_signal", "telegram": "not_sent", "webhook": "not_sent"}
{"ts": "2026-05-26T20:15:02.699798+00:00", "status": "FAIL", "validator_rc": 1, "failed_checks": ["db_guardrails"], "alert_needed": false, "alert_reason": "fail_no_new_signal", "telegram": "not_sent", "webhook": "not_sent"}
{"ts": "2026-05-26T20:20:02.454797+00:00", "status": "FAIL", "validator_rc": 1, "failed_checks": ["db_guardrails"], "alert_needed": true, "alert_reason": "fail_reminder", "telegram": "ok", "webhook": "webhook_not_configured"}
{"ts": "2026-05-26T20:25:01.674223+00:00", "status": "FAIL", "validator_rc": 1, "failed_checks": ["db_guardrails"], "alert_needed": false, "alert_reason": "fail_no_new_signal", "telegram": "not_sent", "webhook": "not_sent"}
{"ts": "2026-05-26T20:30:01.643870+00:00", "status": "FAIL", "validator_rc": 1, "failed_checks": ["db_guardrails"], "alert_needed": false, "alert_reason": "fail_no_new_signal", "telegram": "not_sent", "webhook": "not_sent"}
{"ts": "2026-05-26T20:35:01.681765+00:00", "status": "FAIL", "validator_rc": 1, "failed_checks": ["db_guardrails"], "alert_needed": false, "alert_reason": "fail_no_new_signal", "telegram": "not_sent", "webhook": "not_sent"}
{"ts": "2026-05-26T20:40:02.873239+00:00", "status": "FAIL", "validator_rc": 1, "failed_checks": ["db_guardrails"], "alert_needed": false, "alert_reason": "fail_no_new_signal", "telegram": "not_sent", "webhook": "not_sent"}
{"ts": "2026-05-26T20:45:02.729431+00:00", "status": "FAIL", "validator_rc": 1, "failed_checks": ["db_guardrails"], "alert_needed": false, "alert_reason": "fail_no_new_signal", "telegram": "not_sent", "webhook": "not_sent"}
{"ts": "2026-05-26T20:50:01.951725+00:00", "status": "FAIL", "validator_rc": 1, "failed_checks": ["db_guardrails"], "alert_needed": false, "alert_reason": "fail_no_new_signal", "telegram": "not_sent", "webhook": "not_sent"}
{"ts": "2026-05-26T20:55:02.295119+00:00", "status": "FAIL", "validator_rc": 1, "failed_checks": ["db_guardrails"], "alert_needed": true, "alert_reason": "fail_reminder", "telegram": "ok", "webhook": "webhook_not_configured"}
{"ts": "2026-05-26T21:00:03.318537+00:00", "status": "FAIL", "validator_rc": 1, "failed_checks": ["db_guardrails"], "alert_needed": false, "alert_reason": "fail_no_new_signal", "telegram": "not_sent", "webhook": "not_sent"}
{"ts": "2026-05-26T21:05:02.298293+00:00", "status": "FAIL", "validator_rc": 1, "failed_checks": ["db_guardrails"], "alert_needed": false, "alert_reason": "fail_no_new_signal", "telegram": "not_sent", "webhook": "not_sent"}
{"ts": "2026-05-26T21:10:01.890244+00:00", "status": "FAIL", "validator_rc": 1, "failed_checks": ["db_guardrails"], "alert_needed": false, "alert_reason": "fail_no_new_signal", "telegram": "not_sent", "webhook": "not_sent"}
{"ts": "2026-05-26T21:15:02.971706+00:00", "status": "FAIL", "validator_rc": 1, "failed_checks": ["db_guardrails"], "alert_needed": false, "alert_reason": "fail_no_new_signal", "telegram": "not_sent", "webhook": "not_sent"}
{"ts": "2026-05-26T21:20:02.027682+00:00", "status": "FAIL", "validator_rc": 1, "failed_checks": ["db_guardrails"], "alert_needed": false, "alert_reason": "fail_no_new_signal", "telegram": "not_sent", "webhook": "not_sent"}
{"ts": "2026-05-26T21:25:01.753910+00:00", "status": "FAIL", "validator_rc": 1, "failed_checks": ["db_guardrails"], "alert_needed": false, "alert_reason": "fail_no_new_signal", "telegram": "not_sent", "webhook": "not_sent"}
{"ts": "2026-05-26T21:30:02.842967+00:00", "status": "FAIL", "validator_rc": 1, "failed_checks": ["db_guardrails"], "alert_needed": true, "alert_reason": "fail_reminder", "telegram": "ok", "webhook": "webhook_not_configured"}
{"ts": "2026-05-26T21:35:01.716485+00:00", "status": "FAIL", "validator_rc": 1, "failed_checks": ["db_guardrails"], "alert_needed": false, "alert_reason": "fail_no_new_signal", "telegram": "not_sent", "webhook": "not_sent"}
{"ts": "2026-05-26T21:40:02.378939+00:00", "status": "FAIL", "validator_rc": 1, "failed_checks": ["db_guardrails"], "alert_needed": false, "alert_reason": "fail_no_new_signal", "telegram": "not_sent", "webhook": "not_sent"}
{"ts": "2026-05-26T21:45:01.916432+00:00", "status": "FAIL", "validator_rc": 1, "failed_checks": ["db_guardrails"], "alert_needed": false, "alert_reason": "fail_no_new_signal", "telegram": "not_sent", "webhook": "not_sent"}
{"ts": "2026-05-26T21:50:01.908162+00:00", "status": "FAIL", "validator_rc": 1, "failed_checks": ["db_guardrails"], "alert_needed": false, "alert_reason": "fail_no_new_signal", "telegram": "not_sent", "webhook": "not_sent"}
{"ts": "2026-05-26T21:55:02.583785+00:00", "status": "FAIL", "validator_rc": 1, "failed_checks": ["db_guardrails"], "alert_needed": false, "alert_reason": "fail_no_new_signal", "telegram": "not_sent", "webhook": "not_sent"}
{"ts": "2026-05-26T22:00:02.073891+00:00", "status": "FAIL", "validator_rc": 1, "failed_checks": ["db_guardrails"], "alert_needed": false, "alert_reason": "fail_no_new_signal", "telegram": "not_sent", "webhook": "not_sent"}
{"ts": "2026-05-26T22:05:02.658988+00:00", "status": "FAIL", "validator_rc": 1, "failed_checks": ["db_guardrails"], "alert_needed": true, "alert_reason": "fail_reminder", "telegram": "ok", "webhook": "webhook_not_configured"}
{"ts": "2026-05-26T22:10:02.188243+00:00", "status": "FAIL", "validator_rc": 1, "failed_checks": ["db_guardrails"], "alert_needed": false, "alert_reason": "fail_no_new_signal", "telegram": "not_sent", "webhook": "not_sent"}
{"ts": "2026-05-26T22:15:02.251595+00:00", "status": "FAIL", "validator_rc": 1, "failed_checks": ["db_guardrails"], "alert_needed": false, "alert_reason": "fail_no_new_signal", "telegram": "not_sent", "webhook": "not_sent"}
{"ts": "2026-05-26T22:20:02.292469+00:00", "status": "FAIL", "validator_rc": 1, "failed_checks": ["db_guardrails"], "alert_needed": false, "alert_reason": "fail_no_new_signal", "telegram": "not_sent", "webhook": "not_sent"}
{"ts": "2026-05-26T22:25:02.041799+00:00", "status": "FAIL", "validator_rc": 1, "failed_checks": ["db_guardrails"], "alert_needed": false, "alert_reason": "fail_no_new_signal", "telegram": "not_sent", "webhook": "not_sent"}
{"ts": "2026-05-26T22:30:02.813684+00:00", "status": "FAIL", "validator_rc": 1, "failed_checks": ["db_guardrails"], "alert_needed": false, "alert_reason": "fail_no_new_signal", "telegram": "not_sent", "webhook": "not_sent"}
{"ts": "2026-05-26T22:35:02.102763+00:00", "status": "FAIL", "validator_rc": 1, "failed_checks": ["db_guardrails"], "alert_needed": false, "alert_reason": "fail_no_new_signal", "telegram": "not_sent", "webhook": "not_sent"}
{"ts": "2026-05-26T22:40:02.299498+00:00", "status": "FAIL", "validator_rc": 1, "failed_checks": ["db_guardrails"], "alert_needed": true, "alert_reason": "fail_reminder", "telegram": "ok", "webhook": "webhook_not_configured"}
{"ts": "2026-05-26T22:45:02.657229+00:00", "status": "FAIL", "validator_rc": 1, "failed_checks": ["db_guardrails"], "alert_needed": false, "alert_reason": "fail_no_new_signal", "telegram": "not_sent", "webhook": "not_sent"}
{"ts": "2026-05-26T22:50:01.837330+00:00", "status": "FAIL", "validator_rc": 1, "failed_checks": ["db_guardrails"], "alert_needed": false, "alert_reason": "fail_no_new_signal", "telegram": "not_sent", "webhook": "not_sent"}
{"ts": "2026-05-26T22:55:02.362839+00:00", "status": "FAIL", "validator_rc": 1, "failed_checks": ["db_guardrails"], "alert_needed": false, "alert_reason": "fail_no_new_signal", "telegram": "not_sent", "webhook": "not_sent"}
{"ts": "2026-05-26T23:00:04.276043+00:00", "status": "FAIL", "validator_rc": 1, "failed_checks": ["db_guardrails"], "alert_needed": false, "alert_reason": "fail_no_new_signal", "telegram": "not_sent", "webhook": "not_sent"}
{"ts": "2026-05-26T23:05:02.137211+00:00", "status": "FAIL", "validator_rc": 1, "failed_checks": ["db_guardrails"], "alert_needed": false, "alert_reason": "fail_no_new_signal", "telegram": "not_sent", "webhook": "not_sent"}
{"ts": "2026-05-26T23:10:02.852709+00:00", "status": "FAIL", "validator_rc": 1, "failed_checks": ["db_guardrails"], "alert_needed": true, "alert_reason": "fail_reminder", "telegram": "ok", "webhook": "webhook_not_configured"}
{"ts": "2026-05-26T23:15:02.628921+00:00", "status": "FAIL", "validator_rc": 1, "failed_checks": ["db_guardrails"], "alert_needed": false, "alert_reason": "fail_no_new_signal", "telegram": "not_sent", "webhook": "not_sent"}
{"ts": "2026-05-26T23:20:02.045279+00:00", "status": "FAIL", "validator_rc": 1, "failed_checks": ["db_guardrails"], "alert_needed": false, "alert_reason": "fail_no_new_signal", "telegram": "not_sent", "webhook": "not_sent"}
{"ts": "2026-05-26T23:25:01.623111+00:00", "status": "FAIL", "validator_rc": 1, "failed_checks": ["db_guardrails"], "alert_needed": false, "alert_reason": "fail_no_new_signal", "telegram": "not_sent", "webhook": "not_sent"}
{"ts": "2026-05-26T23:30:02.419716+00:00", "status": "FAIL", "validator_rc": 1, "failed_checks": ["db_guardrails"], "alert_needed": false, "alert_reason": "fail_no_new_signal", "telegram": "not_sent", "webhook": "not_sent"}
{"ts": "2026-05-26T23:35:02.066839+00:00", "status": "FAIL", "validator_rc": 1, "failed_checks": ["db_guardrails"], "alert_needed": false, "alert_reason": "fail_no_new_signal", "telegram": "not_sent", "webhook": "not_sent"}
{"ts": "2026-05-26T23:40:01.446651+00:00", "status": "FAIL", "validator_rc": 1, "failed_checks": ["db_guardrails"], "alert_needed": false, "alert_reason": "fail_no_new_signal", "telegram": "not_sent", "webhook": "not_sent"}
{"ts": "2026-05-26T23:45:02.661052+00:00", "status": "PASS", "validator_rc": 0, "failed_checks": [], "alert_needed": true, "alert_reason": "recovery_fail_to_pass", "telegram": "ok", "webhook": "webhook_not_configured"}
{"ts": "2026-05-26T23:50:01.950675+00:00", "status": "PASS", "validator_rc": 0, "failed_checks": [], "alert_needed": false, "alert_reason": "no_alert_needed", "telegram": "not_sent", "webhook": "not_sent"}
{"ts": "2026-05-26T23:55:01.735964+00:00", "status": "PASS", "validator_rc": 0, "failed_checks": [], "alert_needed": false, "alert_reason": "no_alert_needed", "telegram": "not_sent", "webhook": "not_sent"}
{"ts": "2026-05-27T00:00:03.612371+00:00", "status": "PASS", "validator_rc": 0, "failed_checks": [], "alert_needed": false, "alert_reason": "no_alert_needed", "telegram": "not_sent", "webhook": "not_sent"}
{"ts": "2026-05-27T00:05:02.010094+00:00", "status": "PASS", "validator_rc": 0, "failed_checks": [], "alert_needed": false, "alert_reason": "no_alert_needed", "telegram": "not_sent", "webhook": "not_sent"}
{"ts": "2026-05-27T00:10:01.607557+00:00", "status": "PASS", "validator_rc": 0, "failed_checks": [], "alert_needed": false, "alert_reason": "no_alert_needed", "telegram": "not_sent", "webhook": "not_sent"}
{"ts": "2026-05-27T00:15:01.968453+00:00", "status": "PASS", "validator_rc": 0, "failed_checks": [], "alert_needed": false, "alert_reason": "no_alert_needed", "telegram": "not_sent", "webhook": "not_sent"}
{"ts": "2026-05-27T00:20:02.000475+00:00", "status": "PASS", "validator_rc": 0, "failed_checks": [], "alert_needed": false, "alert_reason": "no_alert_needed", "telegram": "not_sent", "webhook": "not_sent"}
{"ts": "2026-05-27T00:25:01.765176+00:00", "status": "PASS", "validator_rc": 0, "failed_checks": [], "alert_needed": false, "alert_reason": "no_alert_needed", "telegram": "not_sent", "webhook": "not_sent"}
{"ts": "2026-05-27T00:30:02.937297+00:00", "status": "PASS", "validator_rc": 0, "failed_checks": [], "alert_needed": false, "alert_reason": "no_alert_needed", "telegram": "not_sent", "webhook": "not_sent"}
{"ts": "2026-05-27T00:35:01.771400+00:00", "status": "PASS", "validator_rc": 0, "failed_checks": [], "alert_needed": false, "alert_reason": "no_alert_needed", "telegram": "not_sent", "webhook": "not_sent"}
{"ts": "2026-05-27T00:40:02.878404+00:00", "status": "FAIL", "validator_rc": 1, "failed_checks": ["db_guardrails"], "alert_needed": true, "alert_reason": "transition_pass_to_fail", "telegram": "ok", "webhook": "webhook_not_configured"}
{"ts": "2026-05-27T00:45:02.373920+00:00", "status": "FAIL", "validator_rc": 1, "failed_checks": ["db_guardrails"], "alert_needed": false, "alert_reason": "fail_no_new_signal", "telegram": "not_sent", "webhook": "not_sent"}
{"ts": "2026-05-27T00:50:01.894615+00:00", "status": "FAIL", "validator_rc": 1, "failed_checks": ["db_guardrails"], "alert_needed": false, "alert_reason": "fail_no_new_signal", "telegram": "not_sent", "webhook": "not_sent"}
{"ts": "2026-05-27T00:55:01.939261+00:00", "status": "FAIL", "validator_rc": 1, "failed_checks": ["db_guardrails"], "alert_needed": false, "alert_reason": "fail_no_new_signal", "telegram": "not_sent", "webhook": "not_sent"}
{"ts": "2026-05-27T01:00:02.357054+00:00", "status": "FAIL", "validator_rc": 1, "failed_checks": ["db_guardrails"], "alert_needed": false, "alert_reason": "fail_no_new_signal", "telegram": "not_sent", "webhook": "not_sent"}
{"ts": "2026-05-27T01:05:02.146399+00:00", "status": "FAIL", "validator_rc": 1, "failed_checks": ["db_guardrails"], "alert_needed": false, "alert_reason": "fail_no_new_signal", "telegram": "not_sent", "webhook": "not_sent"}
{"ts": "2026-05-27T01:10:02.894115+00:00", "status": "FAIL", "validator_rc": 1, "failed_checks": ["db_guardrails"], "alert_needed": true, "alert_reason": "fail_reminder", "telegram": "ok", "webhook": "webhook_not_configured"}
{"ts": "2026-05-27T01:15:02.629552+00:00", "status": "FAIL", "validator_rc": 1, "failed_checks": ["db_guardrails"], "alert_needed": false, "alert_reason": "fail_no_new_signal", "telegram": "not_sent", "webhook": "not_sent"}
{"ts": "2026-05-27T01:20:01.788561+00:00", "status": "FAIL", "validator_rc": 1, "failed_checks": ["db_guardrails"], "alert_needed": false, "alert_reason": "fail_no_new_signal", "telegram": "not_sent", "webhook": "not_sent"}
{"ts": "2026-05-27T01:25:01.815850+00:00", "status": "FAIL", "validator_rc": 1, "failed_checks": ["db_guardrails"], "alert_needed": false, "alert_reason": "fail_no_new_signal", "telegram": "not_sent", "webhook": "not_sent"}
{"ts": "2026-05-27T01:30:03.147261+00:00", "status": "FAIL", "validator_rc": 1, "failed_checks": ["db_guardrails"], "alert_needed": false, "alert_reason": "fail_no_new_signal", "telegram": "not_sent", "webhook": "not_sent"}
{"ts": "2026-05-27T01:35:01.947845+00:00", "status": "FAIL", "validator_rc": 1, "failed_checks": ["db_guardrails"], "alert_needed": false, "alert_reason": "fail_no_new_signal", "telegram": "not_sent", "webhook": "not_sent"}
{"ts": "2026-05-27T01:40:01.930955+00:00", "status": "FAIL", "validator_rc": 1, "failed_checks": ["db_guardrails"], "alert_needed": false, "alert_reason": "fail_no_new_signal", "telegram": "not_sent", "webhook": "not_sent"}
{"ts": "2026-05-27T01:45:02.660287+00:00", "status": "FAIL", "validator_rc": 1, "failed_checks": ["db_guardrails"], "alert_needed": true, "alert_reason": "fail_reminder", "telegram": "ok", "webhook": "webhook_not_configured"}
{"ts": "2026-05-27T01:50:01.823279+00:00", "status": "FAIL", "validator_rc": 1, "failed_checks": ["db_guardrails"], "alert_needed": false, "alert_reason": "fail_no_new_signal", "telegram": "not_sent", "webhook": "not_sent"}
{"ts": "2026-05-27T01:55:02.599813+00:00", "status": "FAIL", "validator_rc": 1, "failed_checks": ["db_guardrails"], "alert_needed": false, "alert_reason": "fail_no_new_signal", "telegram": "not_sent", "webhook": "not_sent"}
{"ts": "2026-05-27T02:00:03.191183+00:00", "status": "FAIL", "validator_rc": 1, "failed_checks": ["db_guardrails"], "alert_needed": false, "alert_reason": "fail_no_new_signal", "telegram": "not_sent", "webhook": "not_sent"}
{"ts": "2026-05-27T02:05:01.978634+00:00", "status": "FAIL", "validator_rc": 1, "failed_checks": ["db_guardrails"], "alert_needed": false, "alert_reason": "fail_no_new_signal", "telegram": "not_sent", "webhook": "not_sent"}
{"ts": "2026-05-27T02:10:02.236414+00:00", "status": "FAIL", "validator_rc": 1, "failed_checks": ["db_guardrails"], "alert_needed": false, "alert_reason": "fail_no_new_signal", "telegram": "not_sent", "webhook": "not_sent"}
{"ts": "2026-05-27T02:15:02.964231+00:00", "status": "FAIL", "validator_rc": 1, "failed_checks": ["db_guardrails"], "alert_needed": true, "alert_reason": "fail_reminder", "telegram": "ok", "webhook": "webhook_not_configured"}
{"ts": "2026-05-27T02:20:01.930142+00:00", "status": "FAIL", "validator_rc": 1, "failed_checks": ["db_guardrails"], "alert_needed": false, "alert_reason": "fail_no_new_signal", "telegram": "not_sent", "webhook": "not_sent"}
{"ts": "2026-05-27T02:25:02.254153+00:00", "status": "FAIL", "validator_rc": 1, "failed_checks": ["db_guardrails"], "alert_needed": false, "alert_reason": "fail_no_new_signal", "telegram": "not_sent", "webhook": "not_sent"}
{"ts": "2026-05-27T02:30:02.851931+00:00", "status": "FAIL", "validator_rc": 1, "failed_checks": ["db_guardrails"], "alert_needed": false, "alert_reason": "fail_no_new_signal", "telegram": "not_sent", "webhook": "not_sent"}
{"ts": "2026-05-27T02:35:02.241831+00:00", "status": "FAIL", "validator_rc": 1, "failed_checks": ["db_guardrails"], "alert_needed": false, "alert_reason": "fail_no_new_signal", "telegram": "not_sent", "webhook": "not_sent"}
{"ts": "2026-05-27T02:40:01.711550+00:00", "status": "FAIL", "validator_rc": 1, "failed_checks": ["db_guardrails"], "alert_needed": false, "alert_reason": "fail_no_new_signal", "telegram": "not_sent", "webhook": "not_sent"}
{"ts": "2026-05-27T02:45:02.328829+00:00", "status": "FAIL", "validator_rc": 1, "failed_checks": ["db_guardrails"], "alert_needed": false, "alert_reason": "fail_no_new_signal", "telegram": "not_sent", "webhook": "not_sent"}
{"ts": "2026-05-27T02:50:02.355894+00:00", "status": "FAIL", "validator_rc": 1, "failed_checks": ["db_guardrails"], "alert_needed": true, "alert_reason": "fail_reminder", "telegram": "ok", "webhook": "webhook_not_configured"}
{"ts": "2026-05-27T02:55:01.646912+00:00", "status": "FAIL", "validator_rc": 1, "failed_checks": ["db_guardrails"], "alert_needed": false, "alert_reason": "fail_no_new_signal", "telegram": "not_sent", "webhook": "not_sent"}
{"ts": "2026-05-27T03:00:03.118802+00:00", "status": "FAIL", "validator_rc": 1, "failed_checks": ["db_guardrails"], "alert_needed": false, "alert_reason": "fail_no_new_signal", "telegram": "not_sent", "webhook": "not_sent"}
{"ts": "2026-05-27T03:05:02.485081+00:00", "status": "FAIL", "validator_rc": 1, "failed_checks": ["db_guardrails"], "alert_needed": false, "alert_reason": "fail_no_new_signal", "telegram": "not_sent", "webhook": "not_sent"}
{"ts": "2026-05-27T03:10:01.737141+00:00", "status": "FAIL", "validator_rc": 1, "failed_checks": ["db_guardrails"], "alert_needed": false, "alert_reason": "fail_no_new_signal", "telegram": "not_sent", "webhook": "not_sent"}
{"ts": "2026-05-27T03:15:02.045214+00:00", "status": "FAIL", "validator_rc": 1, "failed_checks": ["db_guardrails"], "alert_needed": false, "alert_reason": "fail_no_new_signal", "telegram": "not_sent", "webhook": "not_sent"}
{"ts": "2026-05-27T03:20:02.588641+00:00", "status": "FAIL", "validator_rc": 1, "failed_checks": ["db_guardrails"], "alert_needed": true, "alert_reason": "fail_reminder", "telegram": "ok", "webhook": "webhook_not_configured"}
{"ts": "2026-05-27T03:25:02.128711+00:00", "status": "FAIL", "validator_rc": 1, "failed_checks": ["db_guardrails"], "alert_needed": false, "alert_reason": "fail_no_new_signal", "telegram": "not_sent", "webhook": "not_sent"}
{"ts": "2026-05-27T03:30:02.509790+00:00", "status": "FAIL", "validator_rc": 1, "failed_checks": ["db_guardrails"], "alert_needed": false, "alert_reason": "fail_no_new_signal", "telegram": "not_sent", "webhook": "not_sent"}
{"ts": "2026-05-27T03:35:02.299977+00:00", "status": "FAIL", "validator_rc": 1, "failed_checks": ["db_guardrails"], "alert_needed": false, "alert_reason": "fail_no_new_signal", "telegram": "not_sent", "webhook": "not_sent"}
{"ts": "2026-05-27T03:40:01.524752+00:00", "status": "FAIL", "validator_rc": 1, "failed_checks": ["db_guardrails"], "alert_needed": false, "alert_reason": "fail_no_new_signal", "telegram": "not_sent", "webhook": "not_sent"}
{"ts": "2026-05-27T03:45:02.280775+00:00", "status": "FAIL", "validator_rc": 1, "failed_checks": ["db_guardrails"], "alert_needed": false, "alert_reason": "fail_no_new_signal", "telegram": "not_sent", "webhook": "not_sent"}
{"ts": "2026-05-27T03:50:02.544279+00:00", "status": "FAIL", "validator_rc": 1, "failed_checks": ["db_guardrails"], "alert_needed": true, "alert_reason": "fail_reminder", "telegram": "ok", "webhook": "webhook_not_configured"}
{"ts": "2026-05-27T03:55:01.780732+00:00", "status": "FAIL", "validator_rc": 1, "failed_checks": ["db_guardrails"], "alert_needed": false, "alert_reason": "fail_no_new_signal", "telegram": "not_sent", "webhook": "not_sent"}
{"ts": "2026-05-27T04:00:02.166838+00:00", "status": "FAIL", "validator_rc": 1, "failed_checks": ["db_guardrails"], "alert_needed": false, "alert_reason": "fail_no_new_signal", "telegram": "not_sent", "webhook": "not_sent"}
{"ts": "2026-05-27T04:05:02.104859+00:00", "status": "FAIL", "validator_rc": 1, "failed_checks": ["db_guardrails"], "alert_needed": false, "alert_reason": "fail_no_new_signal", "telegram": "not_sent", "webhook": "not_sent"}
{"ts": "2026-05-27T04:10:01.687919+00:00", "status": "FAIL", "validator_rc": 1, "failed_checks": ["db_guardrails"], "alert_needed": false, "alert_reason": "fail_no_new_signal", "telegram": "not_sent", "webhook": "not_sent"}
{"ts": "2026-05-27T04:15:01.956889+00:00", "status": "FAIL", "validator_rc": 1, "failed_checks": ["db_guardrails"], "alert_needed": false, "alert_reason": "fail_no_new_signal", "telegram": "not_sent", "webhook": "not_sent"}
{"ts": "2026-05-27T04:20:01.788846+00:00", "status": "FAIL", "validator_rc": 1, "failed_checks": ["db_guardrails"], "alert_needed": false, "alert_reason": "fail_no_new_signal", "telegram": "not_sent", "webhook": "not_sent"}
{"ts": "2026-05-27T04:25:02.532479+00:00", "status": "FAIL", "validator_rc": 1, "failed_checks": ["db_guardrails"], "alert_needed": true, "alert_reason": "fail_reminder", "telegram": "ok", "webhook": "webhook_not_configured"}
{"ts": "2026-05-27T04:30:02.888750+00:00", "status": "FAIL", "validator_rc": 1, "failed_checks": ["db_guardrails"], "alert_needed": false, "alert_reason": "fail_no_new_signal", "telegram": "not_sent", "webhook": "not_sent"}
{"ts": "2026-05-27T04:35:02.047236+00:00", "status": "FAIL", "validator_rc": 1, "failed_checks": ["db_guardrails"], "alert_needed": false, "alert_reason": "fail_no_new_signal", "telegram": "not_sent", "webhook": "not_sent"}
{"ts": "2026-05-27T04:40:01.519968+00:00", "status": "FAIL", "validator_rc": 1, "failed_checks": ["db_guardrails"], "alert_needed": false, "alert_reason": "fail_no_new_signal", "telegram": "not_sent", "webhook": "not_sent"}
{"ts": "2026-05-27T04:45:02.822119+00:00", "status": "FAIL", "validator_rc": 1, "failed_checks": ["db_guardrails"], "alert_needed": false, "alert_reason": "fail_no_new_signal", "telegram": "not_sent", "webhook": "not_sent"}
{"ts": "2026-05-27T04:50:01.596843+00:00", "status": "FAIL", "validator_rc": 1, "failed_checks": ["db_guardrails"], "alert_needed": false, "alert_reason": "fail_no_new_signal", "telegram": "not_sent", "webhook": "not_sent"}
{"ts": "2026-05-27T04:55:01.919316+00:00", "status": "FAIL", "validator_rc": 1, "failed_checks": ["db_guardrails"], "alert_needed": false, "alert_reason": "fail_no_new_signal", "telegram": "not_sent", "webhook": "not_sent"}
{"ts": "2026-05-27T05:00:03.043178+00:00", "status": "FAIL", "validator_rc": 1, "failed_checks": ["db_guardrails"], "alert_needed": true, "alert_reason": "fail_reminder", "telegram": "ok", "webhook": "webhook_not_configured"}
{"ts": "2026-05-27T05:05:01.910226+00:00", "status": "FAIL", "validator_rc": 1, "failed_checks": ["db_guardrails"], "alert_needed": false, "alert_reason": "fail_no_new_signal", "telegram": "not_sent", "webhook": "not_sent"}
{"ts": "2026-05-27T05:10:02.306016+00:00", "status": "FAIL", "validator_rc": 1, "failed_checks": ["db_guardrails"], "alert_needed": false, "alert_reason": "fail_no_new_signal", "telegram": "not_sent", "webhook": "not_sent"}
{"ts": "2026-05-27T05:15:02.577380+00:00", "status": "FAIL", "validator_rc": 1, "failed_checks": ["db_guardrails"], "alert_needed": false, "alert_reason": "fail_no_new_signal", "telegram": "not_sent", "webhook": "not_sent"}
{"ts": "2026-05-27T05:20:02.625070+00:00", "status": "FAIL", "validator_rc": 1, "failed_checks": ["db_guardrails"], "alert_needed": false, "alert_reason": "fail_no_new_signal", "telegram": "not_sent", "webhook": "not_sent"}
{"ts": "2026-05-27T05:25:02.144883+00:00", "status": "FAIL", "validator_rc": 1, "failed_checks": ["db_guardrails"], "alert_needed": false, "alert_reason": "fail_no_new_signal", "telegram": "not_sent", "webhook": "not_sent"}
{"ts": "2026-05-27T05:30:02.046960+00:00", "status": "FAIL", "validator_rc": 1, "failed_checks": ["db_guardrails"], "alert_needed": false, "alert_reason": "fail_no_new_signal", "telegram": "not_sent", "webhook": "not_sent"}
{"ts": "2026-05-27T05:35:02.336816+00:00", "status": "FAIL", "validator_rc": 1, "failed_checks": ["db_guardrails"], "alert_needed": true, "alert_reason": "fail_reminder", "telegram": "ok", "webhook": "webhook_not_configured"}
{"ts": "2026-05-27T05:40:01.946363+00:00", "status": "FAIL", "validator_rc": 1, "failed_checks": ["db_guardrails"], "alert_needed": false, "alert_reason": "fail_no_new_signal", "telegram": "not_sent", "webhook": "not_sent"}
{"ts": "2026-05-27T05:45:02.192043+00:00", "status": "FAIL", "validator_rc": 1, "failed_checks": ["db_guardrails"], "alert_needed": false, "alert_reason": "fail_no_new_signal", "telegram": "not_sent", "webhook": "not_sent"}
{"ts": "2026-05-27T05:50:02.458022+00:00", "status": "FAIL", "validator_rc": 1, "failed_checks": ["db_guardrails"], "alert_needed": false, "alert_reason": "fail_no_new_signal", "telegram": "not_sent", "webhook": "not_sent"}
{"ts": "2026-05-27T05:55:01.647401+00:00", "status": "FAIL", "validator_rc": 1, "failed_checks": ["db_guardrails"], "alert_needed": false, "alert_reason": "fail_no_new_signal", "telegram": "not_sent", "webhook": "not_sent"}
{"ts": "2026-05-27T06:00:02.222718+00:00", "status": "FAIL", "validator_rc": 1, "failed_checks": ["db_guardrails"], "alert_needed": false, "alert_reason": "fail_no_new_signal", "telegram": "not_sent", "webhook": "not_sent"}
{"ts": "2026-05-27T06:05:02.521895+00:00", "status": "FAIL", "validator_rc": 1, "failed_checks": ["db_guardrails"], "alert_needed": true, "alert_reason": "fail_reminder", "telegram": "ok", "webhook": "webhook_not_configured"}
{"ts": "2026-05-27T06:10:02.068108+00:00", "status": "FAIL", "validator_rc": 1, "failed_checks": ["db_guardrails"], "alert_needed": false, "alert_reason": "fail_no_new_signal", "telegram": "not_sent", "webhook": "not_sent"}
{"ts": "2026-05-27T06:15:02.024931+00:00", "status": "FAIL", "validator_rc": 1, "failed_checks": ["db_guardrails"], "alert_needed": false, "alert_reason": "fail_no_new_signal", "telegram": "not_sent", "webhook": "not_sent"}
{"ts": "2026-05-27T06:20:02.258656+00:00", "status": "FAIL", "validator_rc": 1, "failed_checks": ["db_guardrails"], "alert_needed": false, "alert_reason": "fail_no_new_signal", "telegram": "not_sent", "webhook": "not_sent"}
{"ts": "2026-05-27T06:25:01.910652+00:00", "status": "FAIL", "validator_rc": 1, "failed_checks": ["db_guardrails"], "alert_needed": false, "alert_reason": "fail_no_new_signal", "telegram": "not_sent", "webhook": "not_sent"}
{"ts": "2026-05-27T06:30:02.259064+00:00", "status": "FAIL", "validator_rc": 1, "failed_checks": ["db_guardrails"], "alert_needed": false, "alert_reason": "fail_no_new_signal", "telegram": "not_sent", "webhook": "not_sent"}
{"ts": "2026-05-27T06:35:02.682376+00:00", "status": "FAIL", "validator_rc": 1, "failed_checks": ["db_guardrails"], "alert_needed": true, "alert_reason": "fail_reminder", "telegram": "ok", "webhook": "webhook_not_configured"}
{"ts": "2026-05-27T06:40:01.785172+00:00", "status": "FAIL", "validator_rc": 1, "failed_checks": ["db_guardrails"], "alert_needed": false, "alert_reason": "fail_no_new_signal", "telegram": "not_sent", "webhook": "not_sent"}
{"ts": "2026-05-27T06:45:02.129586+00:00", "status": "FAIL", "validator_rc": 1, "failed_checks": ["db_guardrails"], "alert_needed": false, "alert_reason": "fail_no_new_signal", "telegram": "not_sent", "webhook": "not_sent"}
{"ts": "2026-05-27T06:50:02.316273+00:00", "status": "FAIL", "validator_rc": 1, "failed_checks": ["db_guardrails"], "alert_needed": false, "alert_reason": "fail_no_new_signal", "telegram": "not_sent", "webhook": "not_sent"}
{"ts": "2026-05-27T06:55:01.593671+00:00", "status": "FAIL", "validator_rc": 1, "failed_checks": ["db_guardrails"], "alert_needed": false, "alert_reason": "fail_no_new_signal", "telegram": "not_sent", "webhook": "not_sent"}
{"ts": "2026-05-27T07:00:03.432660+00:00", "status": "FAIL", "validator_rc": 1, "failed_checks": ["db_guardrails"], "alert_needed": false, "alert_reason": "fail_no_new_signal", "telegram": "not_sent", "webhook": "not_sent"}
{"ts": "2026-05-27T07:05:02.154670+00:00", "status": "FAIL", "validator_rc": 1, "failed_checks": ["db_guardrails"], "alert_needed": false, "alert_reason": "fail_no_new_signal", "telegram": "not_sent", "webhook": "not_sent"}
{"ts": "2026-05-27T07:10:02.096069+00:00", "status": "FAIL", "validator_rc": 1, "failed_checks": ["db_guardrails"], "alert_needed": true, "alert_reason": "fail_reminder", "telegram": "ok", "webhook": "webhook_not_configured"}
{"ts": "2026-05-27T07:15:02.440985+00:00", "status": "FAIL", "validator_rc": 1, "failed_checks": ["db_guardrails"], "alert_needed": false, "alert_reason": "fail_no_new_signal", "telegram": "not_sent", "webhook": "not_sent"}
{"ts": "2026-05-27T07:20:01.627388+00:00", "status": "FAIL", "validator_rc": 1, "failed_checks": ["db_guardrails"], "alert_needed": false, "alert_reason": "fail_no_new_signal", "telegram": "not_sent", "webhook": "not_sent"}
{"ts": "2026-05-27T07:25:01.839809+00:00", "status": "FAIL", "validator_rc": 1, "failed_checks": ["db_guardrails"], "alert_needed": false, "alert_reason": "fail_no_new_signal", "telegram": "not_sent", "webhook": "not_sent"}
{"ts": "2026-05-27T07:30:02.487328+00:00", "status": "FAIL", "validator_rc": 1, "failed_checks": ["db_guardrails"], "alert_needed": false, "alert_reason": "fail_no_new_signal", "telegram": "not_sent", "webhook": "not_sent"}
{"ts": "2026-05-27T07:35:02.187426+00:00", "status": "FAIL", "validator_rc": 1, "failed_checks": ["db_guardrails"], "alert_needed": false, "alert_reason": "fail_no_new_signal", "telegram": "not_sent", "webhook": "not_sent"}
{"ts": "2026-05-27T07:40:02.218566+00:00", "status": "FAIL", "validator_rc": 1, "failed_checks": ["db_guardrails"], "alert_needed": true, "alert_reason": "fail_reminder", "telegram": "ok", "webhook": "webhook_not_configured"}
{"ts": "2026-05-27T07:45:02.342653+00:00", "status": "FAIL", "validator_rc": 1, "failed_checks": ["db_guardrails"], "alert_needed": false, "alert_reason": "fail_no_new_signal", "telegram": "not_sent", "webhook": "not_sent"}
{"ts": "2026-05-27T07:50:02.884858+00:00", "status": "FAIL", "validator_rc": 1, "failed_checks": ["db_guardrails"], "alert_needed": false, "alert_reason": "fail_no_new_signal", "telegram": "not_sent", "webhook": "not_sent"}
{"ts": "2026-05-27T07:55:02.087897+00:00", "status": "FAIL", "validator_rc": 1, "failed_checks": ["db_guardrails"], "alert_needed": false, "alert_reason": "fail_no_new_signal", "telegram": "not_sent", "webhook": "not_sent"}
{"ts": "2026-05-27T08:00:02.606254+00:00", "status": "FAIL", "validator_rc": 1, "failed_checks": ["db_guardrails"], "alert_needed": false, "alert_reason": "fail_no_new_signal", "telegram": "not_sent", "webhook": "not_sent"}
{"ts": "2026-05-27T08:05:01.391738+00:00", "status": "FAIL", "validator_rc": 1, "failed_checks": ["db_guardrails"], "alert_needed": false, "alert_reason": "fail_no_new_signal", "telegram": "not_sent", "webhook": "not_sent"}
{"ts": "2026-05-27T08:10:02.353397+00:00", "status": "FAIL", "validator_rc": 1, "failed_checks": ["db_guardrails"], "alert_needed": true, "alert_reason": "fail_reminder", "telegram": "ok", "webhook": "webhook_not_configured"}
{"ts": "2026-05-27T08:15:02.153897+00:00", "status": "FAIL", "validator_rc": 1, "failed_checks": ["db_guardrails"], "alert_needed": false, "alert_reason": "fail_no_new_signal", "telegram": "not_sent", "webhook": "not_sent"}
{"ts": "2026-05-27T08:20:02.500924+00:00", "status": "FAIL", "validator_rc": 1, "failed_checks": ["db_guardrails"], "alert_needed": false, "alert_reason": "fail_no_new_signal", "telegram": "not_sent", "webhook": "not_sent"}
{"ts": "2026-05-27T08:25:01.689462+00:00", "status": "FAIL", "validator_rc": 1, "failed_checks": ["db_guardrails"], "alert_needed": false, "alert_reason": "fail_no_new_signal", "telegram": "not_sent", "webhook": "not_sent"}
{"ts": "2026-05-27T08:30:02.074448+00:00", "status": "FAIL", "validator_rc": 1, "failed_checks": ["db_guardrails"], "alert_needed": false, "alert_reason": "fail_no_new_signal", "telegram": "not_sent", "webhook": "not_sent"}
{"ts": "2026-05-27T08:35:02.553809+00:00", "status": "FAIL", "validator_rc": 1, "failed_checks": ["db_guardrails"], "alert_needed": false, "alert_reason": "fail_no_new_signal", "telegram": "not_sent", "webhook": "not_sent"}
{"ts": "2026-05-27T08:40:02.564719+00:00", "status": "FAIL", "validator_rc": 1, "failed_checks": ["db_guardrails"], "alert_needed": true, "alert_reason": "fail_reminder", "telegram": "ok", "webhook": "webhook_not_configured"}
{"ts": "2026-05-27T08:45:02.418736+00:00", "status": "FAIL", "validator_rc": 1, "failed_checks": ["db_guardrails"], "alert_needed": false, "alert_reason": "fail_no_new_signal", "telegram": "not_sent", "webhook": "not_sent"}
{"ts": "2026-05-27T08:50:02.360064+00:00", "status": "FAIL", "validator_rc": 1, "failed_checks": ["db_guardrails"], "alert_needed": false, "alert_reason": "fail_no_new_signal", "telegram": "not_sent", "webhook": "not_sent"}
{"ts": "2026-05-27T08:55:01.754234+00:00", "status": "FAIL", "validator_rc": 1, "failed_checks": ["db_guardrails"], "alert_needed": false, "alert_reason": "fail_no_new_signal", "telegram": "not_sent", "webhook": "not_sent"}
{"ts": "2026-05-27T09:00:01.955649+00:00", "status": "FAIL", "validator_rc": 1, "failed_checks": ["db_guardrails"], "alert_needed": false, "alert_reason": "fail_no_new_signal", "telegram": "not_sent", "webhook": "not_sent"}
{"ts": "2026-05-27T09:05:01.723772+00:00", "status": "FAIL", "validator_rc": 1, "failed_checks": ["db_guardrails"], "alert_needed": false, "alert_reason": "fail_no_new_signal", "telegram": "not_sent", "webhook": "not_sent"}
{"ts": "2026-05-27T09:10:01.760427+00:00", "status": "FAIL", "validator_rc": 1, "failed_checks": ["db_guardrails"], "alert_needed": false, "alert_reason": "fail_no_new_signal", "telegram": "not_sent", "webhook": "not_sent"}
{"ts": "2026-05-27T09:15:03.063047+00:00", "status": "FAIL", "validator_rc": 1, "failed_checks": ["db_guardrails"], "alert_needed": true, "alert_reason": "fail_reminder", "telegram": "ok", "webhook": "webhook_not_configured"}
{"ts": "2026-05-27T09:20:02.266979+00:00", "status": "FAIL", "validator_rc": 1, "failed_checks": ["db_guardrails"], "alert_needed": false, "alert_reason": "fail_no_new_signal", "telegram": "not_sent", "webhook": "not_sent"}
{"ts": "2026-05-27T09:25:01.444924+00:00", "status": "FAIL", "validator_rc": 1, "failed_checks": ["db_guardrails"], "alert_needed": false, "alert_reason": "fail_no_new_signal", "telegram": "not_sent", "webhook": "not_sent"}
{"ts": "2026-05-27T09:30:03.378914+00:00", "status": "FAIL", "validator_rc": 1, "failed_checks": ["db_guardrails"], "alert_needed": false, "alert_reason": "fail_no_new_signal", "telegram": "not_sent", "webhook": "not_sent"}
{"ts": "2026-05-27T09:35:01.828727+00:00", "status": "FAIL", "validator_rc": 1, "failed_checks": ["db_guardrails"], "alert_needed": false, "alert_reason": "fail_no_new_signal", "telegram": "not_sent", "webhook": "not_sent"}
{"ts": "2026-05-27T09:40:02.204402+00:00", "status": "FAIL", "validator_rc": 1, "failed_checks": ["db_guardrails"], "alert_needed": false, "alert_reason": "fail_no_new_signal", "telegram": "not_sent", "webhook": "not_sent"}
{"ts": "2026-05-27T09:45:03.286303+00:00", "status": "FAIL", "validator_rc": 1, "failed_checks": ["db_guardrails"], "alert_needed": true, "alert_reason": "fail_reminder", "telegram": "ok", "webhook": "webhook_not_configured"}
{"ts": "2026-05-27T09:50:01.527420+00:00", "status": "FAIL", "validator_rc": 1, "failed_checks": ["db_guardrails"], "alert_needed": false, "alert_reason": "fail_no_new_signal", "telegram": "not_sent", "webhook": "not_sent"}
{"ts": "2026-05-27T09:55:02.131803+00:00", "status": "FAIL", "validator_rc": 1, "failed_checks": ["db_guardrails"], "alert_needed": false, "alert_reason": "fail_no_new_signal", "telegram": "not_sent", "webhook": "not_sent"}
{"ts": "2026-05-27T10:00:02.362628+00:00", "status": "FAIL", "validator_rc": 1, "failed_checks": ["db_guardrails"], "alert_needed": false, "alert_reason": "fail_no_new_signal", "telegram": "not_sent", "webhook": "not_sent"}
{"ts": "2026-05-27T10:05:02.172578+00:00", "status": "FAIL", "validator_rc": 1, "failed_checks": ["db_guardrails"], "alert_needed": false, "alert_reason": "fail_no_new_signal", "telegram": "not_sent", "webhook": "not_sent"}
{"ts": "2026-05-27T10:10:02.293469+00:00", "status": "FAIL", "validator_rc": 1, "failed_checks": ["db_guardrails"], "alert_needed": false, "alert_reason": "fail_no_new_signal", "telegram": "not_sent", "webhook": "not_sent"}
{"ts": "2026-05-27T10:15:02.439557+00:00", "status": "FAIL", "validator_rc": 1, "failed_checks": ["db_guardrails"], "alert_needed": false, "alert_reason": "fail_no_new_signal", "telegram": "not_sent", "webhook": "not_sent"}
{"ts": "2026-05-27T10:20:03.022922+00:00", "status": "FAIL", "validator_rc": 1, "failed_checks": ["db_guardrails"], "alert_needed": true, "alert_reason": "fail_reminder", "telegram": "ok", "webhook": "webhook_not_configured"}
{"ts": "2026-05-27T10:25:01.902228+00:00", "status": "FAIL", "validator_rc": 1, "failed_checks": ["db_guardrails"], "alert_needed": false, "alert_reason": "fail_no_new_signal", "telegram": "not_sent", "webhook": "not_sent"}
{"ts": "2026-05-27T10:30:02.177886+00:00", "status": "FAIL", "validator_rc": 1, "failed_checks": ["db_guardrails"], "alert_needed": false, "alert_reason": "fail_no_new_signal", "telegram": "not_sent", "webhook": "not_sent"}
{"ts": "2026-05-27T10:35:02.037808+00:00", "status": "FAIL", "validator_rc": 1, "failed_checks": ["db_guardrails"], "alert_needed": false, "alert_reason": "fail_no_new_signal", "telegram": "not_sent", "webhook": "not_sent"}
{"ts": "2026-05-27T10:40:01.676254+00:00", "status": "FAIL", "validator_rc": 1, "failed_checks": ["db_guardrails"], "alert_needed": false, "alert_reason": "fail_no_new_signal", "telegram": "not_sent", "webhook": "not_sent"}
{"ts": "2026-05-27T10:45:01.773614+00:00", "status": "FAIL", "validator_rc": 1, "failed_checks": ["db_guardrails"], "alert_needed": false, "alert_reason": "fail_no_new_signal", "telegram": "not_sent", "webhook": "not_sent"}
{"ts": "2026-05-27T10:50:01.942954+00:00", "status": "FAIL", "validator_rc": 1, "failed_checks": ["db_guardrails"], "alert_needed": false, "alert_reason": "fail_no_new_signal", "telegram": "not_sent", "webhook": "not_sent"}
{"ts": "2026-05-27T10:55:02.476648+00:00", "status": "FAIL", "validator_rc": 1, "failed_checks": ["db_guardrails"], "alert_needed": true, "alert_reason": "fail_reminder", "telegram": "ok", "webhook": "webhook_not_configured"}
{"ts": "2026-05-27T11:00:03.675133+00:00", "status": "FAIL", "validator_rc": 1, "failed_checks": ["db_guardrails"], "alert_needed": false, "alert_reason": "fail_no_new_signal", "telegram": "not_sent", "webhook": "not_sent"}
{"ts": "2026-05-27T11:05:02.127908+00:00", "status": "FAIL", "validator_rc": 1, "failed_checks": ["db_guardrails"], "alert_needed": false, "alert_reason": "fail_no_new_signal", "telegram": "not_sent", "webhook": "not_sent"}
{"ts": "2026-05-27T11:10:01.903607+00:00", "status": "FAIL", "validator_rc": 1, "failed_checks": ["db_guardrails"], "alert_needed": false, "alert_reason": "fail_no_new_signal", "telegram": "not_sent", "webhook": "not_sent"}
{"ts": "2026-05-27T11:15:02.193498+00:00", "status": "FAIL", "validator_rc": 1, "failed_checks": ["db_guardrails"], "alert_needed": false, "alert_reason": "fail_no_new_signal", "telegram": "not_sent", "webhook": "not_sent"}
{"ts": "2026-05-27T11:20:01.652683+00:00", "status": "FAIL", "validator_rc": 1, "failed_checks": ["db_guardrails"], "alert_needed": false, "alert_reason": "fail_no_new_signal", "telegram": "not_sent", "webhook": "not_sent"}
{"ts": "2026-05-27T11:25:03.046986+00:00", "status": "FAIL", "validator_rc": 1, "failed_checks": ["db_guardrails"], "alert_needed": true, "alert_reason": "fail_reminder", "telegram": "ok", "webhook": "webhook_not_configured"}
{"ts": "2026-05-27T11:30:02.610026+00:00", "status": "FAIL", "validator_rc": 1, "failed_checks": ["db_guardrails"], "alert_needed": false, "alert_reason": "fail_no_new_signal", "telegram": "not_sent", "webhook": "not_sent"}
{"ts": "2026-05-27T11:35:01.489032+00:00", "status": "FAIL", "validator_rc": 1, "failed_checks": ["db_guardrails"], "alert_needed": false, "alert_reason": "fail_no_new_signal", "telegram": "not_sent", "webhook": "not_sent"}
{"ts": "2026-05-27T11:40:01.825568+00:00", "status": "FAIL", "validator_rc": 1, "failed_checks": ["db_guardrails"], "alert_needed": false, "alert_reason": "fail_no_new_signal", "telegram": "not_sent", "webhook": "not_sent"}
{"ts": "2026-05-27T11:45:02.226455+00:00", "status": "FAIL", "validator_rc": 1, "failed_checks": ["db_guardrails"], "alert_needed": false, "alert_reason": "fail_no_new_signal", "telegram": "not_sent", "webhook": "not_sent"}
{"ts": "2026-05-27T11:50:02.731929+00:00", "status": "FAIL", "validator_rc": 1, "failed_checks": ["db_guardrails"], "alert_needed": false, "alert_reason": "fail_no_new_signal", "telegram": "not_sent", "webhook": "not_sent"}
{"ts": "2026-05-27T11:55:02.121073+00:00", "status": "FAIL", "validator_rc": 1, "failed_checks": ["db_guardrails"], "alert_needed": false, "alert_reason": "fail_no_new_signal", "telegram": "not_sent", "webhook": "not_sent"}
{"ts": "2026-05-27T12:00:03.125210+00:00", "status": "FAIL", "validator_rc": 1, "failed_checks": ["db_guardrails"], "alert_needed": true, "alert_reason": "fail_reminder", "telegram": "ok", "webhook": "webhook_not_configured"}
{"ts": "2026-05-27T12:05:02.065373+00:00", "status": "FAIL", "validator_rc": 1, "failed_checks": ["db_guardrails"], "alert_needed": false, "alert_reason": "fail_no_new_signal", "telegram": "not_sent", "webhook": "not_sent"}
{"ts": "2026-05-27T12:10:01.690767+00:00", "status": "FAIL", "validator_rc": 1, "failed_checks": ["db_guardrails"], "alert_needed": false, "alert_reason": "fail_no_new_signal", "telegram": "not_sent", "webhook": "not_sent"}
{"ts": "2026-05-27T12:15:02.177205+00:00", "status": "FAIL", "validator_rc": 1, "failed_checks": ["db_guardrails"], "alert_needed": false, "alert_reason": "fail_no_new_signal", "telegram": "not_sent", "webhook": "not_sent"}
{"ts": "2026-05-27T12:20:01.658354+00:00", "status": "FAIL", "validator_rc": 1, "failed_checks": ["db_guardrails"], "alert_needed": false, "alert_reason": "fail_no_new_signal", "telegram": "not_sent", "webhook": "not_sent"}
{"ts": "2026-05-27T12:25:02.019639+00:00", "status": "FAIL", "validator_rc": 1, "failed_checks": ["db_guardrails"], "alert_needed": false, "alert_reason": "fail_no_new_signal", "telegram": "not_sent", "webhook": "not_sent"}
{"ts": "2026-05-27T12:30:02.299611+00:00", "status": "FAIL", "validator_rc": 1, "failed_checks": ["db_guardrails"], "alert_needed": false, "alert_reason": "fail_no_new_signal", "telegram": "not_sent", "webhook": "not_sent"}
{"ts": "2026-05-27T12:35:02.795461+00:00", "status": "FAIL", "validator_rc": 1, "failed_checks": ["db_guardrails"], "alert_needed": true, "alert_reason": "fail_reminder", "telegram": "ok", "webhook": "webhook_not_configured"}
{"ts": "2026-05-27T12:40:02.250452+00:00", "status": "FAIL", "validator_rc": 1, "failed_checks": ["db_guardrails"], "alert_needed": false, "alert_reason": "fail_no_new_signal", "telegram": "not_sent", "webhook": "not_sent"}
{"ts": "2026-05-27T12:45:02.200433+00:00", "status": "FAIL", "validator_rc": 1, "failed_checks": ["db_guardrails"], "alert_needed": false, "alert_reason": "fail_no_new_signal", "telegram": "not_sent", "webhook": "not_sent"}
{"ts": "2026-05-27T12:50:02.018356+00:00", "status": "FAIL", "validator_rc": 1, "failed_checks": ["db_guardrails"], "alert_needed": false, "alert_reason": "fail_no_new_signal", "telegram": "not_sent", "webhook": "not_sent"}
{"ts": "2026-05-27T12:55:02.332861+00:00", "status": "FAIL", "validator_rc": 1, "failed_checks": ["db_guardrails"], "alert_needed": false, "alert_reason": "fail_no_new_signal", "telegram": "not_sent", "webhook": "not_sent"}
{"ts": "2026-05-27T13:00:03.349409+00:00", "status": "FAIL", "validator_rc": 1, "failed_checks": ["db_guardrails"], "alert_needed": false, "alert_reason": "fail_no_new_signal", "telegram": "not_sent", "webhook": "not_sent"}
{"ts": "2026-05-27T13:05:02.295109+00:00", "status": "FAIL", "validator_rc": 1, "failed_checks": ["db_guardrails"], "alert_needed": false, "alert_reason": "fail_no_new_signal", "telegram": "not_sent", "webhook": "not_sent"}
{"ts": "2026-05-27T13:10:02.476635+00:00", "status": "FAIL", "validator_rc": 1, "failed_checks": ["db_guardrails"], "alert_needed": true, "alert_reason": "fail_reminder", "telegram": "ok", "webhook": "webhook_not_configured"}
{"ts": "2026-05-27T13:15:02.028098+00:00", "status": "FAIL", "validator_rc": 1, "failed_checks": ["db_guardrails"], "alert_needed": false, "alert_reason": "fail_no_new_signal", "telegram": "not_sent", "webhook": "not_sent"}
{"ts": "2026-05-27T13:20:01.810188+00:00", "status": "FAIL", "validator_rc": 1, "failed_checks": ["db_guardrails"], "alert_needed": false, "alert_reason": "fail_no_new_signal", "telegram": "not_sent", "webhook": "not_sent"}
{"ts": "2026-05-27T13:25:02.240067+00:00", "status": "FAIL", "validator_rc": 1, "failed_checks": ["db_guardrails"], "alert_needed": false, "alert_reason": "fail_no_new_signal", "telegram": "not_sent", "webhook": "not_sent"}
{"ts": "2026-05-27T13:30:01.878154+00:00", "status": "FAIL", "validator_rc": 1, "failed_checks": ["db_guardrails"], "alert_needed": false, "alert_reason": "fail_no_new_signal", "telegram": "not_sent", "webhook": "not_sent"}
{"ts": "2026-05-27T13:35:01.946092+00:00", "status": "FAIL", "validator_rc": 1, "failed_checks": ["db_guardrails"], "alert_needed": false, "alert_reason": "fail_no_new_signal", "telegram": "not_sent", "webhook": "not_sent"}
{"ts": "2026-05-27T13:40:02.920590+00:00", "status": "FAIL", "validator_rc": 1, "failed_checks": ["db_guardrails"], "alert_needed": true, "alert_reason": "fail_reminder", "telegram": "ok", "webhook": "webhook_not_configured"}
{"ts": "2026-05-27T13:45:03.596379+00:00", "status": "FAIL", "validator_rc": 1, "failed_checks": ["db_guardrails"], "alert_needed": false, "alert_reason": "fail_no_new_signal", "telegram": "not_sent", "webhook": "not_sent"}
{"ts": "2026-05-27T13:50:02.299672+00:00", "status": "FAIL", "validator_rc": 1, "failed_checks": ["db_guardrails"], "alert_needed": false, "alert_reason": "fail_no_new_signal", "telegram": "not_sent", "webhook": "not_sent"}
{"ts": "2026-05-27T13:55:01.787450+00:00", "status": "FAIL", "validator_rc": 1, "failed_checks": ["db_guardrails"], "alert_needed": false, "alert_reason": "fail_no_new_signal", "telegram": "not_sent", "webhook": "not_sent"}
{"ts": "2026-05-27T14:00:03.745368+00:00", "status": "PASS", "validator_rc": 0, "failed_checks": [], "alert_needed": true, "alert_reason": "recovery_fail_to_pass", "telegram": "ok", "webhook": "webhook_not_configured"}
{"ts": "2026-05-27T14:05:02.055332+00:00", "status": "PASS", "validator_rc": 0, "failed_checks": [], "alert_needed": false, "alert_reason": "no_alert_needed", "telegram": "not_sent", "webhook": "not_sent"}
{"ts": "2026-05-27T14:10:02.353660+00:00", "status": "PASS", "validator_rc": 0, "failed_checks": [], "alert_needed": false, "alert_reason": "no_alert_needed", "telegram": "not_sent", "webhook": "not_sent"}
