symbol,spike_ts_utc,spike_ts,direction,jump,ratio,atr,price_vs_ema200_pct,spike_cluster,bot_entered,block_reason,had_open_pos,matched_trade,matched_trade_result,matched_trade_side,favorable_for_open_trade,matched_trade_contract_id
BOOM1000,2026-05-26T14:25:34.404719+00:00,1779805534.4047186,UP,21.072,133.15,0.15826,,False,False,trade_cooldown,False,False,,,,
BOOM1000,2026-05-26T14:34:08.225415+00:00,1779806048.2254148,UP,18.033,128.39,0.14046,0.00125,False,False,trade_cooldown,False,True,win,MULTUP,True,836519799
BOOM1000,2026-05-26T14:37:47.200869+00:00,1779806267.200869,UP,12.496,124.51,0.10036,0.00083,True,False,trade_cooldown,False,False,,,,
BOOM1000,2026-05-26T14:38:31.836679+00:00,1779806311.836679,UP,18.033,1354.11,0.01332,0.00125,False,False,post_spike_chase_guard:46t<210t,False,False,,,,
BOOM1000,2026-05-26T14:38:31.855582+00:00,1779806311.8555825,UP,12.496,891.25,0.01402,0.00083,True,False,post_spike_chase_guard:48t<210t,False,False,,,,
BOOM1000,2026-05-26T14:38:42.746461+00:00,1779806322.7464607,UP,18.033,1327.3,0.01359,0.00125,False,False,post_spike_chase_guard:57t<210t,False,False,,,,
BOOM1000,2026-05-26T14:38:42.760883+00:00,1779806322.760883,UP,12.496,897.43,0.01392,0.00083,True,False,post_spike_chase_guard:96t<210t,False,False,,,,
BOOM1000,2026-05-26T14:39:25.182898+00:00,1779806365.1828976,UP,19.051,134.33,0.14182,0.00167,True,False,post_spike_chase_guard:204t<210t,False,False,,,,
BOOM1000,2026-05-26T14:42:56.747381+00:00,1779806576.7473807,UP,18.033,1326.63,0.01359,0.00125,False,False,obs_window_blocked:90s,False,False,,,,
BOOM1000,2026-05-26T14:42:56.765735+00:00,1779806576.7657347,UP,12.496,895.22,0.01396,0.00083,True,False,"AI_VETO: Although the mathematical score is high and the Hurst exponent is within the acceptable range, the dynamic score ceiling of 5.3 and the symbol bleed bonus requiring a score of 6.0 for approval with confidence >= 0.75 prevent approval at this confidence level. | adaptive:baseline [cached]",False,False,,,,
BOOM1000,2026-05-26T14:42:56.778409+00:00,1779806576.7784085,UP,19.051,1387.44,0.01373,0.00167,True,False,trade_cooldown,False,False,,,,
BOOM1000,2026-05-26T14:44:13.756522+00:00,1779806653.7565222,UP,18.033,1322.6,0.01363,0.00125,False,False,trade_cooldown,False,False,,,,
BOOM1000,2026-05-26T14:44:13.773429+00:00,1779806653.773429,UP,12.496,904.15,0.01382,0.00083,True,False,trade_cooldown,False,False,,,,
BOOM1000,2026-05-26T14:44:13.786653+00:00,1779806653.7866533,UP,19.051,1456.96,0.01308,0.00167,True,False,"AI_VETO: The mathematical score of 6.16 is above the 6.0 threshold required due to the symbol bleed bonus, but the confidence is below the required 0.75. | adaptive:baseline",False,False,,,,
BOOM1000,2026-05-26T15:04:27.190840+00:00,1779807867.1908395,UP,19.015,130.36,0.14587,0.00132,False,False,trade_cooldown,False,False,,,,
BOOM1000,2026-05-26T15:11:20.207639+00:00,1779808280.2076395,UP,1.4,57.26,0.02445,2e-05,False,False,trade_cooldown,False,False,,,,
BOOM1000,2026-05-26T15:19:25.864888+00:00,1779808765.8648877,UP,19.015,1582.76,0.01201,,False,False,obs_window_blocked:90s,False,False,,,,
BOOM1000,2026-05-26T15:19:25.900631+00:00,1779808765.900631,UP,1.4,99.02,0.01414,2e-05,True,False,trade_cooldown,False,False,,,,
BOOM1000,2026-05-26T15:23:15.911082+00:00,1779808995.9110818,UP,1.4,98.45,0.01422,2e-05,False,False,trade_cooldown,False,False,,,,
BOOM1000,2026-05-26T15:38:57.195459+00:00,1779809937.195459,UP,25.884,135.23,0.19141,0.00183,False,False,trade_cooldown,False,False,,,,
BOOM1000,2026-05-26T15:45:44.211471+00:00,1779810344.2114708,UP,11.824,121.61,0.09723,0.00078,False,False,trade_cooldown,False,False,,,,
BOOM1000,2026-05-26T15:46:00.217905+00:00,1779810360.217905,UP,11.444,22.86,0.50058,0.0015,True,False,post_spike_chase_guard:205t<269t,False,False,,,,
BOOM1000,2026-05-26T15:49:29.225560+00:00,1779810569.22556,UP,0.985,48.07,0.02049,-2e-05,True,False,post_spike_chase_guard:163t<199t,False,False,,,,
BOOM1000,2026-05-26T15:52:13.222256+00:00,1779810733.2222564,UP,10.259,123.16,0.0833,0.00069,True,False,trade_cooldown,False,False,,,,
BOOM1000,2026-05-26T16:00:59.201940+00:00,1779811259.2019403,UP,10.299,120.46,0.0855,0.00067,False,False,trade_cooldown,False,False,,,,
BOOM1000,2026-05-26T16:04:35.206101+00:00,1779811475.2061012,UP,31.498,136.61,0.23057,0.00223,True,False,trade_cooldown,False,False,,,,
BOOM1000,2026-05-26T16:21:05.204605+00:00,1779812465.2046049,UP,14.18,128.24,0.11057,0.00096,False,False,trade_cooldown,False,False,,,,
BOOM1000,2026-05-26T16:21:54.376561+00:00,1779812514.3765614,UP,7.313,110.55,0.06615,0.00109,True,False,trade_cooldown,False,False,,,,
BOOM1000,2026-05-26T16:25:14.237724+00:00,1779812714.237724,UP,21.491,131.46,0.16348,0.00148,True,False,trade_cooldown,False,False,,,,
BOOM1000,2026-05-26T16:44:18.260626+00:00,1779813858.2606256,UP,23.597,133.22,0.17712,0.00165,False,False,trade_cooldown,False,False,,,,
BOOM1000,2026-05-26T16:49:18.219785+00:00,1779814158.2197852,UP,2.558,82.21,0.03112,0.00011,True,False,trade_cooldown,False,False,,,,
BOOM1000,2026-05-26T17:29:42.217136+00:00,1779816582.2171364,UP,17.341,128.95,0.13448,0.00118,False,False,trade_cooldown,False,True,win,MULTUP,True,844553939
BOOM1000,2026-05-26T18:25:00.214098+00:00,1779819900.214098,UP,4.422,101.23,0.04368,0.00024,False,False,post_spike_chase_guard:299t<493t,False,False,,,,
BOOM1000,2026-05-26T18:33:28.217815+00:00,1779820408.217815,UP,36.534,135.83,0.26897,0.0026,False,False,post_spike_chase_guard:299t<563t,False,False,,,,
BOOM1000,2026-05-26T19:11:24.182757+00:00,1779822684.1827567,UP,2.336,84.64,0.0276,9e-05,False,False,post_spike_chase_guard:299t<600t,False,False,,,,
BOOM1000,2026-05-26T19:40:59.185109+00:00,1779824459.185109,UP,5.89,104.6,0.05631,0.00035,False,False,post_spike_chase_guard:22t<600t,False,False,,,,
BOOM1000,2026-05-26T19:41:22.236909+00:00,1779824482.236909,UP,24.781,63.86,0.38805,0.00208,True,False,post_spike_chase_guard:104t<600t,False,False,,,,
BOOM1000,2026-05-26T19:43:07.186115+00:00,1779824587.1861153,UP,21.735,131.36,0.16546,0.00227,True,False,post_spike_chase_guard:299t<600t,False,False,,,,
BOOM1000,2026-05-26T20:27:25.188548+00:00,1779827245.1885476,UP,5.913,111.22,0.05317,0.00036,False,False,post_spike_chase_guard:299t<600t,False,True,loss,MULTUP,True,852846919
BOOM1000,2026-05-26T20:38:13.010952+00:00,1779827893.0109522,UP,5.913,494.74,0.01195,0.00036,False,False,trade_cooldown,False,True,loss,MULTUP,True,852846919
BOOM1000,2026-05-26T20:49:44.168556+00:00,1779828584.1685557,UP,38.316,137.65,0.27836,0.00273,False,False,post_spike_chase_guard:299t<600t,False,False,,,,
BOOM1000,2026-05-26T20:54:46.192446+00:00,1779828886.1924462,UP,3.934,102.43,0.03841,0.00021,True,False,post_spike_chase_guard:63t<600t,False,False,,,,
BOOM1000,2026-05-26T20:55:50.189574+00:00,1779828950.1895745,UP,12.659,123.01,0.10291,0.00099,True,False,post_spike_chase_guard:299t<600t,False,False,,,,
BOOM1000,2026-05-26T21:01:22.193271+00:00,1779829282.1932707,UP,17.629,132.01,0.13354,0.00121,True,False,post_spike_chase_guard:299t<546t,False,False,,,,
BOOM1000,2026-05-26T21:09:10.167571+00:00,1779829750.1675713,UP,26.16,133.83,0.19547,0.00183,False,False,post_spike_chase_guard:299t<546t,False,False,,,,
BOOM1000,2026-05-26T21:14:33.189979+00:00,1779830073.1899793,UP,15.347,128.93,0.11903,0.00104,True,False,post_spike_chase_guard:299t<476t,False,False,,,,
BOOM1000,2026-05-26T21:37:14.185336+00:00,1779831434.1853356,UP,19.08,130.64,0.14606,0.00131,False,False,post_spike_chase_guard:91t<266t,False,False,,,,
BOOM1000,2026-05-26T21:38:46.185076+00:00,1779831526.185076,UP,16.897,131.62,0.12838,0.00171,True,False,trade_cooldown,False,False,,,,
BOOM500,2026-05-26T14:13:31.196921+00:00,1779804811.196921,UP,2.117,82.81,0.02557,0.00021,True,False,post_spike_chase_guard:299t<300t,False,False,,,,
BOOM500,2026-05-26T14:25:34.693076+00:00,1779805534.6930757,UP,5.916,27.9,0.21203,,False,False,HURST_SPIKE_VETO: BOOM500 H=0.405 < strict_min=0.430,False,False,,,,
BOOM500,2026-05-26T14:25:34.724578+00:00,1779805534.7245781,UP,2.117,187.17,0.01131,0.00021,True,False,HURST_SPIKE_VETO: BOOM500 H=0.406 < strict_min=0.430,False,False,,,,
BOOM500,2026-05-26T14:28:41.667921+00:00,1779805721.6679208,UP,2.117,183.7,0.01152,,False,False,post_spike_chase_guard:1t<300t,False,False,,,,
BOOM500,2026-05-26T14:29:28.200079+00:00,1779805768.200079,UP,1.615,72.82,0.02218,0.00013,True,False,post_spike_chase_guard:299t<300t,False,False,,,,
BOOM500,2026-05-26T14:37:46.238700+00:00,1779806266.2386997,UP,7.835,117.97,0.06641,0.00128,False,False,post_spike_chase_guard:36t<300t,False,False,,,,
BOOM500,2026-05-26T14:38:31.781467+00:00,1779806311.781467,UP,1.615,145.72,0.01108,0.00013,False,False,post_spike_chase_guard:47t<300t,False,False,,,,
BOOM500,2026-05-26T14:38:31.805657+00:00,1779806311.8056571,UP,7.835,683.56,0.01146,0.00128,True,False,post_spike_chase_guard:49t<300t,False,False,,,,
BOOM500,2026-05-26T14:38:42.846811+00:00,1779806322.8468113,UP,1.615,145.18,0.01112,0.00013,False,False,post_spike_chase_guard:58t<300t,False,False,,,,
BOOM500,2026-05-26T14:38:42.869092+00:00,1779806322.869092,UP,7.835,678.66,0.01154,0.00128,True,True,,False,False,,,,
BOOM500,2026-05-26T14:42:56.846777+00:00,1779806576.8467774,UP,1.615,146.18,0.01105,,False,False,"AI_VETO: The trade signal meets the approval criteria with a score of 6.91, a Hurst exponent of 0.49, and a 'trending' regime, despite the symbol bleed bonus requiring a higher score, the geo position and regime are favorable for a spike market. | score_floor:6.91<7.00 | adaptive:approval_rate=88.3%, avg_pnl=-0.3456",False,True,loss,MULTUP,True,837171719
BOOM500,2026-05-26T14:42:56.868647+00:00,1779806576.868647,UP,7.835,120.54,0.065,0.00128,True,False,trade_cooldown,False,True,loss,MULTUP,True,837171719
BOOM500,2026-05-26T14:44:13.883045+00:00,1779806653.8830452,UP,1.615,144.37,0.01119,,False,False,trade_cooldown,False,True,loss,MULTUP,True,837171719
BOOM500,2026-05-26T14:44:13.924267+00:00,1779806653.924267,UP,7.835,683.15,0.01147,0.00128,True,False,trade_cooldown,False,True,loss,MULTUP,True,837171719
BOOM500,2026-05-26T14:59:20.227207+00:00,1779807560.2272067,UP,7.429,123.72,0.06005,0.00123,False,False,post_spike_chase_guard:42t<300t,False,False,,,,
BOOM500,2026-05-26T15:00:14.435145+00:00,1779807614.4351451,UP,7.429,784.56,0.00947,0.00123,False,False,post_spike_chase_guard:181t<300t,False,False,,,,
BOOM500,2026-05-26T15:02:36.101366+00:00,1779807756.1013656,UP,7.429,809.32,0.00918,0.00123,False,False,post_spike_chase_guard:5t<300t,False,False,,,,
BOOM500,2026-05-26T15:02:36.117453+00:00,1779807756.1174526,UP,5.467,477.83,0.01144,0.00092,True,False,"AI_VETO: The trade signal has a strong mathematical score of 7.93, a Hurst exponent of 0.486 which is above the 0.43 threshold, and the volatility regime is compressing, not 'volatile'. The symbol bleed bonus is active, but the score of 7.93 meets the higher threshold of 7.00. | tail_veto:n=5 wr=0.0% avg=-1.0440 | adaptive:approval_rate=85.8%, avg_pnl=-0.4010 [cached]",False,False,,,,
BOOM500,2026-05-26T15:25:45.204545+00:00,1779809145.2045445,UP,8.035,117.84,0.06819,0.00131,False,False,post_spike_chase_guard:299t<300t,False,False,,,,
BOOM500,2026-05-26T15:37:22.238182+00:00,1779809842.2381818,UP,1.801,77.95,0.0231,0.00019,False,False,post_spike_chase_guard:299t<300t,False,False,,,,
BOOM500,2026-05-26T15:44:38.218154+00:00,1779810278.2181544,UP,2.975,88.69,0.03354,0.00038,False,False,post_spike_chase_guard:296t<300t,False,False,,,,
BOOM500,2026-05-26T17:00:40.240263+00:00,1779814840.240263,UP,5.053,114.55,0.04411,0.00079,False,False,post_spike_chase_guard:299t<300t,False,False,,,,
BOOM500,2026-05-26T17:06:43.206105+00:00,1779815203.2061045,UP,2.585,91.6,0.02822,0.00033,True,False,post_spike_chase_guard:299t<300t,False,False,,,,
BOOM500,2026-05-26T17:17:42.284155+00:00,1779815862.2841547,UP,2.585,273.79,0.00944,0.00033,False,False,spike_forced_dir: MULTUP (Hurst/trend bypassed); geo: neutral_extended_down: pos=-0.68 penalty=-0.25; boom_crash_structural_veto: BOOM500 no active FVG + no EMA200 spike-hunter → hard veto; geo_optimal: -0.679≤0.200 →+1.0,False,False,,,,
BOOM500,2026-05-26T17:24:28.237619+00:00,1779816268.2376187,UP,8.055,122.16,0.06594,0.00135,False,False,post_spike_chase_guard:255t<300t,False,False,,,,
BOOM500,2026-05-26T17:28:44.232440+00:00,1779816524.2324405,UP,7.175,119.72,0.05993,0.00117,True,False,post_spike_chase_guard:110t<300t,False,False,,,,
BOOM500,2026-05-26T17:30:35.208447+00:00,1779816635.2084472,UP,10.296,127.31,0.08088,0.00221,True,False,post_spike_chase_guard:299t<300t,False,False,,,,
BOOM500,2026-05-26T17:37:10.219599+00:00,1779817030.2195988,UP,10.808,128.1,0.08437,0.00186,True,False,post_spike_chase_guard:107t<300t,False,False,,,,
BOOM500,2026-05-26T17:38:58.239521+00:00,1779817138.2395208,UP,0.933,57.28,0.01629,0.00069,True,False,post_spike_chase_guard:178t<300t,False,False,,,,
BOOM500,2026-05-26T17:41:57.237354+00:00,1779817317.2373538,UP,1.63,69.93,0.02331,0.00016,True,False,post_spike_chase_guard:136t<300t,False,False,,,,
BOOM500,2026-05-26T17:44:14.214096+00:00,1779817454.2140958,UP,6.735,113.4,0.05939,0.00115,True,False,post_spike_chase_guard:5t<300t,False,False,,,,
BOOM500,2026-05-26T17:44:20.217938+00:00,1779817460.2179377,UP,12.617,38.16,0.33063,0.00343,True,False,"AI_VETO: The trade signal for BOOM500 is approved due to a high mathematical score of 8.61, a trending Hurst exponent of 0.533, and a compressing volatility regime, despite the symbol bleed bonus requiring a higher score and confidence. | tail_veto:n=5 wr=0.0% avg=-1.0440 | adaptive:avg_pnl=-0.4010 [cached]",False,False,,,,
BOOM500,2026-05-26T17:48:42.704083+00:00,1779817722.7040832,UP,12.937,128.04,0.10104,0.00223,True,False,"AI_VETO: The trade signal for BOOM500 is approved due to a high mathematical score of 8.41, a Hurst exponent of 0.496 which is within the acceptable range for spike markets, and a 'compressing' volatility regime, despite the symbol bleed bonus requiring a higher score and confidence. | tail_veto:n=5 wr=0.0% avg=-1.0440 | adaptive:avg_pnl=-0.4010 [cached]",False,False,,,,
BOOM500,2026-05-26T17:59:33.216904+00:00,1779818373.2169037,UP,2.964,93.31,0.03177,0.00039,False,False,spike_forced_dir: MULTUP (Hurst/trend bypassed); boom_crash_structural_veto: BOOM500 no active FVG + no EMA200 spike-hunter → hard veto; geo_optimal: -0.571≤0.200 →+1.0,False,False,,,,
BOOM500,2026-05-26T18:08:28.228904+00:00,1779818908.2289038,UP,11.355,131.42,0.0864,0.00195,False,False,"AI_VETO: The trade signal for BOOM500 is approved as the mathematical score (8.42) is above the 7.0 threshold required due to the symbol bleed bonus, the Hurst exponent (0.489) is within the acceptable range for spike markets, and the regime is 'trending' (not 'volatile'). | tail_veto:n=5 wr=0.0% avg=-1.0440 | adaptive:avg_pnl=-0.4010",False,False,,,,
BOOM500,2026-05-26T18:14:46.212899+00:00,1779819286.2128987,UP,14.196,130.67,0.10864,0.00247,True,False,"AI_VETO: The trade signal has a strong mathematical score of 7.27, a Hurst exponent of 0.481 indicating a suitable regime for spike markets, and the 'trending' regime is not 'volatile'. The symbol_bleed_bonus is positive, and the score meets the higher threshold of 7.00, with a confidence of 0.75. | tail_veto:n=5 wr=0.0% avg=-1.0440 | adaptive:avg_pnl=-0.4010 [cached]",False,False,,,,
BOOM500,2026-05-26T18:18:58.210114+00:00,1779819538.2101145,UP,5.22,108.39,0.04816,0.0008,True,False,post_spike_chase_guard:109t<180t,False,False,,,,
BOOM500,2026-05-26T18:20:48.256363+00:00,1779819648.256363,UP,9.592,124.38,0.07712,0.00193,True,False,post_spike_chase_guard:49t<180t,False,False,,,,
BOOM500,2026-05-26T18:21:38.237331+00:00,1779819698.2373314,UP,2.884,93.66,0.03079,0.00164,True,False,"AI_VETO: The trade signal for BOOM500 is approved due to a high mathematical score of 8.35, a Hurst exponent of 0.462 which is above the 0.43 threshold for spike markets, and a 'trending' regime, despite the symbol bleed bonus requiring a higher score and confidence. | tail_veto:n=5 wr=0.0% avg=-1.0440 | adaptive:avg_pnl=-0.4010",False,False,,,,
BOOM500,2026-05-26T18:28:07.198054+00:00,1779820087.198054,UP,2.619,96.78,0.02706,0.00033,True,False,post_spike_chase_guard:59t<180t,False,False,,,,
BOOM500,2026-05-26T18:29:07.193138+00:00,1779820147.1931381,UP,6.11,112.23,0.05444,0.00122,True,False,post_spike_chase_guard:57t<180t,False,False,,,,
BOOM500,2026-05-26T18:30:05.370178+00:00,1779820205.3701775,UP,1.937,76.14,0.02544,0.00096,True,False,"AI_VETO: Although the score is high and the Hurst exponent is acceptable for a spike market, the dynamic score ceiling of 5.3 and the symbol bleed bonus requiring a score of 7.00 for approval, combined with a confidence below 0.65, prevent approval. | adaptive:avg_pnl=-0.4010 [cached]",False,False,,,,
BOOM500,2026-05-26T18:33:50.229095+00:00,1779820430.229095,UP,9.571,125.83,0.07606,0.0016,True,False,post_spike_chase_guard:40t<180t,False,False,,,,
BOOM500,2026-05-26T18:34:31.215745+00:00,1779820471.215745,UP,1.959,73.86,0.02652,0.00136,True,False,"AI_VETO: Although the mathematical score is high and the Hurst exponent is acceptable for a spike market, the symbol bleed bonus is active, requiring a higher score and confidence for approval, which are not met. | adaptive:avg_pnl=-0.4010",False,False,,,,
BOOM500,2026-05-26T18:43:30.238785+00:00,1779821010.2387846,UP,5.743,113.3,0.05069,0.00089,False,False,"AI_VETO: The trade signal has a strong mathematical score of 7.60, a Hurst exponent of 0.497 which is within the acceptable range for spike markets, and the volatility regime is compressing, which is favorable. The symbol bleed bonus is active, but the score of 7.60 meets the higher threshold for approval. | tail_veto:n=5 wr=0.0% avg=-1.0440 | adaptive:avg_pnl=-0.4010 [cached]",False,False,,,,
BOOM500,2026-05-26T19:03:33.186942+00:00,1779822213.1869416,UP,8.646,123.56,0.06997,0.00144,False,False,"AI_VETO: The trade signal meets all approval criteria with a high score of 9.02, a trending Hurst exponent, and a compressing volatility regime, despite the symbol bleed bonus requiring a higher score and confidence. | tail_veto:n=5 wr=0.0% avg=-1.0440 | adaptive:avg_pnl=-0.4010 [cached]",False,False,,,,
BOOM500,2026-05-26T19:07:51.184213+00:00,1779822471.1842134,UP,6.526,116.29,0.05612,0.00103,True,False,"AI_VETO: The trade signal has a score of 6.81, which is below the required 7.00 for approval due to the active symbol_bleed_bonus, and the confidence is below the 0.65 threshold. | adaptive:avg_pnl=-0.4010",False,False,,,,
BOOM500,2026-05-26T19:25:25.199744+00:00,1779823525.1997442,UP,6.913,117.14,0.05901,0.00111,False,False,"AI_VETO: The trade signal for BOOM500 is approved due to a high mathematical score of 8.51, a Hurst exponent of 0.5004 indicating a random walk suitable for spike markets, and a 'compressing' volatility regime, all while meeting the symbol bleed bonus criteria. | tail_veto:n=5 wr=0.0% avg=-1.0440 | adaptive:avg_pnl=-0.4010 [cached]",False,False,,,,
BOOM500,2026-05-26T19:29:14.213530+00:00,1779823754.2135303,UP,4.894,111.89,0.04374,0.00074,True,False,"AI_VETO: The trade signal has a strong mathematical score of 7.28, a Hurst exponent of 0.482 which is above the 0.43 threshold for spike markets, and the volatility regime is compressing, not volatile, despite the symbol bleed bonus requiring a higher score and confidence. | score_floor:6.86<7.00 | tail_veto:n=5 wr=0.0% avg=-1.0440 | adaptive:avg_pnl=-0.4010 [cached]",False,False,,,,
BOOM500,2026-05-26T19:51:09.195333+00:00,1779825069.1953325,UP,2.789,92.69,0.03009,0.00035,False,False,"AI_VETO: The trade signal meets the approval criteria with a score of 7.40, a Hurst exponent of 0.5027, and a 'compressing' volatility regime, while also satisfying the higher score and confidence requirements due to the symbol bleed bonus. | tail_veto:n=5 wr=0.0% avg=-1.0440 | adaptive:avg_pnl=-0.4010",False,False,,,,
BOOM500,2026-05-26T20:01:05.810058+00:00,1779825665.8100576,UP,2.789,273.99,0.01018,0.00035,False,False,"AI_VETO: The trade signal meets the approval criteria with a score of 7.22, a Hurst exponent of 0.502, and a 'trending' regime, while also satisfying the symbol bleed bonus conditions. | score_floor:6.89<7.00 | tail_veto:n=5 wr=0.0% avg=-1.0440 | adaptive:avg_pnl=-0.4010 [cached]",False,False,,,,
BOOM500,2026-05-26T20:07:10.091926+00:00,1779826030.091926,UP,2.789,26.08,0.10693,,False,False,HURST_SPIKE_VETO: BOOM500 H=0.393 < strict_min=0.430,False,False,,,,
BOOM500,2026-05-26T20:08:35.206806+00:00,1779826115.206806,UP,0.739,44.82,0.01649,-3e-05,True,False,post_spike_chase_guard:17t<180t,False,False,,,,
BOOM500,2026-05-26T20:08:53.189496+00:00,1779826133.1894956,UP,6.166,80.93,0.07619,0.0011,True,False,"AI_VETO: The trade signal meets the approval criteria with a score of 7.60, a Hurst exponent of 0.523, and a 'trending' regime, while also satisfying the symbol bleed bonus conditions with a score above 7.00. | tail_veto:n=5 wr=0.0% avg=-1.0440 | adaptive:avg_pnl=-0.4010 [cached]",False,False,,,,
BOOM500,2026-05-26T20:12:58.212794+00:00,1779826378.2127938,UP,5.506,109.1,0.05047,0.00084,True,False,post_spike_chase_guard:91t<180t,False,False,,,,
BOOM500,2026-05-26T20:14:30.242924+00:00,1779826470.242924,UP,12.362,129.14,0.09572,0.00252,True,False,"AI_VETO: The trade signal for BOOM500 is approved due to a strong mathematical score of 8.40, a Hurst exponent of 0.492 indicating a non-random but not strongly trending market, and a calm volatility regime, meeting the criteria for a spike market despite the symbol bleed bonus. | tail_veto:n=5 wr=0.0% avg=-1.0440 | adaptive:avg_pnl=-0.4010 [cached]",False,False,,,,
BOOM500,2026-05-26T20:22:39.954960+00:00,1779826959.95496,UP,0.739,64.09,0.01153,,False,False,post_spike_chase_guard:4t<180t,False,False,,,,
BOOM500,2026-05-26T20:22:39.992019+00:00,1779826959.9920192,UP,6.166,301.85,0.02043,,True,False,post_spike_chase_guard:3t<180t,False,False,,,,
BOOM500,2026-05-26T20:22:40.028316+00:00,1779826960.0283163,UP,5.506,453.88,0.01213,0.00084,True,False,post_spike_chase_guard:2t<180t,False,False,,,,
BOOM500,2026-05-26T20:22:40.060596+00:00,1779826960.0605955,UP,12.362,1171.56,0.01055,0.00252,True,False,post_spike_chase_guard:1t<180t,False,False,,,,
BOOM500,2026-05-26T20:24:18.237251+00:00,1779827058.2372513,UP,0.098,10.22,0.00959,-0.00014,True,False,"AI_VETO: The trade signal for BOOM500 is approved due to a strong mathematical score of 7.64, a Hurst exponent of 0.503 indicating a trending or random walk behavior suitable for spike markets, and a non-volatile regime, despite the symbol bleed bonus requiring a higher score and confidence. | tail_veto:n=5 wr=0.0% avg=-1.0440 | adaptive:avg_pnl=-0.4010",False,False,,,,
BOOM500,2026-05-26T20:29:59.182610+00:00,1779827399.1826103,UP,0.04,3.9,0.01025,-0.00015,True,False,post_spike_chase_guard:35t<199t,False,False,,,,
BOOM500,2026-05-26T20:30:35.197838+00:00,1779827435.197838,UP,4.71,104.88,0.04491,0.0007,True,False,post_spike_chase_guard:86t<199t,False,False,,,,
BOOM500,2026-05-26T20:32:02.223958+00:00,1779827522.2239578,UP,7.079,118.65,0.05966,0.00151,True,False,"AI_VETO: The trade signal has a score of 7.24 and a Hurst exponent of 0.509, meeting the general approval criteria, but the dynamic score ceiling of 5.3 and the symbol bleed bonus requiring a higher confidence for approval lead to a confidence below the 0.65 threshold. | adaptive:avg_pnl=-0.4010 [cached]",False,False,,,,
BOOM500,2026-05-26T20:35:55.196152+00:00,1779827755.1961522,UP,3.297,93.14,0.0354,0.00044,True,False,post_spike_chase_guard:128t<199t,False,False,,,,
BOOM500,2026-05-26T20:38:13.177230+00:00,1779827893.1772296,UP,0.098,9.98,0.00982,,False,False,post_spike_chase_guard:142t<199t,False,False,,,,
BOOM500,2026-05-26T20:38:13.210623+00:00,1779827893.2106225,UP,0.04,3.96,0.01011,-0.00015,True,False,post_spike_chase_guard:141t<199t,False,False,,,,
BOOM500,2026-05-26T20:38:13.233134+00:00,1779827893.2331336,UP,4.71,404.35,0.01165,0.0007,True,False,post_spike_chase_guard:140t<199t,False,False,,,,
BOOM500,2026-05-26T20:38:13.256761+00:00,1779827893.2567606,UP,7.079,120.29,0.05885,0.00151,True,False,post_spike_chase_guard:139t<199t,False,False,,,,
BOOM500,2026-05-26T20:38:13.281278+00:00,1779827893.281278,UP,3.297,292.39,0.01128,0.00044,True,False,"AI_VETO: The trade is not approved because the confidence score is below the minimum threshold of 0.65, despite meeting other approval criteria. | adaptive:avg_pnl=-0.4010 [cached]",False,False,,,,
BOOM500,2026-05-26T20:53:44.199772+00:00,1779828824.1997724,UP,2.82,95.16,0.02963,0.00036,False,False,post_spike_chase_guard:153t<199t,False,False,,,,
BOOM500,2026-05-26T20:56:18.186655+00:00,1779828978.1866553,UP,5.6,114.11,0.04908,0.00098,True,False,post_spike_chase_guard:40t<199t,False,False,,,,
BOOM500,2026-05-26T20:56:59.164787+00:00,1779829019.164787,UP,6.497,116.72,0.05566,0.00174,True,False,post_spike_chase_guard:176t<199t,False,False,,,,
BOOM500,2026-05-26T20:59:56.184808+00:00,1779829196.1848078,UP,0.852,45.55,0.0187,0.00018,True,False,post_spike_chase_guard:159t<199t,False,False,,,,
BOOM500,2026-05-26T21:02:36.188857+00:00,1779829356.1888573,UP,13.26,131.1,0.10114,0.00231,True,False,"AI_VETO: The trade signal has a strong mathematical score of 7.96, a Hurst exponent of 0.492 which is above the 0.43 threshold, and the volatility regime is 'compressing' which is not 'volatile', meeting all approval criteria including the higher score requirement due to the symbol bleed bonus. | tail_veto:n=5 wr=0.0% avg=-1.0440 | adaptive:avg_pnl=-0.4010",False,False,,,,
BOOM500,2026-05-26T21:16:56.175758+00:00,1779830216.1757576,UP,4.009,101.15,0.03963,0.00056,False,False,"AI_VETO: The trade meets the approval criteria with a score of 7.74, a Hurst exponent of 0.432, and a 'trending' regime, despite the symbol bleed bonus requiring a higher score and confidence. | tail_veto:n=5 wr=0.0% avg=-1.0440 | adaptive:avg_pnl=-0.4010 [cached]",False,False,,,,
BOOM500,2026-05-26T21:45:57.181119+00:00,1779831957.1811187,UP,7.096,123.06,0.05766,0.00116,False,False,"AI_VETO: The trade signal meets the approval criteria with a high score of 8.30, a Hurst exponent of 0.5004 indicating a non-mean-reverting market, and a 'compressing' volatility regime, which is not 'volatile'. | tail_veto:n=5 wr=0.0% avg=-1.0440 | adaptive:avg_pnl=-0.4010 [cached]",False,False,,,,
BOOM500,2026-05-26T21:49:44.199613+00:00,1779832184.1996129,UP,9.617,124.06,0.07752,0.00161,True,False,post_spike_chase_guard:115t<180t,False,False,,,,
BOOM500,2026-05-26T21:51:40.191811+00:00,1779832300.1918106,UP,8.704,121.65,0.07155,0.00199,True,False,"AI_VETO: The trade signal for BOOM500 is approved due to a high mathematical score of 7.96, a Hurst exponent of 0.475 within the acceptable range for spike markets, and a 'compressing' volatility regime, with the symbol bleed bonus conditions met. | tail_veto:n=5 wr=0.0% avg=-1.0440 | adaptive:avg_pnl=-0.4010 [cached]",False,False,,,,
BOOM500,2026-05-26T21:59:10.182521+00:00,1779832750.1825206,UP,3.342,93.08,0.0359,0.00043,False,False,spike_forced_dir: MULTUP (Hurst/trend bypassed); geo: neutral_extended_down: pos=-0.63 penalty=-0.25; boom_crash_structural_veto: BOOM500 no active FVG + no EMA200 spike-hunter → hard veto; geo_optimal: -0.626≤0.200 →+1.0,False,False,,,,
BOOM500,2026-05-26T22:09:36.265407+00:00,1779833376.265407,UP,2.118,77.87,0.0272,0.00021,False,False,post_spike_chase_guard:170t<180t,False,False,,,,
BOOM500,2026-05-26T22:12:33.955655+00:00,1779833553.9556549,UP,3.342,296.93,0.01126,,False,False,post_spike_chase_guard:179t<180t,False,False,,,,
BOOM500,2026-05-26T22:12:34.021641+00:00,1779833554.021641,UP,2.118,166.91,0.01269,0.00021,True,False,spike_forced_dir: MULTUP (Hurst/trend bypassed); boom_crash_structural_veto: BOOM500 no active FVG + no EMA200 spike-hunter → hard veto; geo_optimal: -0.262≤0.200 →+1.0,False,False,,,,
BOOM500,2026-05-26T22:21:36.174148+00:00,1779834096.1741483,UP,14.884,132.38,0.11243,0.00259,False,False,post_spike_chase_guard:14t<180t,False,False,,,,
BOOM500,2026-05-26T22:21:59.049885+00:00,1779834119.0498853,UP,2.118,170.52,0.01242,0.00021,False,False,post_spike_chase_guard:24t<180t,False,False,,,,
BOOM500,2026-05-26T22:21:59.088988+00:00,1779834119.0889878,UP,14.884,1562.77,0.00952,0.00259,True,False,post_spike_chase_guard:35t<180t,False,False,,,,
BOOM500,2026-05-26T22:22:21.212613+00:00,1779834141.2126126,UP,2.118,173.41,0.01221,0.00021,False,False,post_spike_chase_guard:46t<180t,False,False,,,,
BOOM500,2026-05-26T22:22:21.249785+00:00,1779834141.249785,UP,14.884,1598.65,0.00931,0.00259,True,False,"AI_VETO: The trade signal for BOOM500 is approved due to a high mathematical score of 8.76, a Hurst exponent of 0.4958 which is within the acceptable range for spike markets, and a compressing volatility regime, despite the symbol bleed bonus requiring a higher score and confidence. | tail_veto:n=5 wr=0.0% avg=-1.0440 | adaptive:avg_pnl=-0.4010 [cached]",False,False,,,,
BOOM500,2026-05-26T22:26:17.162929+00:00,1779834377.1629293,UP,4.802,111.12,0.04321,0.00072,True,False,spike_forced_dir: MULTUP (Hurst/trend bypassed); geo: neutral_extended_down: pos=-0.62 penalty=-0.25; boom_crash_structural_veto: BOOM500 no active FVG + no EMA200 spike-hunter → hard veto; geo_optimal: -0.617≤0.200 →+1.0,False,False,,,,
BOOM500,2026-05-26T22:39:22.166792+00:00,1779835162.1667917,UP,1.675,72.13,0.02322,0.00013,False,False,HURST_SPIKE_VETO: BOOM500 H=0.388 < strict_min=0.430,False,False,,,,
BOOM500,2026-05-26T22:49:05.170081+00:00,1779835745.1700811,UP,6.702,120.45,0.05564,0.00107,False,False,"AI_VETO: The trade signal for BOOM500 is approved due to a high mathematical score of 8.81, a Hurst exponent of 0.488 indicating a suitable regime for spike markets, and a 'trending' regime, despite the symbol bleed bonus requiring a higher score and confidence. | tail_veto:n=5 wr=0.0% avg=-1.0440 | adaptive:avg_pnl=-0.4010 [cached]",False,False,,,,
BOOM500,2026-05-26T22:55:15.287402+00:00,1779836115.2874024,UP,1.675,142.03,0.01179,,False,False,spike_forced_dir: MULTUP (Hurst/trend bypassed); boom_crash_structural_veto: BOOM500 no active FVG + no EMA200 spike-hunter → hard veto; geo_optimal: -0.516≤0.200 →+1.0,False,False,,,,
BOOM500,2026-05-26T22:55:15.322253+00:00,1779836115.3222535,UP,6.702,599.13,0.01119,0.00107,True,False,"AI_VETO: The score of 7.14 is above the 5.5 threshold, and the Hurst exponent of 0.489 is above 0.43, but the symbol_bleed_bonus is active (1.50) and the score is not above 7.00 after considering the dynamic ceiling, and the confidence is below the required 0.75 for a bleed bonus scenario. | adaptive:avg_pnl=-0.4010 [cached]",False,False,,,,
BOOM500,2026-05-26T23:01:10.200553+00:00,1779836470.2005534,UP,6.702,590.39,0.01135,0.00107,False,False,spike_forced_dir: MULTUP (Hurst/trend bypassed); boom_crash_structural_veto: BOOM500 no active FVG + no EMA200 spike-hunter → hard veto; geo_optimal: 0.044≤0.200 →+1.0,False,False,,,,
BOOM500,2026-05-26T23:05:14.191154+00:00,1779836714.1911538,UP,2.366,93.1,0.02541,0.00028,True,False,spike_forced_dir: MULTUP (Hurst/trend bypassed); geo: neutral_extended_down: pos=-0.61 penalty=-0.25; boom_crash_structural_veto: BOOM500 no active FVG + no EMA200 spike-hunter → hard veto; geo_optimal: -0.614≤0.200 →+1.0,False,False,,,,
BOOM500,2026-05-26T23:12:18.194613+00:00,1779837138.1946125,UP,0.655,45.95,0.01426,-5e-05,False,False,post_spike_chase_guard:113t<300t,False,False,,,,
BOOM500,2026-05-26T23:14:12.179063+00:00,1779837252.1790626,UP,1.321,63.85,0.02069,0.00012,True,False,post_spike_chase_guard:166t<300t,False,False,,,,
BOOM500,2026-05-26T23:16:59.161035+00:00,1779837419.1610353,UP,5.883,117.18,0.05021,0.00097,True,False,post_spike_chase_guard:299t<300t,False,False,,,,
BOOM500,2026-05-26T23:30:08.189320+00:00,1779838208.1893196,UP,10.57,125.98,0.0839,0.00178,False,False,post_spike_chase_guard:299t<300t,False,False,,,,
BOOM500,2026-05-26T23:47:52.179869+00:00,1779839272.1798692,UP,4.117,110.39,0.0373,0.00061,False,False,post_spike_chase_guard:299t<300t,False,False,,,,
BOOM500,2026-05-27T00:02:34.240404+00:00,1779840154.2404041,UP,12.806,130.21,0.09835,0.0022,False,False,post_spike_chase_guard:49t<300t,False,False,,,,
BOOM500,2026-05-27T00:03:24.197758+00:00,1779840204.1977584,UP,6.925,119.38,0.05801,0.00256,True,False,post_spike_chase_guard:299t<300t,False,False,,,,
BOOM500,2026-05-27T00:20:59.178826+00:00,1779841259.178826,UP,2.006,81.96,0.02448,0.0002,False,False,post_spike_chase_guard:299t<300t,False,False,,,,
BOOM500,2026-05-27T00:41:18.185024+00:00,1779842478.185024,UP,0.377,32.91,0.01146,-9e-05,False,False,post_spike_chase_guard:299t<300t,False,False,,,,
BOOM500,2026-05-27T00:48:12.205974+00:00,1779842892.205974,UP,5.502,114.1,0.04822,0.00084,False,False,post_spike_chase_guard:299t<300t,False,False,,,,
BOOM500,2026-05-27T01:04:57.176960+00:00,1779843897.1769602,UP,10.646,128.01,0.08317,0.00184,False,False,post_spike_chase_guard:135t<300t,False,False,,,,
BOOM500,2026-05-27T01:07:13.188217+00:00,1779844033.1882174,UP,10.03,125.73,0.07977,0.00221,True,False,post_spike_chase_guard:54t<300t,False,False,,,,
BOOM500,2026-05-27T01:08:08.188090+00:00,1779844088.1880896,UP,10.515,128.34,0.08193,0.00299,True,False,post_spike_chase_guard:0t<300t,False,False,,,,
BOOM500,2026-05-27T01:08:09.171944+00:00,1779844089.171944,UP,11.939,50.47,0.23655,0.00516,True,False,post_spike_chase_guard:299t<300t,False,False,,,,
BOOM500,2026-05-27T01:22:35.170517+00:00,1779844955.1705174,UP,4.029,100.92,0.03992,0.00057,False,False,post_spike_chase_guard:299t<300t,False,False,,,,
BOOM500,2026-05-27T01:32:04.203465+00:00,1779845524.2034652,UP,11.027,130.87,0.08426,0.00189,False,False,post_spike_chase_guard:299t<300t,False,False,,,,
BOOM500,2026-05-27T01:41:50.178583+00:00,1779846110.1785834,UP,2.891,97.6,0.02962,0.00037,False,False,post_spike_chase_guard:299t<300t,False,False,,,,
BOOM500,2026-05-27T01:47:44.172712+00:00,1779846464.1727118,UP,3.83,102.67,0.0373,0.00054,True,False,post_spike_chase_guard:106t<300t,False,False,,,,
BOOM500,2026-05-27T01:49:39.759217+00:00,1779846579.7592165,UP,2.891,303.11,0.00954,0.00037,False,False,post_spike_chase_guard:117t<300t,False,False,,,,
BOOM500,2026-05-27T01:49:39.789530+00:00,1779846579.7895303,UP,3.83,367.29,0.01043,0.00054,True,False,post_spike_chase_guard:276t<300t,False,False,,,,
BOOM500,2026-05-27T01:52:28.593146+00:00,1779846748.5931463,UP,2.891,301.15,0.0096,0.00037,False,False,post_spike_chase_guard:286t<300t,False,False,,,,
BOOM500,2026-05-27T01:52:28.674695+00:00,1779846748.6746945,UP,3.83,367.78,0.01041,0.00054,True,False,"AI_VETO: The mathematical score of 6.86 is below the required 7.00 for approval when a symbol_bleed_bonus is active, despite meeting other criteria. | adaptive:avg_pnl=-0.4010",False,False,,,,
BOOM500,2026-05-27T01:54:06.183906+00:00,1779846846.183906,UP,12.729,129.31,0.09844,0.00219,True,False,post_spike_chase_guard:21t<300t,False,False,,,,
BOOM500,2026-05-27T01:54:28.184705+00:00,1779846868.1847055,UP,2.946,6.3,0.46759,0.00228,True,False,post_spike_chase_guard:109t<300t,False,False,,,,
BOOM500,2026-05-27T01:56:18.179723+00:00,1779846978.1797233,UP,4.287,103.12,0.04157,0.00143,True,False,post_spike_chase_guard:299t<300t,False,False,,,,
BOOM500,2026-05-27T02:12:59.201858+00:00,1779847979.2018583,UP,1.514,72.81,0.02079,0.00011,False,False,post_spike_chase_guard:299t<300t,False,False,,,,
BOOM500,2026-05-27T02:28:20.191178+00:00,1779848900.191178,UP,10.511,127.54,0.08241,0.00178,False,False,post_spike_chase_guard:299t<300t,False,False,,,,
BOOM500,2026-05-27T02:45:29.492900+00:00,1779849929.4929004,UP,3.66,103.19,0.03547,0.00051,False,False,post_spike_chase_guard:107t<300t,False,False,,,,
BOOM500,2026-05-27T02:47:17.176330+00:00,1779850037.1763303,UP,5.371,112.12,0.0479,0.00105,True,False,post_spike_chase_guard:5t<300t,False,False,,,,
BOOM500,2026-05-27T02:47:23.174130+00:00,1779850043.1741304,UP,3.43,15.64,0.21933,0.00161,True,False,post_spike_chase_guard:33t<300t,False,False,,,,
BOOM500,2026-05-27T02:47:57.169226+00:00,1779850077.1692262,UP,4.923,106.96,0.04603,0.002,True,False,post_spike_chase_guard:26t<300t,False,False,,,,
BOOM500,2026-05-27T02:48:31.191644+00:00,1779850111.1916442,UP,3.66,101.55,0.03604,0.00051,False,False,post_spike_chase_guard:36t<300t,False,False,,,,
BOOM500,2026-05-27T02:48:31.212268+00:00,1779850111.2122679,UP,5.371,494.47,0.01086,0.00105,True,False,post_spike_chase_guard:35t<300t,False,False,,,,
BOOM500,2026-05-27T02:48:31.231037+00:00,1779850111.2310371,UP,3.43,71.86,0.04773,0.00161,True,False,post_spike_chase_guard:34t<300t,False,False,,,,
BOOM500,2026-05-27T02:48:31.250760+00:00,1779850111.2507596,UP,4.923,25.52,0.19288,0.002,True,False,post_spike_chase_guard:114t<300t,False,False,,,,
BOOM500,2026-05-27T02:50:03.120783+00:00,1779850203.1207833,UP,3.66,336.31,0.01088,0.00051,False,False,post_spike_chase_guard:128t<300t,False,False,,,,
BOOM500,2026-05-27T02:50:03.186083+00:00,1779850203.186083,UP,5.371,497.95,0.01079,0.00105,True,False,post_spike_chase_guard:127t<300t,False,False,,,,
BOOM500,2026-05-27T02:50:03.251522+00:00,1779850203.251522,UP,3.43,71.84,0.04774,0.00161,True,False,post_spike_chase_guard:126t<300t,False,False,,,,
BOOM500,2026-05-27T02:50:03.311430+00:00,1779850203.3114297,UP,4.923,25.51,0.19297,0.002,True,False,"AI_VETO: Although the score is above the threshold and the Hurst exponent is favorable, the 'symbol_bleed_bonus' is active, requiring a higher score and confidence for approval, which are not met. | adaptive:avg_pnl=-0.4010 [cached]",False,False,,,,
BOOM500,2026-05-27T02:55:45.171455+00:00,1779850545.1714551,UP,2.453,86.65,0.02831,0.00027,True,False,post_spike_chase_guard:274t<300t,False,False,,,,
BOOM500,2026-05-27T03:00:20.190597+00:00,1779850820.190597,UP,7.49,121.92,0.06143,0.00121,True,False,post_spike_chase_guard:2t<300t,False,False,,,,
BOOM500,2026-05-27T03:00:31.286730+00:00,1779850831.2867296,UP,3.66,328.4,0.01114,,False,False,post_spike_chase_guard:16t<300t,False,False,,,,
BOOM500,2026-05-27T03:00:31.317317+00:00,1779850831.3173168,UP,5.371,481.93,0.01114,0.00105,True,False,post_spike_chase_guard:15t<300t,False,False,,,,
BOOM500,2026-05-27T03:00:31.344843+00:00,1779850831.3448427,UP,3.43,71.59,0.04791,0.00161,True,False,post_spike_chase_guard:14t<300t,False,False,,,,
BOOM500,2026-05-27T03:00:31.371490+00:00,1779850831.3714905,UP,4.923,25.51,0.19299,0.002,True,False,post_spike_chase_guard:13t<300t,False,False,,,,
BOOM500,2026-05-27T03:00:31.418095+00:00,1779850831.418095,UP,2.453,189.4,0.01295,0.00027,True,False,post_spike_chase_guard:12t<300t,False,False,,,,
BOOM500,2026-05-27T03:00:31.458498+00:00,1779850831.4584975,UP,7.49,122.04,0.06137,0.00121,True,False,post_spike_chase_guard:133t<300t,False,False,,,,
BOOM500,2026-05-27T03:02:41.935367+00:00,1779850961.9353669,UP,5.371,497.95,0.01079,,False,False,post_spike_chase_guard:146t<300t,False,False,,,,
BOOM500,2026-05-27T03:02:41.970303+00:00,1779850961.9703026,UP,3.43,71.84,0.04774,,True,False,post_spike_chase_guard:145t<300t,False,False,,,,
BOOM500,2026-05-27T03:02:42.006411+00:00,1779850962.006411,UP,4.923,25.51,0.19297,,True,False,post_spike_chase_guard:144t<300t,False,False,,,,
BOOM500,2026-05-27T03:02:42.060020+00:00,1779850962.0600202,UP,2.453,189.5,0.01294,0.00027,True,False,post_spike_chase_guard:143t<300t,False,False,,,,
BOOM500,2026-05-27T03:02:42.107028+00:00,1779850962.1070278,UP,7.49,754.2,0.00993,0.00121,True,False,post_spike_chase_guard:237t<300t,False,False,,,,
BOOM500,2026-05-27T03:04:19.199071+00:00,1779851059.199071,UP,8.698,123.04,0.07069,0.00144,True,False,post_spike_chase_guard:126t<300t,False,False,,,,
BOOM500,2026-05-27T03:06:26.202789+00:00,1779851186.2027893,UP,5.082,112.85,0.04503,0.00122,True,False,post_spike_chase_guard:53t<230t,False,False,,,,
BOOM500,2026-05-27T03:07:20.211513+00:00,1779851240.2115133,UP,6.365,113.49,0.05608,0.0018,True,False,"AI_VETO: The trade meets the score threshold of 7.00, has a Hurst exponent above 0.43, and is not in a 'volatile' regime, despite the symbol bleed bonus being active. | tail_veto:n=5 wr=0.0% avg=-1.0440 | adaptive:avg_pnl=-0.4010 [cached]",False,False,,,,
BOOM500,2026-05-27T03:14:03.190604+00:00,1779851643.1906037,UP,4.307,102.87,0.04187,0.00062,False,False,"AI_VETO: The trade meets the minimum score of 7.26, the Hurst exponent of 0.479 is within the acceptable range for a spike market, and the volatility regime is compressing, which is not 'volatile'. The symbol bleed bonus is active, and the score and confidence meet the higher threshold. | tail_veto:n=5 wr=0.0% avg=-1.0440 | adaptive:avg_pnl=-0.4010",False,False,,,,
BOOM500,2026-05-27T03:24:37.165671+00:00,1779852277.1656709,UP,2.27,76.99,0.02948,0.00024,False,False,spike_forced_dir: MULTUP (Hurst/trend bypassed); boom_crash_structural_veto: BOOM500 no active FVG + no EMA200 spike-hunter → hard veto; geo_optimal: -0.570≤0.200 →+1.0,False,False,,,,
BOOM500,2026-05-27T03:32:25.168271+00:00,1779852745.1682706,UP,1.353,69.18,0.01956,8e-05,False,False,spike_forced_dir: MULTUP (Hurst/trend bypassed); boom_crash_structural_veto: BOOM500 no active FVG + no EMA200 spike-hunter → hard veto; geo_optimal: -0.593≤0.200 →+1.0,False,False,,,,
BOOM500,2026-05-27T03:51:58.192360+00:00,1779853918.1923602,UP,0.877,57.13,0.01535,1e-05,False,False,dynamic_symbol_inactive,False,False,,,,
BOOM500,2026-05-27T03:57:57.160910+00:00,1779854277.1609097,UP,11.209,125.31,0.08945,0.0019,True,False,dynamic_symbol_inactive,False,False,,,,
BOOM500,2026-05-27T04:04:35.172967+00:00,1779854675.1729674,UP,6.661,118.28,0.05632,0.00107,True,False,dynamic_symbol_inactive,False,False,,,,
BOOM500,2026-05-27T04:08:41.167527+00:00,1779854921.167527,UP,11.072,129.11,0.08576,0.00187,True,False,dynamic_symbol_inactive,False,False,,,,
BOOM500,2026-05-27T04:26:24.199021+00:00,1779855984.1990209,UP,4.075,102.9,0.0396,0.00058,False,False,dynamic_symbol_inactive,False,False,,,,
BOOM500,2026-05-27T04:36:24.180978+00:00,1779856584.1809776,UP,1.686,79.53,0.0212,0.00015,False,False,dynamic_symbol_inactive,False,False,,,,
BOOM500,2026-05-27T04:39:49.181735+00:00,1779856789.1817346,UP,1.87,78.07,0.02395,0.00017,True,False,dynamic_symbol_inactive,False,False,,,,
BOOM500,2026-05-27T04:56:26.202654+00:00,1779857786.202654,UP,2.846,91.91,0.03097,0.00035,False,False,dynamic_symbol_inactive,False,False,,,,
BOOM500,2026-05-27T05:07:24.193535+00:00,1779858444.1935353,UP,3.992,99.97,0.03993,0.00057,False,False,dynamic_symbol_inactive,False,False,,,,
BOOM500,2026-05-27T05:09:08.197633+00:00,1779858548.1976328,UP,2.654,94.09,0.02821,0.00058,True,False,dynamic_symbol_inactive,False,False,,,,
BOOM500,2026-05-27T05:13:08.202060+00:00,1779858788.2020602,UP,4.93,115.22,0.04279,0.00074,True,False,dynamic_symbol_inactive,False,False,,,,
BOOM500,2026-05-27T05:32:58.266409+00:00,1779859978.2664092,UP,7.327,116.94,0.06266,0.00117,False,False,dynamic_symbol_inactive,False,False,,,,
BOOM500,2026-05-27T05:34:19.175872+00:00,1779860059.1758723,UP,6.553,110.99,0.05904,0.00162,True,False,dynamic_symbol_inactive,False,False,,,,
BOOM500,2026-05-27T05:36:36.213748+00:00,1779860196.213748,UP,8.584,125.12,0.06861,0.00171,True,False,dynamic_symbol_inactive,False,False,,,,
BOOM500,2026-05-27T05:38:00.220791+00:00,1779860280.2207909,UP,3.5,103.85,0.0337,0.00116,True,False,dynamic_symbol_inactive,False,False,,,,
BOOM500,2026-05-27T05:42:44.194277+00:00,1779860564.1942773,UP,9.762,126.34,0.07727,0.00163,True,False,dynamic_symbol_inactive,False,False,,,,
BOOM500,2026-05-27T05:55:30.220829+00:00,1779861330.220829,UP,5.718,112.36,0.05089,0.00087,False,False,dynamic_symbol_inactive,False,False,,,,
BOOM500,2026-05-27T06:03:20.196421+00:00,1779861800.1964211,UP,4.274,109.01,0.03921,0.00064,False,False,dynamic_symbol_inactive,False,False,,,,
BOOM500,2026-05-27T06:12:31.175186+00:00,1779862351.1751862,UP,9.736,126.71,0.07683,0.00163,False,False,dynamic_symbol_inactive,False,False,,,,
BOOM500,2026-05-27T06:25:21.197294+00:00,1779863121.1972942,UP,6.134,111.07,0.05523,0.00094,False,False,dynamic_symbol_inactive,False,False,,,,
BOOM500,2026-05-27T06:27:28.176384+00:00,1779863248.1763837,UP,1.468,72.3,0.0203,0.00041,True,False,dynamic_symbol_inactive,False,False,,,,
BOOM500,2026-05-27T06:30:18.186388+00:00,1779863418.1863885,UP,5.554,119.13,0.04662,0.00092,True,False,dynamic_symbol_inactive,False,False,,,,
BOOM500,2026-05-27T06:34:16.200415+00:00,1779863656.2004154,UP,3.147,98.53,0.03194,0.00041,True,False,dynamic_symbol_inactive,False,False,,,,
BOOM500,2026-05-27T06:37:02.236046+00:00,1779863822.2360458,UP,2.625,87.66,0.02994,0.00043,True,False,dynamic_symbol_inactive,False,False,,,,
BOOM500,2026-05-27T06:42:32.203149+00:00,1779864152.2031493,UP,0.893,53.46,0.0167,-0.0,True,False,dynamic_symbol_inactive,False,False,,,,
BOOM500,2026-05-27T06:46:36.262358+00:00,1779864396.2623582,UP,2.519,80.29,0.03137,0.00028,True,False,dynamic_symbol_inactive,False,False,,,,
BOOM500,2026-05-27T07:01:50.199011+00:00,1779865310.199011,UP,2.177,78.29,0.02781,0.00022,False,False,dynamic_symbol_inactive,False,False,,,,
BOOM500,2026-05-27T07:06:29.179307+00:00,1779865589.1793072,UP,6.305,123.31,0.05113,0.00099,True,False,dynamic_symbol_inactive,False,False,,,,
BOOM500,2026-05-27T07:07:24.195017+00:00,1779865644.195017,UP,3.759,107.15,0.03508,0.00121,True,False,dynamic_symbol_inactive,False,False,,,,
BOOM500,2026-05-27T07:09:39.198647+00:00,1779865779.1986475,UP,0.248,21.42,0.01158,0.00016,True,False,dynamic_symbol_inactive,False,False,,,,
BOOM500,2026-05-27T07:25:59.170878+00:00,1779866759.1708777,UP,10.155,129.93,0.07816,0.00171,False,False,dynamic_symbol_inactive,False,False,,,,
BOOM500,2026-05-27T07:27:39.206810+00:00,1779866859.2068105,UP,9.609,129.3,0.07432,0.0023,True,False,dynamic_symbol_inactive,False,False,,,,
BOOM500,2026-05-27T07:36:39.179597+00:00,1779867399.1795974,UP,1.391,71.12,0.01956,9e-05,False,False,dynamic_symbol_inactive,False,False,,,,
BOOM500,2026-05-27T07:50:30.177643+00:00,1779868230.1776433,UP,5.428,108.25,0.05014,0.00082,False,False,dynamic_symbol_inactive,False,False,,,,
BOOM500,2026-05-27T07:51:25.163241+00:00,1779868285.1632407,UP,1.326,75.43,0.01758,0.00065,True,False,dynamic_symbol_inactive,False,False,,,,
BOOM500,2026-05-27T08:13:52.178321+00:00,1779869632.1783214,UP,11.111,130.43,0.08519,0.00188,False,False,dynamic_symbol_inactive,False,False,,,,
BOOM500,2026-05-27T08:18:36.262972+00:00,1779869916.2629719,UP,7.507,119.39,0.06288,0.00121,True,False,dynamic_symbol_inactive,False,False,,,,
BOOM500,2026-05-27T08:18:47.176623+00:00,1779869927.176623,UP,4.225,14.21,0.29732,0.00185,True,False,dynamic_symbol_inactive,False,False,,,,
BOOM500,2026-05-27T08:27:38.220896+00:00,1779870458.2208962,UP,0.606,40.33,0.01503,-5e-05,False,False,dynamic_symbol_inactive,False,False,,,,
BOOM500,2026-05-27T08:32:12.203229+00:00,1779870732.2032294,UP,8.603,121.56,0.07077,0.00142,True,False,dynamic_symbol_inactive,False,False,,,,
BOOM500,2026-05-27T08:54:11.180378+00:00,1779872051.180378,UP,1.099,59.73,0.0184,3e-05,False,False,dynamic_symbol_inactive,False,False,,,,
BOOM500,2026-05-27T09:14:14.205824+00:00,1779873254.205824,UP,6.257,115.91,0.05398,0.00099,False,False,dynamic_symbol_inactive,False,False,,,,
BOOM500,2026-05-27T09:30:29.209786+00:00,1779874229.2097864,UP,6.59,117.14,0.05626,0.00105,False,False,dynamic_symbol_inactive,False,False,,,,
BOOM500,2026-05-27T09:31:23.557631+00:00,1779874283.5576313,UP,5.373,112.58,0.04772,0.00153,True,False,dynamic_symbol_inactive,False,False,,,,
BOOM500,2026-05-27T09:37:06.265246+00:00,1779874626.2652464,UP,2.435,93.9,0.02593,0.00029,True,False,dynamic_symbol_inactive,False,False,,,,
BOOM500,2026-05-27T09:50:51.186732+00:00,1779875451.1867323,UP,1.962,81.31,0.02413,0.00019,False,False,dynamic_symbol_inactive,False,False,,,,
BOOM500,2026-05-27T10:00:53.198601+00:00,1779876053.198601,UP,6.646,116.61,0.05699,0.00105,False,False,dynamic_symbol_inactive,False,False,,,,
BOOM500,2026-05-27T10:07:11.181139+00:00,1779876431.181139,UP,3.039,99.4,0.03057,0.0004,True,False,dynamic_symbol_inactive,False,False,,,,
BOOM500,2026-05-27T10:17:39.233219+00:00,1779877059.2332194,UP,9.888,123.48,0.08008,0.00166,False,False,dynamic_symbol_inactive,False,False,,,,
BOOM500,2026-05-27T10:18:51.161838+00:00,1779877131.1618376,UP,3.183,104.28,0.03052,0.00131,True,False,dynamic_symbol_inactive,False,False,,,,
BOOM500,2026-05-27T10:23:03.201914+00:00,1779877383.2019143,UP,0.13,9.87,0.01317,-0.00015,True,False,dynamic_symbol_inactive,False,False,,,,
BOOM500,2026-05-27T10:25:16.214735+00:00,1779877516.2147346,UP,6.055,117.42,0.05157,0.00096,True,False,dynamic_symbol_inactive,False,False,,,,
BOOM500,2026-05-27T10:35:46.199023+00:00,1779878146.199023,UP,2.411,84.91,0.02839,0.00028,False,False,dynamic_symbol_inactive,False,False,,,,
BOOM500,2026-05-27T10:36:17.173204+00:00,1779878177.1732037,UP,9.333,85.91,0.10863,0.00188,True,False,dynamic_symbol_inactive,False,False,,,,
BOOM500,2026-05-27T11:12:36.176390+00:00,1779880356.1763902,UP,0.838,50.05,0.01674,-2e-05,False,False,dynamic_symbol_inactive,False,False,,,,
BOOM500,2026-05-27T11:12:48.189947+00:00,1779880368.1899471,UP,7.106,79.9,0.08893,0.00127,True,False,dynamic_symbol_inactive,False,False,,,,
BOOM500,2026-05-27T11:16:20.170571+00:00,1779880580.1705709,UP,7.777,122.57,0.06345,0.00128,True,False,dynamic_symbol_inactive,False,False,,,,
BOOM500,2026-05-27T11:16:37.183122+00:00,1779880597.1831217,UP,4.846,15.52,0.31221,0.00194,True,False,dynamic_symbol_inactive,False,False,,,,
BOOM500,2026-05-27T11:23:18.174494+00:00,1779880998.174494,UP,6.405,114.19,0.05609,0.001,False,False,dynamic_symbol_inactive,False,False,,,,
BOOM500,2026-05-27T11:26:05.177161+00:00,1779881165.1771612,UP,2.118,80.73,0.02623,0.00044,True,False,dynamic_symbol_inactive,False,False,,,,
BOOM500,2026-05-27T11:53:21.194890+00:00,1779882801.1948903,UP,0.361,22.87,0.01579,-0.00012,False,False,dynamic_symbol_inactive,False,False,,,,
BOOM500,2026-05-27T11:54:27.205750+00:00,1779882867.2057498,UP,6.12,115.67,0.05291,0.00099,True,False,dynamic_symbol_inactive,False,False,,,,
BOOM500,2026-05-27T11:57:46.261763+00:00,1779883066.2617626,UP,8.528,122.83,0.06943,0.0014,True,False,dynamic_symbol_inactive,False,False,,,,
BOOM500,2026-05-27T12:10:16.346244+00:00,1779883816.3462439,UP,5.236,110.92,0.04721,0.0008,False,False,dynamic_symbol_inactive,False,False,,,,
BOOM500,2026-05-27T12:19:50.207346+00:00,1779884390.2073457,UP,0.688,48.15,0.01429,-4e-05,False,False,dynamic_symbol_inactive,False,False,,,,
BOOM500,2026-05-27T12:22:30.235559+00:00,1779884550.2355592,UP,10.006,126.44,0.07914,0.0017,True,False,dynamic_symbol_inactive,False,False,,,,
BOOM500,2026-05-27T12:31:34.185014+00:00,1779885094.1850135,UP,10.133,130.5,0.07765,0.0017,False,False,dynamic_symbol_inactive,False,False,,,,
BOOM500,2026-05-27T12:33:27.214185+00:00,1779885207.2141848,UP,4.686,104.92,0.04466,0.0013,True,False,dynamic_symbol_inactive,False,False,,,,
BOOM500,2026-05-27T12:48:25.197404+00:00,1779886105.1974037,UP,2.16,83.32,0.02592,0.00023,False,False,dynamic_symbol_inactive,False,False,,,,
BOOM500,2026-05-27T12:50:49.212333+00:00,1779886249.212333,UP,5.288,112.66,0.04694,0.0009,True,False,dynamic_symbol_inactive,False,False,,,,
BOOM500,2026-05-27T12:52:11.206940+00:00,1779886331.2069404,UP,6.862,114.42,0.05997,0.00152,True,False,dynamic_symbol_inactive,False,False,,,,
BOOM500,2026-05-27T13:04:35.238704+00:00,1779887075.2387044,UP,1.296,63.74,0.02033,6e-05,False,False,dynamic_symbol_inactive,False,False,,,,
BOOM500,2026-05-27T13:09:46.289061+00:00,1779887386.2890613,UP,1.191,59.43,0.02004,4e-05,True,False,dynamic_symbol_inactive,False,False,,,,
BOOM500,2026-05-27T13:26:51.207602+00:00,1779888411.2076015,UP,10.71,127.17,0.08422,0.0018,False,False,dynamic_symbol_inactive,False,False,,,,
BOOM500,2026-05-27T13:35:44.205801+00:00,1779888944.2058015,UP,5.363,112.91,0.0475,0.00082,False,False,dynamic_symbol_inactive,False,False,,,,
BOOM500,2026-05-27T13:36:30.228725+00:00,1779888990.2287247,UP,4.299,104.75,0.04104,0.00124,True,False,dynamic_symbol_inactive,False,False,,,,
BOOM500,2026-05-27T13:40:46.205797+00:00,1779889246.205797,UP,4.071,109.97,0.03702,0.00059,True,False,dynamic_symbol_inactive,False,False,,,,
BOOM500,2026-05-27T13:43:05.602316+00:00,1779889385.6023161,UP,5.363,452.38,0.01186,0.00082,False,False,dynamic_symbol_inactive,False,False,,,,
BOOM500,2026-05-27T13:43:05.637872+00:00,1779889385.6378722,UP,4.299,35.41,0.12141,0.00124,True,False,dynamic_symbol_inactive,False,False,,,,
BOOM500,2026-05-27T13:43:05.686425+00:00,1779889385.686425,UP,4.071,399.39,0.01019,0.00059,True,False,dynamic_symbol_inactive,False,False,,,,
BOOM500,2026-05-27T13:52:03.663733+00:00,1779889923.6637328,UP,4.299,382.43,0.01124,,False,False,dynamic_symbol_inactive,False,False,,,,
BOOM500,2026-05-27T13:52:03.700402+00:00,1779889923.7004018,UP,4.071,415.41,0.0098,0.00059,True,False,dynamic_symbol_inactive,False,False,,,,
BOOM600,2026-05-26T14:29:40.215655+00:00,1779805780.2156549,UP,1.037,68.22,0.0152,5e-05,False,False,post_spike_chase_guard:299t<336t,False,False,,,,
BOOM600,2026-05-26T14:38:32.005246+00:00,1779806312.0052464,UP,1.037,117.2,0.00885,6e-05,False,False,"AI_VETO: Although the score is above the threshold and the Hurst exponent is acceptable for a spike market, the dynamic score ceiling of 5.3 and the symbol bleed bonus requiring a higher score and confidence prevent approval. | adaptive:approval_rate=83.8%, avg_pnl=-0.0290",False,True,loss,MULTUP,True,836793039
BOOM600,2026-05-26T14:38:42.708449+00:00,1779806322.708449,UP,1.037,119.91,0.00865,6e-05,False,False,spike_forced_dir: MULTUP (Hurst/trend bypassed); geo: neutral_extended_down: pos=-0.70 penalty=-0.25; boom_crash_bc_escape_blocked_by_profile: BOOM600 no active FVG + block_bc_escape_env=True; geo_optimal: -0.705≤0.050 →+1.0,False,True,loss,MULTUP,True,836793039
BOOM600,2026-05-26T14:42:56.958351+00:00,1779806576.9583507,UP,1.037,116.65,0.00889,6e-05,False,False,spike_forced_dir: MULTUP (Hurst/trend bypassed); boom_crash_bc_escape_blocked_by_profile: BOOM600 no active FVG + block_bc_escape_env=True; geo_optimal: -0.089≤0.050 →+1.0,False,True,loss,MULTUP,True,836793039
BOOM600,2026-05-26T14:44:14.147867+00:00,1779806654.1478667,UP,1.037,121.65,0.00852,,False,False,spike_forced_dir: MULTUP (Hurst/trend bypassed); boom_crash_bc_escape_blocked_by_profile: BOOM600 no active FVG + block_bc_escape_env=True; geo_optimal: -0.600≤0.050 →+1.0,False,True,loss,MULTUP,True,836793039
BOOM600,2026-05-26T14:58:43.216409+00:00,1779807523.2164092,UP,2.132,85.21,0.02502,0.00022,False,False,trade_cooldown,False,True,loss,MULTUP,True,837902059
BOOM600,2026-05-26T15:00:14.473814+00:00,1779807614.473814,UP,2.132,84.4,0.02526,0.00022,False,False,post_spike_chase_guard:218t<336t,False,True,loss,MULTUP,True,837902059
BOOM600,2026-05-26T15:02:36.255632+00:00,1779807756.2556324,UP,2.132,195.16,0.01092,0.00022,False,False,AI_VETO: Score is below the required threshold of 6.50 due to symbol bleed constraints. | adaptive:avg_pnl=-0.0290,False,True,loss,MULTUP,True,837902059
BOOM600,2026-05-26T15:27:31.235247+00:00,1779809251.2352474,UP,3.188,101.06,0.03154,0.00042,False,False,post_spike_chase_guard:88t<336t,False,True,loss,MULTUP,True,838929619
BOOM600,2026-05-26T15:29:00.358182+00:00,1779809340.3581817,UP,6.759,118.88,0.05686,0.00128,True,False,post_spike_chase_guard:299t<336t,False,True,loss,MULTUP,True,838929619
BOOM600,2026-05-26T15:39:40.214981+00:00,1779809980.2149813,UP,3.181,102.5,0.03103,0.00043,False,False,post_spike_chase_guard:299t<336t,False,True,loss,MULTUP,True,838929619
BOOM600,2026-05-26T16:03:33.199458+00:00,1779811413.1994584,UP,3.951,113.24,0.03489,0.00056,False,False,post_spike_chase_guard:104t<336t,False,False,,,,
BOOM600,2026-05-26T16:05:18.261572+00:00,1779811518.261572,UP,8.054,126.27,0.06379,0.00153,True,False,post_spike_chase_guard:299t<336t,False,False,,,,
BOOM600,2026-05-26T16:29:40.259664+00:00,1779812980.2596636,UP,11.228,130.72,0.0859,0.00186,False,False,post_spike_chase_guard:300t<336t,False,False,,,,
BOOM600,2026-05-26T16:46:32.265421+00:00,1779813992.2654214,UP,10.168,125.55,0.08099,0.00166,False,False,post_spike_chase_guard:51t<336t,False,False,,,,
BOOM600,2026-05-26T16:47:24.264759+00:00,1779814044.2647586,UP,7.415,122.79,0.06039,0.00225,True,False,post_spike_chase_guard:202t<336t,False,False,,,,
BOOM600,2026-05-26T16:50:47.203902+00:00,1779814247.2039018,UP,3.341,98.2,0.03402,0.00044,True,False,post_spike_chase_guard:299t<336t,False,False,,,,
BOOM600,2026-05-26T16:56:45.186234+00:00,1779814605.1862338,UP,8.634,125.85,0.06861,0.00138,True,False,post_spike_chase_guard:83t<336t,False,False,,,,
BOOM600,2026-05-26T16:58:09.233589+00:00,1779814689.2335892,UP,10.243,127.13,0.08057,0.00233,True,False,post_spike_chase_guard:55t<336t,False,False,,,,
BOOM600,2026-05-26T16:59:05.204483+00:00,1779814745.2044833,UP,5.391,119.09,0.04527,0.00222,True,False,post_spike_chase_guard:32t<336t,False,False,,,,
BOOM600,2026-05-26T16:59:38.237675+00:00,1779814778.2376754,UP,4.82,109.46,0.04403,0.00241,True,False,"AI_VETO: The trade signal has a strong mathematical score of 7.87, a Hurst exponent of 0.492 which is above the 0.43 threshold, and the volatility regime is 'compressing' (not 'volatile'), meeting all approval criteria, including the higher score requirement due to the symbol_bleed_bonus. | tail_veto:n=5 wr=0.0% avg=-0.4800 | adaptive:avg_pnl=-0.0545 [cached]",False,False,,,,
BOOM600,2026-05-26T17:05:27.204364+00:00,1779815127.2043636,UP,0.04,4.22,0.00948,-0.00013,True,False,spike_forced_dir: MULTUP (Hurst/trend bypassed); boom_crash_bc_escape_blocked_by_profile: BOOM600 no active FVG + block_bc_escape_env=True; geo_optimal: 0.005≤0.050 →+1.0,False,False,,,,
BOOM600,2026-05-26T17:17:42.388222+00:00,1779815862.3882217,UP,0.04,3.97,0.01008,-0.00013,False,False,"AI_VETO: The trade signal meets the approval criteria with a score of 6.57, a Hurst exponent of 0.4569, and a 'calm' volatility regime, while also satisfying the symbol bleed bonus conditions. | score_floor:6.42<6.50 | tail_veto:n=5 wr=0.0% avg=-0.4800 | adaptive:avg_pnl=-0.0545 [cached]",False,False,,,,
BOOM600,2026-05-26T17:23:13.217939+00:00,1779816193.217939,UP,9.295,126.55,0.07345,0.0015,True,False,"AI_VETO: The trade signal has a high mathematical score of 8.80, a Hurst exponent of 0.499 which is within the acceptable range for a spike market, and the volatility regime is compressing, not volatile, meeting all approval criteria including the symbol bleed bonus condition. | tail_veto:n=5 wr=0.0% avg=-0.4800 | adaptive:avg_pnl=-0.0545",False,False,,,,
BOOM600,2026-05-26T17:26:39.177426+00:00,1779816399.1774259,UP,2.737,95.95,0.02852,0.00034,True,False,spike_forced_dir: MULTUP (Hurst/trend bypassed); geo: neutral_extended_down: pos=-0.61 penalty=-0.25; dynamic_structural_relax_no_fvg: regime=FAST penalty=0.60 score_after=5.46; score 5.46 < min 5.80; geo_optimal: -0.615≤0.050 →+1.0,False,False,,,,
BOOM600,2026-05-26T17:34:37.168431+00:00,1779816877.1684308,UP,6.301,119.68,0.05265,0.00097,False,False,"AI_VETO: The trade signal has a high mathematical score of 8.65, a Hurst exponent of 0.472 which is above the 0.43 threshold for spike markets, and the volatility regime is 'compressing' which is not 'volatile'. The symbol_bleed_bonus is 1.0, requiring a score >= 6.5 and confidence >= 0.75, both of which are met. | tail_veto:n=5 wr=0.0% avg=-0.4800 | adaptive:avg_pnl=-0.0545 [cached]",False,False,,,,
BOOM600,2026-05-26T17:43:58.216618+00:00,1779817438.2166183,UP,1.296,66.83,0.01939,8e-05,False,False,spike_forced_dir: MULTUP (Hurst/trend bypassed); boom_crash_bc_escape_blocked_by_profile: BOOM600 no active FVG + block_bc_escape_env=True; geo_optimal: -0.048≤0.050 →+1.0,False,False,,,,
BOOM600,2026-05-26T17:47:08.235257+00:00,1779817628.2352567,UP,8.944,127.07,0.07039,0.00147,True,False,"AI_VETO: The mathematical score of 7.74 is above the 6.50 threshold due to the symbol_bleed_bonus, the Hurst exponent of 0.481 is within the acceptable range for a spike market, and the regime is 'calm', which is not 'volatile'. | tail_veto:n=5 wr=0.0% avg=-0.4800 | adaptive:avg_pnl=-0.0545",False,False,,,,
BOOM600,2026-05-26T18:08:19.206959+00:00,1779818899.2069592,UP,4.927,113.15,0.04354,0.00074,False,False,post_spike_chase_guard:46t<180t,False,False,,,,
BOOM600,2026-05-26T18:09:06.265480+00:00,1779818946.2654803,UP,11.825,131.52,0.08991,0.0025,True,False,"AI_VETO: The trade signal has a high mathematical score of 8.52, a Hurst exponent of 0.532 indicating a trending regime, and the volatility regime is compressing, all of which align with the approval criteria for a spike market, even with the symbol bleed bonus requiring a higher score and confidence. | tail_veto:n=5 wr=0.0% avg=-0.4800 | adaptive:avg_pnl=-0.0545 [cached]",False,False,,,,
BOOM600,2026-05-26T18:13:10.210832+00:00,1779819190.2108316,UP,2.293,90.45,0.02535,0.00026,True,False,spike_forced_dir: MULTUP (Hurst/trend bypassed); geo: neutral_extended_down: pos=-0.61 penalty=-0.25; boom_crash_bc_escape_blocked_by_profile: BOOM600 no active FVG + block_bc_escape_env=True; geo_optimal: -0.613≤0.050 →+1.0,False,False,,,,
BOOM600,2026-05-26T18:22:58.237889+00:00,1779819778.2378893,UP,6.887,118.08,0.05832,0.00106,False,False,"AI_VETO: The trade signal has a strong mathematical score of 7.89, a Hurst exponent of 0.508 indicating a trending regime, and the volatility regime is compressing, which aligns with the approval criteria for a spike market. The symbol bleed bonus is positive, and the score exceeds the 6.50 threshold for approval under this condition. | tail_veto:n=5 wr=0.0% avg=-0.4800 | adaptive:avg_pnl=-0.0545 [cached]",False,False,,,,
BOOM600,2026-05-26T18:27:00.204276+00:00,1779820020.2042763,UP,0.563,40.74,0.01382,-4e-05,True,False,spike_forced_dir: MULTUP (Hurst/trend bypassed); geo: neutral_extended_down: pos=-0.63 penalty=-0.25; dynamic_structural_relax_no_fvg: regime=FAST penalty=0.60 score_after=5.46; score 5.46 < min 5.80; geo_optimal: -0.633≤0.050 →+1.0,False,False,,,,
BOOM600,2026-05-26T18:34:08.206955+00:00,1779820448.2069552,UP,5.219,112.19,0.04652,0.00078,False,False,post_spike_chase_guard:98t<180t,False,False,,,,
BOOM600,2026-05-26T18:35:47.238135+00:00,1779820547.2381353,UP,11.597,131.61,0.08812,0.00226,True,False,post_spike_chase_guard:93t<180t,False,False,,,,
BOOM600,2026-05-26T18:37:21.199402+00:00,1779820641.199402,UP,4.091,106.25,0.0385,0.00142,True,False,post_spike_chase_guard:19t<180t,False,False,,,,
BOOM600,2026-05-26T18:37:41.202567+00:00,1779820661.2025669,UP,3.198,18.73,0.17078,0.00167,True,False,"AI_VETO: The trade signal has a high mathematical score of 7.77, a Hurst exponent of 0.4926, and a compressing volatility regime, meeting the approval criteria for a spike market despite the symbol bleed bonus. | tail_veto:n=5 wr=0.0% avg=-0.4800 | adaptive:avg_pnl=-0.0545 [cached]",False,False,,,,
BOOM600,2026-05-26T18:46:03.204825+00:00,1779821163.2048252,UP,3.867,107.81,0.03587,0.00053,False,False,"AI_VETO: The trade is not approved because the score of 6.39 is below the required 6.50 for approval when a symbol_bleed_bonus is active, despite meeting other criteria. | adaptive:avg_pnl=-0.0545 [cached]",False,False,,,,
BOOM600,2026-05-26T18:51:30.212470+00:00,1779821490.2124698,UP,11.832,130.78,0.09048,0.00195,True,False,"AI_VETO: The trade signal has a strong mathematical score of 7.40, a Hurst exponent of 0.4866 indicating a non-mean-reverting tendency suitable for spike markets, and a 'compressing' volatility regime, all meeting the approval criteria including the symbol bleed bonus conditions. | tail_veto:n=5 wr=0.0% avg=-0.4800 | adaptive:avg_pnl=-0.0545",False,False,,,,
BOOM600,2026-05-26T19:14:18.186209+00:00,1779822858.1862087,UP,5.998,116.9,0.05131,0.00092,False,False,post_spike_chase_guard:56t<180t,False,False,,,,
BOOM600,2026-05-26T19:15:15.167584+00:00,1779822915.1675837,UP,8.352,125.22,0.0667,0.00192,True,False,"AI_VETO: The trade signal has a strong score of 7.95, a Hurst exponent of 0.529 indicating trending behavior, and the volatility regime is 'calm', meeting all approval criteria including the higher score and confidence due to the symbol_bleed_bonus. | tail_veto:n=5 wr=0.0% avg=-0.4800 | adaptive:avg_pnl=-0.0545 [cached]",False,False,,,,
BOOM600,2026-05-26T19:22:12.227385+00:00,1779823332.227385,UP,10.451,131.19,0.07966,0.0017,False,False,post_spike_chase_guard:114t<180t,False,False,,,,
BOOM600,2026-05-26T19:24:07.181292+00:00,1779823447.1812916,UP,8.641,125.8,0.06869,0.00194,True,False,"AI_VETO: The trade signal meets the approval criteria with a high score of 10.00, a Hurst exponent of 0.483, and a 'trending' regime, while also satisfying the symbol bleed bonus conditions with a score above 6.50 and sufficient confidence. | tail_veto:n=5 wr=0.0% avg=-0.4800 | adaptive:avg_pnl=-0.0545",False,False,,,,
BOOM600,2026-05-26T19:27:16.191847+00:00,1779823636.1918466,UP,6.281,121.01,0.0519,0.00109,True,False,"AI_VETO: Although the score is high and the Hurst exponent meets the criteria, the dynamic score ceiling of 5.3 and the symbol bleed bonus requiring a higher score and confidence prevent approval. | adaptive:avg_pnl=-0.0545",False,False,,,,
BOOM600,2026-05-26T19:30:45.211139+00:00,1779823845.2111387,UP,8.76,128.34,0.06826,0.0014,True,False,post_spike_chase_guard:141t<180t,False,False,,,,
BOOM600,2026-05-26T19:33:07.181569+00:00,1779823987.1815689,UP,4.662,109.69,0.0425,0.00104,True,False,"AI_VETO: The trade signal meets all approval criteria with a high score of 9.18, a Hurst exponent of 0.4476 within the acceptable range for spike markets, and a 'compressing' volatility regime, despite the symbol bleed bonus requiring a higher score and confidence. | tail_veto:n=5 wr=0.0% avg=-0.4800 | adaptive:avg_pnl=-0.0545 [cached]",False,False,,,,
BOOM600,2026-05-26T19:53:16.242067+00:00,1779825196.242067,UP,0.994,60.15,0.01652,3e-05,False,False,post_spike_chase_guard:9t<180t,False,False,,,,
BOOM600,2026-05-26T19:53:26.245281+00:00,1779825206.245281,UP,6.606,74.89,0.08821,0.00117,True,False,post_spike_chase_guard:18t<180t,False,False,,,,
BOOM600,2026-05-26T19:53:45.190768+00:00,1779825225.1907675,UP,4.455,15.13,0.29452,0.00172,True,False,post_spike_chase_guard:141t<180t,False,False,,,,
BOOM600,2026-05-26T19:56:07.223788+00:00,1779825367.2237885,UP,0.411,33.63,0.01222,0.00037,True,False,"AI_VETO: The trade signal has a high mathematical score of 9.96, a trending Hurst exponent of 0.595, and a 'compressing' volatility regime, which is not 'volatile', meeting the approval criteria despite the symbol bleed bonus requiring a higher score and confidence. | tail_veto:n=5 wr=0.0% avg=-0.4800 | adaptive:avg_pnl=-0.0545 [cached]",False,False,,,,
BOOM600,2026-05-26T20:01:05.861223+00:00,1779825665.861223,UP,0.994,96.67,0.01028,3e-05,False,False,"AI_VETO: The trade signal meets the approval criteria with a score of 6.81, a Hurst exponent of 0.594, and a 'trending' regime, while also satisfying the symbol bleed bonus condition with a score above 6.5. | tail_veto:n=5 wr=0.0% avg=-0.4800 | adaptive:avg_pnl=-0.0545",False,False,,,,
BOOM600,2026-05-26T20:01:05.878644+00:00,1779825665.878644,UP,6.606,394.51,0.01674,0.00117,True,False,spike_forced_dir: MULTUP (Hurst/trend bypassed); geo: trend_uptrend_mid: pos=-0.34; dynamic_structural_relax_no_fvg: regime=FAST penalty=0.60 score_after=5.68; score 5.68 < min 5.80; geo_optimal: -0.339≤0.050 →+1.0,False,False,,,,
BOOM600,2026-05-26T20:01:05.896542+00:00,1779825665.8965423,UP,4.455,30.84,0.14445,0.00172,True,False,spike_forced_dir: MULTUP (Hurst/trend bypassed); geo: trend_uptrend_mid: pos=-0.34; dynamic_structural_relax_no_fvg: regime=FAST penalty=0.60 score_after=5.69; score 5.69 < min 5.80; geo_optimal: -0.343≤0.050 →+1.0,False,False,,,,
BOOM600,2026-05-26T20:01:05.922415+00:00,1779825665.9224145,UP,0.411,34.97,0.01175,0.00037,True,False,spike_forced_dir: MULTUP (Hurst/trend bypassed); geo: trend_downtrend_mid: pos=0.03; geo_conflict: geo=MULTDOWN vs risk=MULTUP → -1.0; boom_crash_bc_escape_blocked_by_profile: BOOM600 no active FVG + block_bc_escape_env=True; geo_optimal: 0.034≤0.050 →+1.0,False,False,,,,
BOOM600,2026-05-26T20:07:09.704755+00:00,1779826029.7047548,UP,0.994,97.12,0.01023,,False,False,spike_forced_dir: MULTUP (Hurst/trend bypassed); geo: trend_downtrend_mid: pos=-0.19; geo_conflict: geo=MULTDOWN vs risk=MULTUP → -1.0; dynamic_structural_relax_no_fvg: regime=FAST penalty=0.60 score_after=5.64; score 5.64 < min 5.80; geo_optimal: -0.193≤0.050 →+1.0,False,False,,,,
BOOM600,2026-05-26T20:07:09.754239+00:00,1779826029.7542386,UP,6.606,388.9,0.01699,,True,False,spike_forced_dir: MULTUP (Hurst/trend bypassed); geo: trend_downtrend_mid: pos=-0.21; geo_conflict: geo=MULTDOWN vs risk=MULTUP → -1.0; boom_crash_bc_escape_blocked_by_profile: BOOM600 no active FVG + block_bc_escape_env=True; geo_optimal: -0.213≤0.050 →+1.0,False,False,,,,
BOOM600,2026-05-26T20:07:09.774511+00:00,1779826029.774511,UP,4.455,36.86,0.12085,,True,False,spike_forced_dir: MULTUP (Hurst/trend bypassed); geo: trend_downtrend_mid: pos=0.00; geo_conflict: geo=MULTDOWN vs risk=MULTUP → -1.0; dynamic_structural_relax_no_fvg: regime=FAST penalty=0.60 score_after=5.44; score 5.44 < min 5.80; geo_optimal: 0.002≤0.050 →+1.0,False,False,,,,
BOOM600,2026-05-26T20:07:09.822007+00:00,1779826029.8220072,UP,0.411,32.78,0.01254,0.00037,True,False,spike_forced_dir: MULTUP (Hurst/trend bypassed); geo: trend_channel_floor: pos=-1.10 penalty=-1.00; boom_crash_bc_escape_blocked_by_profile: BOOM600 no active FVG + block_bc_escape_env=True; geo_optimal: -1.098≤0.050 →+1.0,False,False,,,,
BOOM600,2026-05-26T20:08:59.195443+00:00,1779826139.1954432,UP,7.822,125.41,0.06237,0.00122,True,False,post_spike_chase_guard:17t<180t,False,False,,,,
BOOM600,2026-05-26T20:09:17.203323+00:00,1779826157.2033231,UP,4.578,14.72,0.31099,0.0018,True,False,"AI_VETO: The trade signal has a high mathematical score of 9.42, a Hurst exponent of 0.572 indicating trending behavior, and the volatility regime is compressing, meeting the approval criteria for a spike market despite the symbol bleed bonus. | tail_veto:n=5 wr=0.0% avg=-0.4800 | adaptive:avg_pnl=-0.0545 [cached]",False,False,,,,
BOOM600,2026-05-26T20:21:42.225197+00:00,1779826902.2251973,UP,7.649,121.72,0.06284,0.00118,False,False,post_spike_chase_guard:49t<180t,False,False,,,,
BOOM600,2026-05-26T20:22:40.388329+00:00,1779826960.388329,UP,7.822,122.01,0.06411,,False,False,post_spike_chase_guard:60t<180t,False,False,,,,
BOOM600,2026-05-26T20:22:40.426759+00:00,1779826960.4267588,UP,4.578,38.86,0.11782,,True,False,post_spike_chase_guard:59t<180t,False,False,,,,
BOOM600,2026-05-26T20:22:40.516607+00:00,1779826960.5166066,UP,7.649,777.23,0.00984,0.00118,True,False,post_spike_chase_guard:110t<180t,False,False,,,,
BOOM600,2026-05-26T20:23:34.299953+00:00,1779827014.299953,UP,6.195,115.13,0.05381,0.00137,True,False,"AI_VETO: The trade signal has a strong mathematical score of 8.04, a Hurst exponent of 0.492 indicating a suitable regime for spike markets, and the symbol bleed bonus condition is met with a score above 6.5 and sufficient confidence. | tail_veto:n=5 wr=0.0% avg=-0.4800 | adaptive:avg_pnl=-0.0545 [cached]",False,False,,,,
BOOM600,2026-05-26T20:38:12.924219+00:00,1779827892.9242194,UP,6.195,576.19,0.01075,,False,False,HURST_SPIKE_VETO: BOOM600 H=0.389 < strict_min=0.430,False,False,,,,
BOOM600,2026-05-26T20:44:23.209364+00:00,1779828263.2093642,UP,0.467,34.06,0.01371,-6e-05,True,False,spike_forced_dir: MULTUP (Hurst/trend bypassed); geo: neutral_extended_down: pos=-0.62 penalty=-0.25; boom_crash_bc_escape_blocked_by_profile: BOOM600 no active FVG + block_bc_escape_env=True; geo_optimal: -0.623≤0.050 →+1.0,False,False,,,,
BOOM600,2026-05-26T21:04:48.202965+00:00,1779829488.2029645,UP,8.238,125.01,0.0659,0.0013,False,False,"AI_VETO: The score of 7.61 is above the 6.5 threshold required due to the symbol bleed bonus, but the confidence is below the required 0.75 for approval under these conditions. | adaptive:avg_pnl=-0.0545 [cached]",False,False,,,,
BOOM600,2026-05-26T21:29:29.173085+00:00,1779830969.173085,UP,7.864,124.7,0.06306,0.00124,False,False,post_spike_chase_guard:299t<332t,False,False,,,,
BOOM600,2026-05-26T21:48:36.265237+00:00,1779832116.2652369,UP,8.129,123.72,0.0657,0.00128,False,False,post_spike_chase_guard:300t<360t,False,False,,,,
BOOM600,2026-05-26T21:55:33.192446+00:00,1779832533.1924465,UP,5.175,115.73,0.04472,0.00078,False,False,post_spike_chase_guard:264t<360t,False,False,,,,
BOOM600,2026-05-26T21:59:58.261289+00:00,1779832798.2612894,UP,3.078,100.84,0.03052,0.0004,True,False,post_spike_chase_guard:300t<360t,False,False,,,,
BOOM600,2026-05-26T22:12:33.855989+00:00,1779833553.855989,UP,3.078,338.63,0.00909,0.0004,False,False,spike_forced_dir: MULTUP (Hurst/trend bypassed); boom_crash_bc_escape_blocked_by_profile: BOOM600 no active FVG + block_bc_escape_env=True; geo_optimal: -0.245≤0.050 →+1.0,False,False,,,,
BOOM600,2026-05-26T22:18:02.249339+00:00,1779833882.249339,UP,3.168,95.8,0.03307,0.00041,True,False,post_spike_chase_guard:228t<360t,False,False,,,,
BOOM600,2026-05-26T22:21:58.750235+00:00,1779834118.750235,UP,3.168,323.04,0.00981,0.00041,False,False,post_spike_chase_guard:249t<360t,False,False,,,,
BOOM600,2026-05-26T22:22:21.302534+00:00,1779834141.3025336,UP,3.168,324.18,0.00977,0.00041,False,False,spike_forced_dir: MULTUP (Hurst/trend bypassed); boom_crash_bc_escape_blocked_by_profile: BOOM600 no active FVG + block_bc_escape_env=True; geo_optimal: -0.140≤0.050 →+1.0,False,False,,,,
BOOM600,2026-05-26T22:47:14.157582+00:00,1779835634.1575823,UP,11.41,128.95,0.08848,0.00185,False,False,post_spike_chase_guard:139t<360t,False,False,,,,
BOOM600,2026-05-26T22:49:34.163732+00:00,1779835774.1637323,UP,4.579,104.64,0.04376,0.00115,True,False,post_spike_chase_guard:262t<360t,False,False,,,,
BOOM600,2026-05-26T22:53:57.152594+00:00,1779836037.1525943,UP,13.633,131.31,0.10382,0.00224,True,False,post_spike_chase_guard:70t<360t,False,False,,,,
BOOM600,2026-05-26T22:55:14.952645+00:00,1779836114.9526453,UP,11.41,130.08,0.08772,0.00185,False,False,post_spike_chase_guard:80t<360t,False,False,,,,
BOOM600,2026-05-26T22:55:14.997935+00:00,1779836114.997935,UP,4.579,109.06,0.04199,0.00115,True,False,post_spike_chase_guard:79t<360t,False,False,,,,
BOOM600,2026-05-26T22:55:15.030254+00:00,1779836115.0302544,UP,13.633,1500.98,0.00908,0.00224,True,False,post_spike_chase_guard:175t<360t,False,False,,,,
BOOM600,2026-05-26T22:56:54.303430+00:00,1779836214.3034298,UP,7.652,125.83,0.06081,0.00162,True,False,post_spike_chase_guard:47t<360t,False,False,,,,
BOOM600,2026-05-26T22:57:42.186271+00:00,1779836262.1862707,UP,3.337,100.74,0.03312,0.00127,True,False,post_spike_chase_guard:76t<360t,False,False,,,,
BOOM600,2026-05-26T22:58:59.156039+00:00,1779836339.1560392,UP,13.679,134.16,0.10196,0.00291,True,False,post_spike_chase_guard:118t<360t,False,False,,,,
BOOM600,2026-05-26T23:01:09.796934+00:00,1779836469.7969337,UP,11.41,1304.77,0.00874,,False,False,post_spike_chase_guard:136t<360t,False,False,,,,
BOOM600,2026-05-26T23:01:09.827873+00:00,1779836469.8278732,UP,4.579,454.45,0.01008,0.00115,True,False,post_spike_chase_guard:135t<360t,False,False,,,,
BOOM600,2026-05-26T23:01:09.857661+00:00,1779836469.8576608,UP,13.633,1491.91,0.00914,0.00224,True,False,post_spike_chase_guard:134t<360t,False,False,,,,
BOOM600,2026-05-26T23:01:09.882567+00:00,1779836469.8825672,UP,7.652,894.07,0.00856,0.00161,True,False,post_spike_chase_guard:133t<360t,False,False,,,,
BOOM600,2026-05-26T23:01:09.901973+00:00,1779836469.901973,UP,3.337,19.84,0.16817,0.00127,True,False,post_spike_chase_guard:132t<360t,False,False,,,,
BOOM600,2026-05-26T23:01:09.922888+00:00,1779836469.9228876,UP,13.679,133.31,0.10261,0.00291,True,False,"AI_VETO: The trade signal has a strong mathematical score of 8.56, a Hurst exponent of 0.4548 indicating a non-random but not strongly trending market, and a 'compressing' volatility regime, all meeting the approval criteria for a spike market, even with the symbol bleed bonus requiring a higher score. | tail_veto:n=5 wr=0.0% avg=-0.4800 | adaptive:avg_pnl=-0.0545 [cached]",False,False,,,,
BOOM600,2026-05-26T23:12:00.226680+00:00,1779837120.2266803,UP,0.897,60.64,0.01479,3e-05,False,False,post_spike_chase_guard:299t<360t,False,False,,,,
BOOM600,2026-05-26T23:34:59.166238+00:00,1779838499.166238,UP,0.158,15.0,0.01053,-0.00012,False,False,post_spike_chase_guard:39t<290t,False,False,,,,
BOOM600,2026-05-26T23:35:39.161028+00:00,1779838539.1610281,UP,3.008,109.97,0.02735,0.00042,True,False,spike_forced_dir: MULTUP (Hurst/trend bypassed); geo: neutral_extended_down: pos=-0.61 penalty=-0.25; boom_crash_bc_escape_blocked_by_profile: BOOM600 no active FVG + block_bc_escape_env=True; geo_optimal: -0.610≤0.050 →+1.0,False,False,,,,
BOOM600,2026-05-26T23:40:58.175670+00:00,1779838858.1756704,UP,7.151,123.79,0.05777,0.00111,True,False,post_spike_chase_guard:30t<290t,False,False,,,,
BOOM600,2026-05-26T23:41:29.183364+00:00,1779838889.1833637,UP,10.72,58.69,0.18267,0.00264,True,False,"AI_VETO: The trade signal meets the approval criteria with a score of 7.95, a Hurst exponent of 0.5476, and a 'compressing' volatility regime, while also satisfying the symbol bleed bonus conditions. | tail_veto:n=5 wr=0.0% avg=-0.4800 | adaptive:avg_pnl=-0.0545 [cached]",False,False,,,,
BOOM600,2026-05-26T23:56:45.160915+00:00,1779839805.1609147,UP,0.323,26.39,0.01224,-9e-05,False,False,"AI_VETO: The mathematical score of 6.41 is below the required 6.50 for approval given the symbol_bleed_bonus is greater than 0, and the confidence is below the 0.75 threshold. | adaptive:avg_pnl=-0.0545 [cached]",False,False,,,,
BOOM600,2026-05-27T00:05:44.199410+00:00,1779840344.1994104,UP,0.851,54.84,0.01552,0.0,False,False,post_spike_chase_guard:122t<290t,False,False,,,,
BOOM600,2026-05-27T00:07:47.171453+00:00,1779840467.171453,UP,3.71,99.05,0.03746,0.00053,True,False,spike_forced_dir: MULTUP (Hurst/trend bypassed); geo: neutral_extended_down: pos=-0.71 penalty=-0.25; dynamic_structural_relax_no_fvg: regime=SLOW penalty=0.60 score_after=5.70; score 5.70 < min 5.80; geo_optimal: -0.709≤0.050 →+1.0,False,False,,,,
BOOM600,2026-05-27T00:21:48.186877+00:00,1779841308.1868775,UP,3.208,98.82,0.03246,0.00041,False,False,post_spike_chase_guard:188t<220t,False,False,,,,
BOOM600,2026-05-27T00:24:57.166405+00:00,1779841497.1664047,UP,0.401,33.42,0.012,-3e-05,True,False,"AI_VETO: The mathematical score of 6.39 is below the required 6.50 for approval due to the active symbol bleed bonus, and the confidence is below the minimum 0.65. | adaptive:avg_pnl=-0.0545 [cached]",False,False,,,,
BOOM600,2026-05-27T00:28:39.190661+00:00,1779841719.1906612,UP,10.178,130.19,0.07818,0.00164,True,False,post_spike_chase_guard:141t<180t,False,False,,,,
BOOM600,2026-05-27T00:31:01.179368+00:00,1779841861.179368,UP,6.151,116.5,0.0528,0.00136,True,False,"AI_VETO: The trade signal for BOOM600 is approved due to a high mathematical score of 8.37, a Hurst exponent of 0.476 within the acceptable range for spike markets, and a 'trending' regime, despite the symbol_bleed_bonus requiring a higher score and confidence. | tail_veto:n=5 wr=0.0% avg=-0.4800 | adaptive:avg_pnl=-0.0545",False,False,,,,
BOOM600,2026-05-27T00:35:40.183090+00:00,1779842140.18309,UP,4.031,103.71,0.03887,0.00054,True,False,post_spike_chase_guard:17t<180t,False,False,,,,
BOOM600,2026-05-27T00:35:58.207339+00:00,1779842158.207339,UP,5.291,28.74,0.18409,0.00136,True,False,"AI_VETO: The trade signal meets the approval criteria with a score of 8.06, a Hurst exponent of 0.482, and a 'calm' volatility regime, despite the symbol bleed bonus requiring a higher score and confidence. | tail_veto:n=5 wr=0.0% avg=-0.4800 | adaptive:avg_pnl=-0.0545 [cached]",False,False,,,,
BOOM600,2026-05-27T00:47:26.190083+00:00,1779842846.190083,UP,6.385,118.59,0.05384,0.00096,False,False,"AI_VETO: The trade signal for BOOM600 is approved due to a high mathematical score of 8.43, a Hurst exponent of 0.506 indicating a trending regime, and the absence of a 'volatile' regime, despite the symbol bleed bonus requiring a higher score and confidence. | tail_veto:n=5 wr=0.0% avg=-0.4800 | adaptive:avg_pnl=-0.0545",False,False,,,,
BOOM600,2026-05-27T00:53:20.232327+00:00,1779843200.232327,UP,3.638,101.84,0.03572,0.00048,True,False,"AI_VETO: The score of 6.45 is below the required 6.50 for approval given the symbol_bleed_bonus is greater than 0, and the confidence is below the 0.75 threshold. | adaptive:avg_pnl=-0.0545 [cached]",False,False,,,,
BOOM600,2026-05-27T00:57:46.194710+00:00,1779843466.19471,UP,2.863,103.84,0.02757,0.00037,True,False,spike_forced_dir: MULTUP (Hurst/trend bypassed); geo: neutral_extended_down: pos=-0.65 penalty=-0.25; boom_crash_bc_escape_blocked_by_profile: BOOM600 no active FVG + block_bc_escape_env=True; geo_optimal: -0.654≤0.050 →+1.0,False,False,,,,
BOOM600,2026-05-27T01:06:40.194707+00:00,1779844000.194707,UP,1.01,53.47,0.01889,3e-05,False,False,spike_forced_dir: MULTUP (Hurst/trend bypassed); geo: neutral_extended_down: pos=-0.68 penalty=-0.25; boom_crash_bc_escape_blocked_by_profile: BOOM600 no active FVG + block_bc_escape_env=True; geo_optimal: -0.685≤0.050 →+1.0,False,False,,,,
BOOM600,2026-05-27T01:20:18.179246+00:00,1779844818.1792457,UP,6.822,121.08,0.05634,0.00104,False,False,spike_forced_dir: MULTUP (Hurst/trend bypassed); hd_aligned: macro_500t slope confirms +1 → +2.0; geo: neutral_extended_down: pos=-0.63 penalty=-0.25; dynamic_structural_relax_no_fvg: regime=NORMAL penalty=0.60 score_after=5.62; score 5.62 < min 5.80; geo_optimal: -0.631≤0.050 →+1.0,False,False,,,,
BOOM600,2026-05-27T01:26:26.193618+00:00,1779845186.193618,UP,11.272,132.35,0.08517,0.00182,True,False,"AI_VETO: The trade signal meets the approval criteria with a high score of 8.19, a Hurst exponent of 0.488, and a 'trending' regime, despite the symbol bleed bonus requiring a higher score and confidence. | tail_veto:n=5 wr=0.0% avg=-0.4800 | adaptive:avg_pnl=-0.0545 [cached]",False,False,,,,
BOOM600,2026-05-27T01:32:32.178764+00:00,1779845552.1787643,UP,8.236,124.17,0.06633,0.00129,True,False,"AI_VETO: The trade signal meets the approval criteria with a score of 8.00, a Hurst exponent of 0.456, and a 'calm' volatility regime, despite the symbol bleed bonus requiring a higher score and confidence. | tail_veto:n=5 wr=0.0% avg=-0.4800 | adaptive:avg_pnl=-0.0545 [cached]",False,False,,,,
BOOM600,2026-05-27T01:40:54.180177+00:00,1779846054.1801775,UP,10.71,129.52,0.08269,0.00172,False,False,post_spike_chase_guard:156t<180t,False,False,,,,
BOOM600,2026-05-27T01:43:31.178766+00:00,1779846211.178766,UP,7.3,119.7,0.06099,0.00152,True,False,post_spike_chase_guard:133t<180t,False,False,,,,
BOOM600,2026-05-27T01:45:45.177838+00:00,1779846345.1778383,UP,6.035,120.04,0.05028,0.00125,True,False,"AI_VETO: The trade is approved due to a high mathematical score of 10.00, a Hurst exponent of 0.4476 within the acceptable range for spike markets, and a 'compressing' volatility regime, with the symbol_bleed_bonus condition met by the high score. | tail_veto:n=5 wr=0.0% avg=-0.4800 | adaptive:avg_pnl=-0.0545 [cached]",False,False,,,,
BOOM600,2026-05-27T01:49:39.486816+00:00,1779846579.4868164,UP,10.71,1093.63,0.00979,0.00172,False,False,"AI_VETO: The trade is not approved because the score of 7.34 is above the 6.5 threshold required due to the symbol_bleed_bonus, but the confidence is below the required 0.75. | adaptive:avg_pnl=-0.0545 [cached]",False,False,,,,
BOOM600,2026-05-27T01:49:39.511031+00:00,1779846579.5110307,UP,7.3,832.15,0.00877,0.00152,True,False,"AI_VETO: The trade is not approved because the score of 7.34 is above the 6.5 threshold required due to the symbol_bleed_bonus, but the confidence is below the required 0.75. | adaptive:avg_pnl=-0.0545",False,False,,,,
BOOM600,2026-05-27T01:49:39.534142+00:00,1779846579.534142,UP,6.035,671.07,0.00899,0.00125,True,False,"AI_VETO: The trade meets the approval criteria with a score of 7.33, a Hurst exponent of 0.467, and a 'compressing' volatility regime, despite the symbol_bleed_bonus requiring a higher score and confidence. | tail_veto:n=5 wr=0.0% avg=-0.4800 | adaptive:approval_rate=87.5%, avg_pnl=-0.0545 [cached]",False,False,,,,
BOOM600,2026-05-27T01:52:29.057505+00:00,1779846749.0575054,UP,10.71,1093.63,0.00979,0.00172,False,False,spike_forced_dir: MULTUP (Hurst/trend bypassed); dynamic_structural_relax_no_fvg: regime=NORMAL penalty=0.60 score_after=5.56; score 5.56 < min 5.80; geo_optimal: -0.467≤0.050 →+1.0,False,False,,,,
BOOM600,2026-05-27T01:52:29.087931+00:00,1779846749.0879312,UP,7.3,840.75,0.00868,0.00152,True,False,"AI_VETO: The trade signal meets the approval criteria with a score of 6.90, a Hurst exponent of 0.461, and a 'trending' regime, despite the symbol_bleed_bonus requiring a higher score and confidence. | tail_veto:n=5 wr=0.0% avg=-0.4800 | adaptive:approval_rate=87.5%, avg_pnl=-0.0545",False,False,,,,
BOOM600,2026-05-27T01:52:29.117908+00:00,1779846749.1179078,UP,6.035,670.56,0.009,0.00125,True,False,spike_forced_dir: MULTUP (Hurst/trend bypassed); boom_crash_bc_escape_blocked_by_profile: BOOM600 no active FVG + block_bc_escape_env=True; geo_optimal: -0.010≤0.050 →+1.0,False,False,,,,
BOOM600,2026-05-27T01:57:48.186340+00:00,1779847068.1863396,UP,11.032,127.72,0.08638,0.00177,True,False,"AI_VETO: The trade signal has a score of 6.83 and a Hurst exponent of 0.496, which meets the basic approval criteria, but the symbol_bleed_bonus is positive (1.0), requiring a score of at least 6.50 and a confidence of 0.75, which is not met. | adaptive:approval_rate=86.7%, avg_pnl=-0.0545 [cached]",False,False,,,,
BOOM600,2026-05-27T02:31:08.225122+00:00,1779849068.225122,UP,12.79,130.23,0.09821,0.00208,False,False,post_spike_chase_guard:87t<180t,False,False,,,,
BOOM600,2026-05-27T02:32:36.185253+00:00,1779849156.1852527,UP,4.393,107.87,0.04072,0.00154,True,False,post_spike_chase_guard:99t<180t,False,False,,,,
BOOM600,2026-05-27T02:34:16.198513+00:00,1779849256.1985126,UP,10.808,128.03,0.08442,0.00221,True,False,"AI_VETO: The trade signal has a strong mathematical score of 8.63, a Hurst exponent of 0.4887 which is within the acceptable range for spike markets, and the volatility regime is compressing, indicating a favorable environment for the proposed MULTUP direction. | tail_veto:n=5 wr=0.0% avg=-0.4800 | adaptive:avg_pnl=-0.0545 [cached]",False,False,,,,
BOOM600,2026-05-27T02:38:30.182472+00:00,1779849510.1824725,UP,1.245,70.41,0.01768,8e-05,True,False,post_spike_chase_guard:77t<180t,False,False,,,,
BOOM600,2026-05-27T02:39:48.193732+00:00,1779849588.1937315,UP,0.177,13.49,0.01312,-2e-05,True,False,"AI_VETO: The trade signal meets the approval criteria with a score of 6.81, a Hurst exponent of 0.4866, and a 'trending' regime, despite the symbol_bleed_bonus requiring a higher score and confidence. | tail_veto:n=5 wr=0.0% avg=-0.4800 | adaptive:avg_pnl=-0.0545 [cached]",False,False,,,,
BOOM600,2026-05-27T02:45:37.169802+00:00,1779849937.169802,UP,7.957,123.03,0.06468,0.00123,True,False,post_spike_chase_guard:166t<180t,False,False,,,,
BOOM600,2026-05-27T02:48:30.559112+00:00,1779850110.5591116,UP,4.393,410.96,0.01069,,False,False,post_spike_chase_guard:177t<180t,False,False,,,,
BOOM600,2026-05-27T02:48:30.628464+00:00,1779850110.6284642,UP,10.808,1173.9,0.00921,,True,False,post_spike_chase_guard:176t<180t,False,False,,,,
BOOM600,2026-05-27T02:48:30.673114+00:00,1779850110.673114,UP,1.245,137.28,0.00907,8e-05,True,False,post_spike_chase_guard:175t<180t,False,False,,,,
BOOM600,2026-05-27T02:48:30.716661+00:00,1779850110.7166607,UP,0.177,16.91,0.01047,-2e-05,True,False,post_spike_chase_guard:174t<180t,False,False,,,,
BOOM600,2026-05-27T02:48:30.786402+00:00,1779850110.7864022,UP,7.957,882.76,0.00901,0.00123,True,False,"AI_VETO: The trade signal for BOOM600 is approved due to a strong mathematical score of 7.79, a Hurst exponent of 0.477 indicating a suitable market for spikes, and a 'trending' regime, while also meeting the higher score and confidence requirements due to the positive symbol bleed bonus. | tail_veto:n=5 wr=0.0% avg=-0.4800 | adaptive:avg_pnl=-0.0545 [cached]",False,False,,,,
BOOM600,2026-05-27T02:50:02.770263+00:00,1779850202.7702627,UP,10.808,1017.64,0.01062,,False,False,"AI_VETO: The trade meets all approval criteria with a high score, suitable Hurst exponent for a spike market, and a non-volatile regime, despite the symbol bleed bonus requiring a higher threshold. | tail_veto:n=5 wr=0.0% avg=-0.4800 | adaptive:avg_pnl=-0.0545 [cached]",False,False,,,,
BOOM600,2026-05-27T02:50:02.837042+00:00,1779850202.8370423,UP,1.245,130.53,0.00954,8e-05,True,False,"AI_VETO: The trade meets all approval criteria with a high score, suitable Hurst exponent for a spike market, and a non-volatile regime, despite the symbol bleed bonus requiring a higher threshold. | tail_veto:n=5 wr=0.0% avg=-0.4800 | adaptive:avg_pnl=-0.0545 [cached]",False,False,,,,
BOOM600,2026-05-27T02:50:02.908739+00:00,1779850202.908739,UP,0.177,17.27,0.01025,-2e-05,True,False,"AI_VETO: The trade meets all approval criteria with a high score, suitable Hurst exponent for a spike market, and a non-volatile regime, despite the symbol bleed bonus requiring a higher threshold. | tail_veto:n=5 wr=0.0% avg=-0.4800 | adaptive:avg_pnl=-0.0545 [cached]",False,False,,,,
BOOM600,2026-05-27T02:50:02.985047+00:00,1779850202.9850473,UP,7.957,882.08,0.00902,0.00123,True,False,"AI_VETO: The trade signal meets the approval criteria with a score of 8.33, a Hurst exponent of 0.445, and a 'trending' regime, which is not 'volatile', and the symbol_bleed_bonus is positive but the score is above 6.5. | tail_veto:n=5 wr=0.0% avg=-0.4800 | adaptive:avg_pnl=-0.0545 [cached]",False,False,,,,
BOOM600,2026-05-27T02:51:59.172763+00:00,1779850319.1727633,UP,9.094,123.75,0.07349,0.00143,True,False,"AI_VETO: The trade signal meets all approval criteria with a strong score of 8.56, a Hurst exponent of 0.48, and a 'trending' regime, despite the symbol bleed bonus requiring a higher score and confidence. | tail_veto:n=5 wr=0.0% avg=-0.4800 | adaptive:avg_pnl=-0.0545 [cached]",False,False,,,,
BOOM600,2026-05-27T03:00:31.023109+00:00,1779850831.0231092,UP,7.957,886.15,0.00898,,False,False,"AI_VETO: The trade signal for BOOM600 is approved due to a strong mathematical score of 7.04, a Hurst exponent of 0.4757 which is above the 0.43 threshold, and a 'compressing' volatility regime, all while meeting the higher score and confidence requirements due to the symbol_bleed_bonus. | tail_veto:n=5 wr=0.0% avg=-0.4800 | adaptive:avg_pnl=-0.0545",False,False,,,,
BOOM600,2026-05-27T03:00:31.055732+00:00,1779850831.0557325,UP,9.094,992.94,0.00916,0.00143,True,False,spike_forced_dir: MULTUP (Hurst/trend bypassed); boom_crash_bc_escape_blocked_by_profile: BOOM600 no active FVG + block_bc_escape_env=True; geo_optimal: -0.023≤0.050 →+1.0,False,False,,,,
BOOM600,2026-05-27T03:02:42.375928+00:00,1779850962.3759282,UP,9.094,979.67,0.00928,0.00143,False,False,spike_forced_dir: MULTUP (Hurst/trend bypassed); boom_crash_bc_escape_blocked_by_profile: BOOM600 no active FVG + block_bc_escape_env=True; geo_optimal: 0.026≤0.050 →+1.0,False,False,,,,
BOOM600,2026-05-27T03:13:31.169441+00:00,1779851611.1694415,UP,4.134,103.89,0.03979,0.00057,False,False,spike_forced_dir: MULTUP (Hurst/trend bypassed); geo: neutral_extended_down: pos=-0.63 penalty=-0.25; boom_crash_bc_escape_blocked_by_profile: BOOM600 no active FVG + block_bc_escape_env=True; geo_optimal: -0.632≤0.050 →+1.0,False,False,,,,
BOOM600,2026-05-27T03:23:26.196223+00:00,1779852206.1962225,UP,10.026,126.81,0.07906,0.00158,False,False,"AI_VETO: The trade signal has a high score of 8.84, a Hurst exponent of 0.4839 (within acceptable range for spike markets), and a compressing volatility regime, meeting the approval criteria despite the symbol bleed bonus. | tail_veto:n=5 wr=0.0% avg=-0.4800 | adaptive:avg_pnl=-0.0545 [cached]",False,False,,,,
BOOM600,2026-05-27T03:27:53.159252+00:00,1779852473.159252,UP,0.493,35.98,0.0137,-6e-05,True,False,spike_forced_dir: MULTUP (Hurst/trend bypassed); geo: neutral_extended_down: pos=-0.69 penalty=-0.25; boom_crash_bc_escape_blocked_by_profile: BOOM600 no active FVG + block_bc_escape_env=True; geo_optimal: -0.688≤0.050 →+1.0,False,False,,,,
BOOM600,2026-05-27T03:35:46.203442+00:00,1779852946.2034416,UP,2.747,96.56,0.02845,0.00033,False,False,trade_cooldown,False,False,,,,
BOOM600,2026-05-27T03:45:50.188880+00:00,1779853550.1888797,UP,2.765,98.46,0.02808,0.00034,False,False,spike_forced_dir: MULTUP (Hurst/trend bypassed); geo: neutral_extended_down: pos=-0.62 penalty=-0.25; dynamic_structural_relax_no_fvg: regime=NORMAL penalty=0.60 score_after=5.68; score 5.68 < min 5.80; geo_optimal: -0.624≤0.050 →+1.0,False,True,loss,MULTUP,True,867044199
BOOM600,2026-05-27T03:55:15.168576+00:00,1779854115.1685762,UP,4.276,103.47,0.04132,0.00059,False,False,trade_cooldown,False,False,,,,
BOOM600,2026-05-27T04:05:31.217939+00:00,1779854731.2179394,UP,8.907,123.17,0.07232,0.00139,False,False,post_spike_chase_guard:144t<180t,False,True,win,MULTUP,True,867549839
BOOM600,2026-05-27T04:07:56.223513+00:00,1779854876.2235126,UP,3.651,111.26,0.03281,0.00087,True,False,trade_cooldown,False,False,,,,
BOOM600,2026-05-27T04:17:59.197049+00:00,1779855479.1970494,UP,1.98,84.44,0.02345,0.0002,False,False,trade_cooldown,False,True,loss,MULTUP,True,867948519
BOOM600,2026-05-27T04:37:07.184170+00:00,1779856627.18417,UP,0.474,38.33,0.01237,-6e-05,False,False,trade_cooldown,False,True,win,MULTUP,True,868640979
BOOM600,2026-05-27T04:40:38.218517+00:00,1779856838.218517,UP,9.88,128.29,0.07701,0.00158,True,False,trade_cooldown,False,True,win,MULTUP,True,868640979
BOOM600,2026-05-27T04:48:42.210346+00:00,1779857322.2103465,UP,3.83,110.34,0.03471,0.00052,False,False,trade_cooldown,False,True,loss,MULTUP,True,868986179
BOOM600,2026-05-27T05:00:36.204556+00:00,1779858036.204556,UP,1.473,78.38,0.01879,0.00012,False,False,trade_cooldown,False,True,win,MULTUP,True,869425319
BOOM600,2026-05-27T05:01:33.180603+00:00,1779858093.180603,UP,2.081,84.22,0.02471,0.00036,True,False,trade_cooldown,False,True,win,MULTUP,True,869425319
BOOM600,2026-05-27T05:09:38.192704+00:00,1779858578.192704,UP,15.63,131.99,0.11842,0.00255,False,False,post_spike_chase_guard:179t<180t,False,True,win,MULTUP,True,869425319
BOOM600,2026-05-27T05:12:48.191812+00:00,1779858768.191812,UP,0.597,48.33,0.01235,0.00016,True,False,trade_cooldown,False,False,,,,
BOOM600,2026-05-27T05:26:24.245297+00:00,1779859584.2452972,UP,4.207,106.5,0.0395,0.0006,False,False,trade_cooldown,False,False,,,,
BOOM600,2026-05-27T05:53:20.220868+00:00,1779861200.2208683,UP,4.812,106.75,0.04508,0.00067,False,False,trade_cooldown,False,True,loss,MULTUP,True,870769759
BOOM600,2026-05-27T06:03:21.173668+00:00,1779861801.173668,UP,7.4,123.63,0.05986,0.00114,False,False,trade_cooldown,False,True,win,MULTUP,True,871567599
BOOM600,2026-05-27T06:07:22.182709+00:00,1779862042.1827085,UP,10.288,128.27,0.08021,0.00164,True,False,trade_cooldown,False,True,win,MULTUP,True,871689079
BOOM600,2026-05-27T06:11:06.261918+00:00,1779862266.2619176,UP,6.979,124.17,0.05621,0.00106,True,False,post_spike_chase_guard:114t<180t,False,True,win,MULTUP,True,871819079
BOOM600,2026-05-27T06:13:01.169572+00:00,1779862381.1695719,UP,11.716,133.32,0.08788,0.00229,True,False,trade_cooldown,False,False,,,,
BOOM600,2026-05-27T06:17:10.176614+00:00,1779862630.1766136,UP,1.231,71.0,0.01734,7e-05,True,False,trade_cooldown,False,True,win,MULTUP,True,872011019
BOOM600,2026-05-27T06:26:27.180077+00:00,1779863187.1800766,UP,8.58,126.79,0.06767,0.00135,False,False,post_spike_chase_guard:135t<180t,False,True,win,MULTUP,True,872011019
BOOM600,2026-05-27T06:28:43.169492+00:00,1779863323.169492,UP,0.523,43.53,0.01201,0.00034,True,False,post_spike_chase_guard:31t<180t,False,False,,,,
BOOM600,2026-05-27T06:29:15.185794+00:00,1779863355.185794,UP,13.173,126.66,0.10401,0.00248,True,False,trade_cooldown,False,False,,,,
BOOM600,2026-05-27T06:46:34.185803+00:00,1779864394.1858034,UP,3.62,102.48,0.03532,0.00048,False,False,trade_cooldown,False,True,win,MULTUP,True,873132199
BOOM600,2026-05-27T07:10:05.179929+00:00,1779865805.179929,UP,0.416,29.48,0.01411,-8e-05,False,False,trade_cooldown,False,True,loss,MULTUP,True,873883259
BOOM600,2026-05-27T07:28:34.198888+00:00,1779866914.1988883,UP,0.501,35.82,0.01399,-5e-05,False,False,trade_cooldown,False,True,loss,MULTUP,True,874597519
BOOM600,2026-05-27T08:06:30.183364+00:00,1779869190.183364,UP,0.603,43.57,0.01384,-3e-05,False,False,spike_forced_dir: MULTUP (Hurst/trend bypassed); geo: neutral_extended_down: pos=-0.74 penalty=-0.25; boom_crash_bc_escape_blocked_by_profile: BOOM600 no active FVG + block_bc_escape_env=True; geo_optimal: -0.736≤0.050 →+1.0,False,False,,,,
BOOM600,2026-05-27T08:15:45.173653+00:00,1779869745.173653,UP,1.836,90.61,0.02026,0.00019,False,False,spike_forced_dir: MULTUP (Hurst/trend bypassed); dynamic_structural_relax_no_fvg: regime=NORMAL penalty=0.60 score_after=5.71; score 5.71 < min 5.80; geo_optimal: -0.287≤0.050 →+1.0,False,False,,,,
BOOM600,2026-05-27T08:19:28.205179+00:00,1779869968.205179,UP,8.682,126.89,0.06842,0.00138,True,False,post_spike_chase_guard:169t<180t,False,False,,,,
BOOM600,2026-05-27T08:22:18.218250+00:00,1779870138.2182496,UP,6.87,116.06,0.05919,0.00132,True,False,trade_cooldown,False,False,,,,
BOOM600,2026-05-27T08:28:11.198781+00:00,1779870491.198781,UP,2.766,98.81,0.02799,0.00034,True,False,spike_forced_dir: MULTUP (Hurst/trend bypassed); geo: neutral_extended_down: pos=-0.65 penalty=-0.25; boom_crash_bc_escape_blocked_by_profile: BOOM600 no active FVG + block_bc_escape_env=True; geo_optimal: -0.652≤0.050 →+1.0,False,True,loss,MULTUP,True,877140159
BOOM600,2026-05-27T08:44:19.221439+00:00,1779871459.2214386,UP,6.121,119.31,0.0513,0.00092,False,False,trade_cooldown,False,False,,,,
BOOM600,2026-05-27T08:56:58.204072+00:00,1779872218.204072,UP,12.142,128.34,0.09461,0.00197,False,False,trade_cooldown,False,True,win,MULTUP,True,878146099
BOOM600,2026-05-27T09:07:28.219970+00:00,1779872848.2199702,UP,2.94,100.05,0.02939,0.00037,False,False,trade_cooldown,False,True,win,MULTUP,True,878720039
BOOM600,2026-05-27T09:12:52.206233+00:00,1779873172.2062325,UP,6.996,123.0,0.05688,0.00108,True,False,trade_cooldown,False,True,win,MULTUP,True,878720039
BOOM600,2026-05-27T09:17:35.181082+00:00,1779873455.1810825,UP,6.428,117.05,0.05492,0.00096,True,False,post_spike_chase_guard:137t<180t,False,True,win,MULTUP,True,878720039
BOOM600,2026-05-27T09:19:53.536255+00:00,1779873593.5362551,UP,4.131,109.99,0.03756,0.00085,True,False,trade_cooldown,False,False,,,,
BOOM600,2026-05-27T09:27:44.201314+00:00,1779874064.2013142,UP,9.595,125.7,0.07633,0.00152,False,False,trade_cooldown,False,True,win,MULTUP,True,879837659
BOOM600,2026-05-27T09:44:57.183751+00:00,1779875097.1837513,UP,2.733,96.28,0.02839,0.00034,False,False,post_spike_chase_guard:58t<180t,False,True,win,MULTUP,True,880753159
BOOM600,2026-05-27T09:45:56.203096+00:00,1779875156.2030962,UP,7.96,127.38,0.06249,0.00151,True,False,trade_cooldown,False,True,win,MULTUP,True,880753159
BOOM600,2026-05-27T09:50:25.185670+00:00,1779875425.18567,UP,1.715,72.5,0.02366,0.00014,True,False,trade_cooldown,False,True,win,MULTUP,True,881092339
BOOM600,2026-05-27T09:58:20.169399+00:00,1779875900.169399,UP,8.728,122.36,0.07133,0.00137,False,False,trade_cooldown,False,True,win,MULTUP,True,881092339
BOOM600,2026-05-27T10:09:22.211349+00:00,1779876562.2113495,UP,16.291,133.28,0.12223,0.00266,False,False,trade_cooldown,False,True,win,MULTUP,True,881698479
BOOM600,2026-05-27T10:09:47.177215+00:00,1779876587.1772153,UP,7.64,12.23,0.62472,0.00336,True,False,trade_cooldown,False,True,win,MULTUP,True,881698479
BOOM600,2026-05-27T10:17:43.183045+00:00,1779877063.1830454,UP,5.566,118.5,0.04697,0.00083,False,False,trade_cooldown,False,True,win,MULTUP,True,882226259
BOOM600,2026-05-27T10:22:01.169544+00:00,1779877321.169544,UP,2.24,91.99,0.02435,0.00025,True,False,trade_cooldown,False,True,win,MULTUP,True,882226259
BOOM600,2026-05-27T10:44:43.188913+00:00,1779878683.1889129,UP,13.379,131.04,0.1021,0.00217,False,False,trade_cooldown,False,True,win,MULTUP,True,883620839
BOOM600,2026-05-27T10:45:26.163528+00:00,1779878726.1635284,UP,11.03,124.09,0.08889,0.00325,True,False,post_spike_chase_guard:167t<180t,False,True,win,MULTUP,True,883620839
BOOM600,2026-05-27T10:48:14.179832+00:00,1779878894.1798317,UP,1.818,87.67,0.02074,0.00053,True,False,trade_cooldown,False,False,,,,
BOOM600,2026-05-27T10:56:33.154480+00:00,1779879393.1544795,UP,9.959,128.67,0.0774,0.00158,False,False,post_spike_chase_guard:65t<180t,False,True,win,MULTUP,True,884072359
BOOM600,2026-05-27T10:57:39.219359+00:00,1779879459.2193594,UP,6.536,122.37,0.05341,0.00188,True,False,trade_cooldown,False,False,,,,
BOOM600,2026-05-27T11:12:10.177227+00:00,1779880330.1772273,UP,7.203,119.35,0.06035,0.00109,False,False,post_spike_chase_guard:20t<180t,False,True,win,MULTUP,True,884525399
BOOM600,2026-05-27T11:12:31.197046+00:00,1779880351.197046,UP,7.672,24.76,0.30982,0.00218,True,False,trade_cooldown,False,True,win,MULTUP,True,884525399
BOOM600,2026-05-27T11:51:41.193722+00:00,1779882701.193722,UP,9.278,126.26,0.07348,0.00146,False,False,dynamic_symbol_inactive,False,True,win,MULTUP,True,886527059
BOOM600,2026-05-27T12:12:17.284222+00:00,1779883937.2842216,UP,12.623,129.31,0.09762,0.00202,False,False,dynamic_symbol_inactive,False,False,,,,
BOOM600,2026-05-27T12:19:53.198292+00:00,1779884393.1982915,UP,3.032,102.17,0.02968,0.00039,False,False,dynamic_symbol_inactive,False,False,,,,
BOOM600,2026-05-27T12:20:30.246631+00:00,1779884430.2466311,UP,3.103,98.48,0.03151,0.00075,True,False,dynamic_symbol_inactive,False,False,,,,
BOOM600,2026-05-27T12:28:22.240289+00:00,1779884902.2402894,UP,3.399,103.32,0.0329,0.00044,False,False,dynamic_symbol_inactive,False,False,,,,
BOOM600,2026-05-27T12:43:11.235043+00:00,1779885791.235043,UP,2.033,86.19,0.02359,0.00022,False,False,dynamic_symbol_inactive,False,False,,,,
BOOM600,2026-05-27T12:54:00.216158+00:00,1779886440.2161577,UP,5.589,114.29,0.0489,0.00081,False,False,dynamic_symbol_inactive,False,False,,,,
BOOM600,2026-05-27T12:54:24.197619+00:00,1779886464.1976192,UP,13.118,44.76,0.29305,0.00286,True,False,dynamic_symbol_inactive,False,False,,,,
BOOM600,2026-05-27T13:02:39.237873+00:00,1779886959.2378733,UP,0.889,59.13,0.01503,2e-05,False,False,dynamic_symbol_inactive,False,False,,,,
BOOM600,2026-05-27T13:03:15.257500+00:00,1779886995.2574997,UP,16.07,134.73,0.11928,0.00273,True,False,dynamic_symbol_inactive,False,False,,,,
BOOM600,2026-05-27T13:07:19.186505+00:00,1779887239.1865048,UP,8.306,126.83,0.06549,0.0013,True,False,dynamic_symbol_inactive,False,False,,,,
BOOM600,2026-05-27T13:12:06.224313+00:00,1779887526.2243128,UP,5.546,113.62,0.04881,0.0008,True,False,dynamic_symbol_inactive,False,False,,,,
BOOM600,2026-05-27T13:22:17.209805+00:00,1779888137.2098048,UP,9.202,128.37,0.07168,0.00144,False,False,dynamic_symbol_inactive,False,False,,,,
BOOM600,2026-05-27T13:24:41.188540+00:00,1779888281.1885397,UP,5.308,118.52,0.04479,0.00115,True,False,dynamic_symbol_inactive,False,False,,,,
BOOM600,2026-05-27T13:28:18.268270+00:00,1779888498.2682698,UP,5.36,111.24,0.04819,0.00077,True,False,dynamic_symbol_inactive,False,False,,,,
BOOM600,2026-05-27T13:33:16.322029+00:00,1779888796.3220294,UP,3.164,103.68,0.03052,0.00041,True,False,dynamic_symbol_inactive,False,False,,,,
BOOM600,2026-05-27T13:37:11.225709+00:00,1779889031.2257087,UP,2.696,101.12,0.02666,0.00033,True,False,dynamic_symbol_inactive,False,False,,,,
BOOM600,2026-05-27T13:40:45.184192+00:00,1779889245.1841917,UP,1.853,86.31,0.02147,0.00018,True,False,dynamic_symbol_inactive,False,False,,,,
BOOM600,2026-05-27T13:41:28.656310+00:00,1779889288.65631,UP,5.36,495.66,0.01081,0.00077,False,False,dynamic_symbol_inactive,False,False,,,,
BOOM600,2026-05-27T13:41:28.692956+00:00,1779889288.6929562,UP,3.164,363.82,0.0087,0.00041,True,False,dynamic_symbol_inactive,False,False,,,,
BOOM600,2026-05-27T13:41:28.732687+00:00,1779889288.7326875,UP,2.696,333.83,0.00808,0.00033,True,False,dynamic_symbol_inactive,False,False,,,,
BOOM600,2026-05-27T13:41:28.768547+00:00,1779889288.768547,UP,1.853,183.53,0.0101,0.00018,True,False,dynamic_symbol_inactive,False,False,,,,
BOOM600,2026-05-27T13:43:05.449100+00:00,1779889385.4491005,UP,5.36,513.0,0.01045,,False,False,dynamic_symbol_inactive,False,False,,,,
BOOM600,2026-05-27T13:43:05.486977+00:00,1779889385.4869766,UP,3.164,377.91,0.00837,0.00041,True,False,dynamic_symbol_inactive,False,False,,,,
BOOM600,2026-05-27T13:43:05.522909+00:00,1779889385.5229087,UP,2.696,335.27,0.00804,0.00033,True,False,dynamic_symbol_inactive,False,False,,,,
BOOM600,2026-05-27T13:43:05.555970+00:00,1779889385.5559697,UP,1.853,82.37,0.0225,0.00018,True,False,dynamic_symbol_inactive,False,False,,,,
BOOM600,2026-05-27T13:52:03.363723+00:00,1779889923.363723,UP,2.696,339.93,0.00793,,False,False,dynamic_symbol_inactive,False,False,,,,
BOOM600,2026-05-27T13:52:03.416693+00:00,1779889923.416693,UP,1.853,189.75,0.00977,0.00018,True,False,dynamic_symbol_inactive,False,False,,,,
BOOM600,2026-05-27T13:52:59.123206+00:00,1779889979.1232064,UP,2.696,353.77,0.00762,,False,False,dynamic_symbol_inactive,False,False,,,,
BOOM600,2026-05-27T13:52:59.163627+00:00,1779889979.1636267,UP,1.853,182.9,0.01013,0.00018,True,False,dynamic_symbol_inactive,False,False,,,,
BOOM900,2026-05-26T14:40:32.204111+00:00,1779806432.2041109,UP,5.368,114.67,0.04681,0.00048,False,False,post_spike_chase_guard:137t<180t,False,True,win,MULTUP,True,836945619
BOOM900,2026-05-26T14:42:57.040091+00:00,1779806577.0400906,UP,5.368,508.73,0.01055,0.00048,False,False,trade_cooldown,False,True,win,MULTUP,True,836945619
BOOM900,2026-05-26T14:44:13.857217+00:00,1779806653.8572166,UP,5.368,498.31,0.01077,0.00048,False,False,trade_cooldown,False,True,win,MULTUP,True,836945619
BOOM900,2026-05-26T14:55:26.207177+00:00,1779807326.2071772,UP,1.386,66.95,0.0207,6e-05,False,False,trade_cooldown,False,True,win,MULTUP,True,836945619
BOOM900,2026-05-26T14:56:05.221719+00:00,1779807365.2217188,UP,1.29,65.31,0.01975,0.00015,True,False,trade_cooldown,False,True,win,MULTUP,True,836945619
BOOM900,2026-05-26T15:00:14.200129+00:00,1779807614.200129,UP,1.386,149.31,0.00928,6e-05,False,False,spike_forced_dir: MULTUP (Hurst/trend bypassed); geo: neutral_extended_down: pos=-0.62 penalty=-0.25; boom_crash_bc_escape_blocked_by_profile: BOOM900 no active FVG + block_bc_escape_env=True; geo_optimal: -0.622≤0.050 →+1.0,False,True,win,MULTUP,True,836945619
BOOM900,2026-05-26T15:00:14.235857+00:00,1779807614.2358572,UP,1.29,32.71,0.03943,0.00015,True,False,trade_cooldown,False,True,win,MULTUP,True,836945619
BOOM900,2026-05-26T15:02:36.036638+00:00,1779807756.0366383,UP,1.386,146.27,0.00948,6e-05,False,False,trade_cooldown,False,True,win,MULTUP,True,836945619
BOOM900,2026-05-26T15:02:36.049304+00:00,1779807756.0493042,UP,1.29,33.34,0.0387,0.00015,True,False,trade_cooldown,False,True,win,MULTUP,True,836945619
BOOM900,2026-05-26T15:07:15.214977+00:00,1779808035.2149768,UP,10.504,126.86,0.0828,0.00104,True,False,trade_cooldown,False,True,win,MULTUP,True,836945619
BOOM900,2026-05-26T15:11:37.183257+00:00,1779808297.1832566,UP,1.998,80.21,0.02491,0.00012,True,False,post_spike_chase_guard:148t<180t,False,True,win,MULTUP,True,836945619
BOOM900,2026-05-26T15:14:06.285817+00:00,1779808446.285817,UP,3.325,103.37,0.03217,0.00031,True,False,post_spike_chase_guard:34t<180t,False,True,win,MULTUP,True,836945619
BOOM900,2026-05-26T15:14:41.185559+00:00,1779808481.1855588,UP,15.655,132.93,0.11777,0.00186,True,False,trade_cooldown,False,True,win,MULTUP,True,836945619
BOOM900,2026-05-26T15:19:25.715790+00:00,1779808765.71579,UP,10.504,1242.32,0.00846,0.00104,False,False,trade_cooldown,False,True,loss,MULTUP,True,838979439
BOOM900,2026-05-26T15:19:25.763251+00:00,1779808765.7632508,UP,1.998,181.3,0.01102,0.00012,True,False,trade_cooldown,False,True,loss,MULTUP,True,838979439
BOOM900,2026-05-26T15:19:25.788102+00:00,1779808765.7881017,UP,3.325,308.66,0.01077,0.00031,True,False,symbol_already_open,False,True,loss,MULTUP,True,838979439
BOOM900,2026-05-26T15:19:25.805137+00:00,1779808765.8051367,UP,15.655,201.42,0.07772,0.00186,True,False,trade_cooldown,False,True,loss,MULTUP,True,838979439
BOOM900,2026-05-26T15:19:40.254930+00:00,1779808780.2549298,UP,2.234,85.61,0.0261,0.00015,True,False,trade_cooldown,False,True,loss,MULTUP,True,838979439
BOOM900,2026-05-26T15:23:15.612421+00:00,1779808995.6124213,UP,10.504,28.2,0.37248,,False,False,trade_cooldown,False,True,loss,MULTUP,True,838979439
BOOM900,2026-05-26T15:23:15.636752+00:00,1779808995.636752,UP,1.998,180.06,0.0111,0.00012,True,False,trade_cooldown,False,True,loss,MULTUP,True,838979439
BOOM900,2026-05-26T15:23:15.656027+00:00,1779808995.656027,UP,3.325,309.65,0.01074,0.00031,True,False,trade_cooldown,False,True,loss,MULTUP,True,838979439
BOOM900,2026-05-26T15:23:15.675624+00:00,1779808995.6756241,UP,15.655,284.81,0.05497,0.00186,True,False,symbol_already_open,False,True,loss,MULTUP,True,838979439
BOOM900,2026-05-26T15:23:15.709749+00:00,1779808995.709749,UP,2.234,243.37,0.00918,0.00015,True,False,trade_cooldown,False,True,loss,MULTUP,True,838979439
BOOM900,2026-05-26T15:55:36.266906+00:00,1779810936.2669058,UP,8.259,125.81,0.06565,0.0008,False,False,trade_cooldown,False,True,loss,MULTUP,True,840399599
BOOM900,2026-05-26T16:13:31.218777+00:00,1779812011.2187774,UP,1.446,68.54,0.0211,7e-05,False,False,post_spike_chase_guard:299t<321t,False,True,loss,MULTUP,True,840399599
BOOM900,2026-05-26T16:38:12.236053+00:00,1779813492.2360535,UP,5.75,115.65,0.04972,0.00053,False,False,post_spike_chase_guard:299t<492t,False,True,win,MULTUP,True,842259219
BOOM900,2026-05-26T16:48:53.223083+00:00,1779814133.223083,UP,2.895,95.58,0.03029,0.00021,False,False,post_spike_chase_guard:299t<540t,False,True,win,MULTUP,True,842259219
BOOM900,2026-05-26T17:05:23.220386+00:00,1779815123.2203863,UP,6.883,118.1,0.05828,0.00064,False,False,post_spike_chase_guard:299t<493t,False,True,win,MULTUP,True,842259219
BOOM900,2026-05-26T17:13:25.210981+00:00,1779815605.2109814,UP,7.492,118.29,0.06334,0.0007,False,False,post_spike_chase_guard:247t<540t,False,True,win,MULTUP,True,842259219
BOOM900,2026-05-26T17:17:42.329341+00:00,1779815862.3293414,UP,6.883,634.08,0.01086,0.00064,False,False,post_spike_chase_guard:258t<540t,False,True,win,MULTUP,True,842259219
BOOM900,2026-05-26T17:17:42.360301+00:00,1779815862.360301,UP,7.492,651.67,0.0115,0.0007,True,False,trade_cooldown,False,True,win,MULTUP,True,842259219
BOOM900,2026-05-26T17:28:23.365373+00:00,1779816503.365373,UP,21.405,136.85,0.15641,0.0022,False,False,post_spike_chase_guard:300t<540t,False,True,win,MULTUP,True,842259219
BOOM900,2026-05-26T17:37:25.193239+00:00,1779817045.193239,UP,24.752,136.52,0.1813,0.00256,False,False,post_spike_chase_guard:213t<540t,False,False,,,,
BOOM900,2026-05-26T17:40:59.194458+00:00,1779817259.1944578,UP,12.137,127.08,0.0955,0.0012,True,False,post_spike_chase_guard:299t<540t,False,False,,,,
BOOM900,2026-05-26T18:16:48.215201+00:00,1779819408.2152011,UP,15.5,130.61,0.11868,0.00157,False,False,post_spike_chase_guard:73t<540t,False,True,win,MULTUP,True,846171359
BOOM900,2026-05-26T18:18:02.350220+00:00,1779819482.3502197,UP,17.329,133.39,0.12991,0.00255,True,False,post_spike_chase_guard:299t<540t,False,True,win,MULTUP,True,846171359
BOOM900,2026-05-26T18:34:37.197397+00:00,1779820477.1973972,UP,15.314,133.71,0.11453,0.00155,False,False,post_spike_chase_guard:299t<485t,False,True,win,MULTUP,True,847828719
BOOM900,2026-05-26T18:44:32.246989+00:00,1779821072.2469888,UP,1.393,66.86,0.02083,5e-05,False,False,post_spike_chase_guard:173t<485t,False,True,win,MULTUP,True,848679719
BOOM900,2026-05-26T18:47:26.238593+00:00,1779821246.2385933,UP,12.552,128.07,0.09801,0.00126,True,False,post_spike_chase_guard:300t<485t,False,True,win,MULTUP,True,848679719
BOOM900,2026-05-26T18:53:08.241488+00:00,1779821588.2414875,UP,0.961,54.58,0.01761,1e-05,True,False,post_spike_chase_guard:300t<485t,False,False,,,,
BOOM900,2026-05-26T19:31:33.190337+00:00,1779823893.190337,UP,6.039,114.61,0.05269,0.00055,False,False,post_spike_chase_guard:299t<485t,False,True,win,MULTUP,True,851045539
BOOM900,2026-05-26T19:38:14.175427+00:00,1779824294.1754274,UP,8.757,124.17,0.07052,0.00084,False,False,post_spike_chase_guard:299t<485t,False,True,win,MULTUP,True,851045539
BOOM900,2026-05-26T20:00:11.187361+00:00,1779825611.1873605,UP,13.305,132.24,0.10061,0.00133,False,False,trade_cooldown,False,True,loss,MULTUP,True,851970179
BOOM900,2026-05-26T20:01:05.998235+00:00,1779825665.9982355,UP,13.305,1326.84,0.01003,0.00133,False,False,post_spike_chase_guard:353t<485t,False,True,loss,MULTUP,True,851970179
BOOM900,2026-05-26T20:07:10.150307+00:00,1779826030.1503072,UP,13.305,1339.74,0.00993,0.00133,False,False,trade_cooldown,False,True,loss,MULTUP,True,851970179
BOOM900,2026-05-26T20:25:31.191671+00:00,1779827131.1916714,UP,6.08,116.46,0.05221,0.00056,False,False,post_spike_chase_guard:299t<485t,False,True,loss,MULTUP,True,851970179
BOOM900,2026-05-26T20:38:13.307015+00:00,1779827893.3070147,UP,6.08,681.83,0.00892,0.00056,False,False,trade_cooldown,False,True,loss,MULTUP,True,851970179
BOOM900,2026-05-26T20:42:44.190595+00:00,1779828164.190595,UP,23.202,135.84,0.17081,0.00238,True,False,post_spike_chase_guard:299t<485t,False,False,,,,
BOOM900,2026-05-26T21:00:17.147419+00:00,1779829217.1474187,UP,7.231,118.33,0.06111,0.00067,False,False,trade_cooldown,False,True,win,MULTUP,True,855121299
BOOM900,2026-05-26T21:00:26.159363+00:00,1779829226.1593628,UP,14.515,40.49,0.35848,0.00216,True,False,post_spike_chase_guard:299t<540t,False,True,win,MULTUP,True,855121299
BOOM900,2026-05-26T21:48:47.189399+00:00,1779832127.1893992,UP,11.392,128.38,0.08874,0.00112,False,False,post_spike_chase_guard:300t<540t,False,True,win,MULTUP,True,856900959
BOOM900,2026-05-26T22:03:53.183271+00:00,1779833033.1832707,UP,6.814,120.99,0.05632,0.00064,False,False,post_spike_chase_guard:297t<540t,False,True,win,MULTUP,True,856900959
BOOM900,2026-05-26T22:08:51.172776+00:00,1779833331.1727757,UP,1.732,79.17,0.02188,9e-05,True,False,post_spike_chase_guard:215t<540t,False,True,win,MULTUP,True,856900959
BOOM900,2026-05-26T22:12:34.723909+00:00,1779833554.7239087,UP,6.814,121.71,0.05599,0.00064,False,False,post_spike_chase_guard:224t<540t,False,True,win,MULTUP,True,856900959
BOOM900,2026-05-26T22:12:34.752169+00:00,1779833554.752169,UP,1.732,165.55,0.01046,9e-05,True,False,post_spike_chase_guard:521t<540t,False,True,win,MULTUP,True,856900959
BOOM900,2026-05-26T22:17:47.178880+00:00,1779833867.1788805,UP,2.899,94.74,0.0306,0.00021,True,False,post_spike_chase_guard:17t<540t,False,True,win,MULTUP,True,856900959
BOOM900,2026-05-26T22:18:05.170023+00:00,1779833885.170023,UP,12.474,63.92,0.19514,0.0015,True,False,post_spike_chase_guard:225t<540t,False,True,win,MULTUP,True,856900959
BOOM900,2026-05-26T22:21:59.112639+00:00,1779834119.1126387,UP,1.732,169.46,0.01022,9e-05,False,False,post_spike_chase_guard:236t<540t,False,False,,,,
BOOM900,2026-05-26T22:21:59.149643+00:00,1779834119.1496434,UP,2.899,255.38,0.01135,0.00021,True,False,post_spike_chase_guard:235t<540t,False,False,,,,
BOOM900,2026-05-26T22:21:59.166753+00:00,1779834119.1667528,UP,12.474,246.59,0.05059,0.0015,True,False,post_spike_chase_guard:246t<540t,False,False,,,,
BOOM900,2026-05-26T22:22:21.075202+00:00,1779834141.0752015,UP,1.732,171.43,0.0101,,False,False,post_spike_chase_guard:258t<540t,False,False,,,,
BOOM900,2026-05-26T22:22:21.124052+00:00,1779834141.1240523,UP,2.899,255.85,0.01133,0.00021,True,False,post_spike_chase_guard:257t<540t,False,False,,,,
BOOM900,2026-05-26T22:22:21.147762+00:00,1779834141.1477618,UP,12.474,246.25,0.05066,0.0015,True,False,post_spike_chase_guard:477t<540t,False,False,,,,
BOOM900,2026-05-26T22:26:04.201036+00:00,1779834364.2010365,UP,8.981,123.95,0.07246,0.00086,True,False,post_spike_chase_guard:299t<540t,False,False,,,,
BOOM900,2026-05-26T22:51:02.222455+00:00,1779835862.2224545,UP,20.513,135.13,0.1518,0.0021,False,False,post_spike_chase_guard:245t<540t,False,False,,,,
BOOM900,2026-05-26T22:55:15.163684+00:00,1779836115.163684,UP,20.513,2182.23,0.0094,0.0021,False,False,post_spike_chase_guard:539t<540t,False,False,,,,
BOOM900,2026-05-26T23:01:10.148822+00:00,1779836470.1488216,UP,20.513,2169.5,0.00946,0.0021,False,False,trade_cooldown,False,False,,,,
BOOM900,2026-05-26T23:08:41.156421+00:00,1779836921.1564214,UP,7.433,119.82,0.06203,0.00069,False,False,post_spike_chase_guard:299t<540t,False,True,win,MULTUP,True,859957159
BOOM900,2026-05-26T23:15:49.172967+00:00,1779837349.1729667,UP,11.809,131.55,0.08977,0.00117,False,False,post_spike_chase_guard:299t<540t,False,True,win,MULTUP,True,859957159
BOOM900,2026-05-26T23:29:48.161218+00:00,1779838188.1612182,UP,12.457,130.77,0.09526,0.00124,False,False,post_spike_chase_guard:95t<540t,False,True,win,MULTUP,True,860670819
BOOM900,2026-05-26T23:31:24.185655+00:00,1779838284.185655,UP,12.213,129.94,0.09399,0.00171,True,False,post_spike_chase_guard:299t<540t,False,False,,,,
BOOM900,2026-05-26T23:49:15.173133+00:00,1779839355.1731327,UP,10.477,125.57,0.08343,0.00102,False,False,post_spike_chase_guard:299t<330t,False,True,win,MULTUP,True,861155799
BOOM900,2026-05-26T23:56:05.169398+00:00,1779839765.169398,UP,12.315,129.71,0.09494,0.00122,False,False,trade_cooldown,False,True,win,MULTUP,True,861585959
BOOM900,2026-05-26T23:56:29.165550+00:00,1779839789.16555,UP,8.323,16.94,0.49139,0.00183,True,False,post_spike_chase_guard:45t<330t,False,True,win,MULTUP,True,861585959
BOOM900,2026-05-26T23:57:15.201770+00:00,1779839835.20177,UP,1.645,83.72,0.01965,0.0013,True,False,trade_cooldown,False,True,win,MULTUP,True,861585959
BOOM900,2026-05-27T00:27:27.189709+00:00,1779841647.1897087,UP,9.249,124.74,0.07414,0.00089,False,False,trade_cooldown,False,False,,,,
BOOM900,2026-05-27T00:34:28.189475+00:00,1779842068.1894748,UP,11.17,126.92,0.08801,0.0011,False,False,post_spike_chase_guard:157t<254t,False,True,win,MULTUP,True,862517759
BOOM900,2026-05-27T00:37:06.188137+00:00,1779842226.1881373,UP,4.591,114.3,0.04017,0.00065,True,False,trade_cooldown,False,False,,,,
BOOM900,2026-05-27T00:45:54.202934+00:00,1779842754.2029338,UP,14.446,131.37,0.10997,0.00145,False,False,post_spike_chase_guard:123t<254t,False,True,win,MULTUP,True,862730079
BOOM900,2026-05-27T00:47:58.200659+00:00,1779842878.200659,UP,18.333,135.93,0.13487,0.0023,True,False,trade_cooldown,False,False,,,,
BOOM900,2026-05-27T01:13:25.174787+00:00,1779844405.1747868,UP,7.602,118.73,0.06403,0.00071,False,False,trade_cooldown,False,True,win,MULTUP,True,863422519
BOOM900,2026-05-27T01:28:34.180356+00:00,1779845314.180356,UP,0.773,44.91,0.01721,-2e-05,False,False,trade_cooldown,False,True,loss,MULTUP,True,863506659
BOOM900,2026-05-27T01:31:45.186575+00:00,1779845505.1865752,UP,0.439,32.76,0.0134,-4e-05,True,False,trade_cooldown,False,True,loss,MULTUP,True,863506659
BOOM900,2026-05-27T01:53:23.172491+00:00,1779846803.1724908,UP,21.665,135.62,0.15975,0.00221,False,False,trade_cooldown,False,True,win,MULTUP,True,864093519
BOOM900,2026-05-27T01:59:58.190107+00:00,1779847198.1901066,UP,17.007,132.42,0.12843,0.00171,True,False,trade_cooldown,False,True,win,MULTUP,True,864430779
BOOM900,2026-05-27T02:42:02.283715+00:00,1779849722.2837148,UP,19.189,135.87,0.14123,0.00194,False,False,post_spike_chase_guard:54t<180t,False,True,win,MULTUP,True,865347119
BOOM900,2026-05-27T02:42:57.168840+00:00,1779849777.1688404,UP,26.64,137.11,0.1943,0.0039,True,False,trade_cooldown,False,False,,,,
BOOM900,2026-05-27T02:48:30.941385+00:00,1779850110.941385,UP,19.189,1744.45,0.011,0.00194,False,False,trade_cooldown,False,True,loss,MULTUP,True,865572899
BOOM900,2026-05-27T02:48:31.012013+00:00,1779850111.0120132,UP,26.64,65.57,0.4063,0.0039,True,False,trade_cooldown,False,True,loss,MULTUP,True,865572899
BOOM900,2026-05-27T02:50:02.512160+00:00,1779850202.51216,UP,19.189,1763.25,0.01088,0.00194,False,False,trade_cooldown,False,True,loss,MULTUP,True,865572899
BOOM900,2026-05-27T02:50:02.616792+00:00,1779850202.616792,UP,26.64,97.15,0.27421,0.0039,True,False,trade_cooldown,False,True,loss,MULTUP,True,865572899
BOOM900,2026-05-27T03:00:55.169882+00:00,1779850855.1698816,UP,3.844,106.39,0.03613,0.00031,False,False,trade_cooldown,False,True,loss,MULTUP,True,865572899
BOOM900,2026-05-27T03:01:35.193244+00:00,1779850895.1932437,UP,0.553,40.64,0.01361,0.00024,True,False,post_spike_chase_guard:59t<487t,False,True,loss,MULTUP,True,865572899
BOOM900,2026-05-27T03:02:42.190979+00:00,1779850962.190979,UP,3.844,360.76,0.01066,0.00031,False,False,post_spike_chase_guard:68t<487t,False,True,loss,MULTUP,True,865572899
BOOM900,2026-05-27T03:02:42.223647+00:00,1779850962.223647,UP,0.553,6.21,0.08908,0.00024,True,False,post_spike_chase_guard:365t<487t,False,True,loss,MULTUP,True,865572899
BOOM900,2026-05-27T03:27:11.167529+00:00,1779852431.1675289,UP,17.476,132.1,0.1323,0.00174,False,False,trade_cooldown,False,True,win,MULTUP,True,866277919
BOOM900,2026-05-27T03:28:15.167590+00:00,1779852495.1675901,UP,16.674,132.75,0.1256,0.00264,True,False,post_spike_chase_guard:154t<540t,False,False,,,,
BOOM900,2026-05-27T03:30:50.203802+00:00,1779852650.203802,UP,10.105,126.47,0.0799,0.00135,True,False,post_spike_chase_guard:299t<540t,False,False,,,,
BOOM900,2026-05-27T03:50:32.212973+00:00,1779853832.2129726,UP,19.931,135.29,0.14732,0.00201,False,False,post_spike_chase_guard:299t<540t,False,False,,,,
BOOM900,2026-05-27T04:01:48.202135+00:00,1779854508.2021346,UP,11.826,130.05,0.09093,0.00115,False,False,post_spike_chase_guard:259t<540t,False,True,win,MULTUP,True,867602339
BOOM900,2026-05-27T04:06:08.210550+00:00,1779854768.2105498,UP,4.32,109.19,0.03957,0.00036,True,False,post_spike_chase_guard:299t<540t,False,False,,,,
BOOM900,2026-05-27T04:13:04.209207+00:00,1779855184.2092068,UP,2.575,96.18,0.02677,0.00018,False,False,post_spike_chase_guard:100t<540t,False,False,,,,
BOOM900,2026-05-27T04:14:45.177056+00:00,1779855285.1770556,UP,9.785,126.96,0.07707,0.00104,True,False,post_spike_chase_guard:98t<540t,False,False,,,,
BOOM900,2026-05-27T04:16:24.211016+00:00,1779855384.2110164,UP,7.16,118.07,0.06064,0.00104,True,False,post_spike_chase_guard:299t<540t,False,False,,,,
BOOM900,2026-05-27T04:39:44.212066+00:00,1779856784.2120664,UP,19.99,138.48,0.14435,0.00202,False,False,post_spike_chase_guard:300t<540t,False,False,,,,
BOOM900,2026-05-27T04:54:33.171931+00:00,1779857673.1719308,UP,5.194,111.57,0.04655,0.00045,False,False,post_spike_chase_guard:296t<540t,False,True,win,MULTUP,True,869141019
BOOM900,2026-05-27T04:59:30.207809+00:00,1779857970.2078094,UP,15.21,132.79,0.11454,0.00151,True,False,post_spike_chase_guard:299t<540t,False,True,win,MULTUP,True,869141019
BOOM900,2026-05-27T05:04:52.196558+00:00,1779858292.1965582,UP,12.24,127.34,0.09612,0.00119,True,False,post_spike_chase_guard:208t<540t,False,False,,,,
BOOM900,2026-05-27T05:08:21.158620+00:00,1779858501.1586196,UP,19.471,133.27,0.1461,0.00194,True,False,post_spike_chase_guard:299t<540t,False,False,,,,
BOOM900,2026-05-27T05:20:25.154049+00:00,1779859225.1540487,UP,9.268,125.5,0.07385,0.00088,False,False,post_spike_chase_guard:268t<540t,False,True,win,MULTUP,True,870033039
BOOM900,2026-05-27T05:24:54.200852+00:00,1779859494.200852,UP,3.532,98.24,0.03595,0.00027,True,False,post_spike_chase_guard:299t<540t,False,False,,,,
BOOM900,2026-05-27T05:36:08.200897+00:00,1779860168.2008965,UP,6.669,120.38,0.0554,0.00062,False,False,post_spike_chase_guard:299t<540t,False,False,,,,
BOOM900,2026-05-27T05:54:48.213641+00:00,1779861288.2136407,UP,0.245,16.51,0.01484,-7e-05,False,False,trade_cooldown,False,True,loss,MULTUP,True,870935039
BOOM900,2026-05-27T05:56:04.222558+00:00,1779861364.2225583,UP,7.071,117.89,0.05998,0.00066,True,False,post_spike_chase_guard:300t<540t,False,True,loss,MULTUP,True,870935039
BOOM900,2026-05-27T06:01:53.206390+00:00,1779861713.20639,UP,5.755,113.91,0.05052,0.00051,True,False,post_spike_chase_guard:293t<540t,False,True,loss,MULTUP,True,870935039
BOOM900,2026-05-27T06:28:46.192941+00:00,1779863326.1929407,UP,13.645,132.13,0.10327,0.00134,False,False,post_spike_chase_guard:299t<540t,False,True,win,MULTUP,True,872271419
BOOM900,2026-05-27T06:49:16.192241+00:00,1779864556.192241,UP,18.427,134.55,0.13695,0.00184,False,False,post_spike_chase_guard:299t<540t,False,True,win,MULTUP,True,872846839
BOOM900,2026-05-27T06:55:40.204948+00:00,1779864940.204948,UP,3.513,100.89,0.03482,0.00028,True,False,post_spike_chase_guard:220t<540t,False,False,,,,
BOOM900,2026-05-27T06:59:21.165674+00:00,1779865161.165674,UP,1.359,78.92,0.01722,5e-05,True,False,post_spike_chase_guard:299t<540t,False,False,,,,
BOOM900,2026-05-27T07:10:58.202768+00:00,1779865858.2027683,UP,28.761,138.19,0.20813,0.00292,False,False,post_spike_chase_guard:299t<540t,False,True,win,MULTUP,True,873989839
BOOM900,2026-05-27T07:33:15.155754+00:00,1779867195.155754,UP,3.613,101.9,0.03546,0.00029,False,False,post_spike_chase_guard:299t<540t,False,True,win,MULTUP,True,874838679
BOOM900,2026-05-27T07:38:35.181209+00:00,1779867515.1812088,UP,11.857,127.91,0.0927,0.00114,True,False,post_spike_chase_guard:299t<540t,False,True,win,MULTUP,True,874838679
BOOM900,2026-05-27T08:00:32.210174+00:00,1779868832.2101743,UP,6.213,119.39,0.05204,0.00055,False,False,post_spike_chase_guard:300t<540t,False,False,,,,
BOOM900,2026-05-27T08:49:54.224024+00:00,1779871794.2240243,UP,0.673,51.58,0.01305,-2e-05,False,False,trade_cooldown,False,True,win,MULTUP,True,878036359
BOOM900,2026-05-27T08:49:55.204494+00:00,1779871795.2044942,UP,11.307,118.28,0.09559,0.00117,True,False,post_spike_chase_guard:219t<540t,False,True,win,MULTUP,True,878036359
BOOM900,2026-05-27T08:53:35.200567+00:00,1779872015.2005668,UP,4.863,112.41,0.04326,0.00042,True,False,post_spike_chase_guard:13t<540t,False,False,,,,
BOOM900,2026-05-27T08:53:49.764696+00:00,1779872029.7646956,UP,12.22,46.43,0.2632,0.00163,True,False,post_spike_chase_guard:299t<540t,False,False,,,,
BOOM900,2026-05-27T09:15:32.204732+00:00,1779873332.2047317,UP,18.899,133.88,0.14117,0.00189,False,False,post_spike_chase_guard:103t<540t,False,True,win,MULTUP,True,878860979
BOOM900,2026-05-27T09:17:16.208468+00:00,1779873436.2084677,UP,5.976,111.82,0.05344,0.00123,True,False,post_spike_chase_guard:299t<540t,False,False,,,,
BOOM900,2026-05-27T10:06:48.236741+00:00,1779876408.236741,UP,8.522,125.3,0.06801,0.0008,False,False,post_spike_chase_guard:299t<540t,False,True,loss,MULTUP,True,881272979
BOOM900,2026-05-27T10:51:54.174562+00:00,1779879114.1745622,UP,7.451,121.91,0.06112,0.0007,False,False,post_spike_chase_guard:300t<540t,False,False,,,,
BOOM900,2026-05-27T11:13:49.746343+00:00,1779880429.7463434,UP,9.553,124.37,0.07681,0.00091,False,False,post_spike_chase_guard:299t<540t,False,True,loss,MULTUP,True,884555939
BOOM900,2026-05-27T11:35:12.227912+00:00,1779881712.227912,UP,5.272,115.07,0.04581,0.00046,False,False,post_spike_chase_guard:299t<540t,False,True,loss,MULTUP,True,885740039
BOOM900,2026-05-27T11:55:52.205450+00:00,1779882952.20545,UP,8.969,124.99,0.07176,0.00086,False,False,post_spike_chase_guard:300t<540t,False,True,win,MULTUP,True,886870719
BOOM900,2026-05-27T12:32:33.203512+00:00,1779885153.203512,UP,7.116,122.49,0.0581,0.00066,False,False,post_spike_chase_guard:300t<540t,False,False,,,,
BOOM900,2026-05-27T13:06:14.262312+00:00,1779887174.262312,UP,23.206,137.24,0.16909,0.00237,False,False,post_spike_chase_guard:300t<540t,False,False,,,,
BOOM900,2026-05-27T13:13:45.203053+00:00,1779887625.2030532,UP,10.256,128.77,0.07965,0.00099,False,False,post_spike_chase_guard:300t<540t,False,False,,,,
BOOM900,2026-05-27T13:30:35.187463+00:00,1779888635.1874628,UP,6.773,120.15,0.05637,0.00062,False,False,post_spike_chase_guard:299t<540t,False,True,loss,MULTUP,True,891629619
BOOM900,2026-05-27T13:41:28.432223+00:00,1779889288.432223,UP,6.773,646.96,0.01047,0.00062,False,False,spike_forced_dir: MULTUP (Hurst/trend bypassed); boom_crash_bc_escape_blocked_by_profile: BOOM900 no active FVG + block_bc_escape_env=True; geo_optimal: 0.043≤0.050 →+1.0,False,True,loss,MULTUP,True,891629619
BOOM900,2026-05-27T13:43:05.729935+00:00,1779889385.729935,UP,6.773,118.84,0.05699,0.00062,False,False,spike_forced_dir: MULTUP (Hurst/trend bypassed); dynamic_structural_relax_no_fvg: regime=SLOW penalty=0.60 score_after=5.79; score 5.79 < min 6.00,False,True,loss,MULTUP,True,891629619
BOOM900,2026-05-27T13:47:10.257066+00:00,1779889630.2570658,UP,3.709,104.94,0.03534,0.0003,True,False,post_spike_chase_guard:285t<540t,False,False,,,,
BOOM900,2026-05-27T13:52:03.489557+00:00,1779889923.4895573,UP,3.709,374.78,0.0099,0.0003,False,False,post_spike_chase_guard:342t<540t,False,False,,,,
BOOM900,2026-05-27T13:52:59.231896+00:00,1779889979.231896,UP,3.709,379.54,0.00977,0.0003,False,False,spike_forced_dir: MULTUP (Hurst/trend bypassed); boom_crash_bc_escape_blocked_by_profile: BOOM900 no active FVG + block_bc_escape_env=True; geo_optimal: -0.117≤0.000 →+1.0,False,False,,,,
CRASH1000,2026-05-26T14:17:01.216508+00:00,1779805021.2165077,DOWN,-5.674,126.01,0.04503,-0.00092,False,False,post_spike_chase_guard:299t<600t,False,True,win,MULTDOWN,True,835764239
CRASH1000,2026-05-26T14:25:34.814320+00:00,1779805534.8143198,DOWN,-5.674,1180.39,0.00481,-0.00092,False,False,trade_cooldown,False,False,,,,
CRASH1000,2026-05-26T14:28:41.419911+00:00,1779805721.419911,DOWN,-5.674,1130.12,0.00502,-0.00092,False,False,trade_cooldown,False,True,win,MULTDOWN,True,836380379
CRASH1000,2026-05-26T14:29:11.242295+00:00,1779805751.2422953,DOWN,-6.965,129.01,0.05399,-0.00114,True,False,post_spike_chase_guard:299t<600t,False,True,win,MULTDOWN,True,836380379
CRASH1000,2026-05-26T14:38:32.063176+00:00,1779806312.0631757,DOWN,-6.965,128.67,0.05413,-0.00114,False,False,post_spike_chase_guard:564t<600t,False,False,,,,
CRASH1000,2026-05-26T14:38:42.675153+00:00,1779806322.6751528,DOWN,-6.965,1111.03,0.00627,-0.00114,False,False,trade_cooldown,False,False,,,,
CRASH1000,2026-05-26T14:42:56.989672+00:00,1779806576.9896722,DOWN,-6.965,1130.94,0.00616,,False,False,trade_cooldown,False,True,loss,MULTDOWN,True,837063919
CRASH1000,2026-05-26T14:44:13.967463+00:00,1779806653.967463,DOWN,-6.965,1125.89,0.00619,,False,False,trade_cooldown,False,True,loss,MULTDOWN,True,837063919
CRASH1000,2026-05-26T14:55:12.232348+00:00,1779807312.2323477,DOWN,-4.959,126.88,0.03908,-0.00079,False,False,post_spike_chase_guard:290t<460t,False,True,loss,MULTDOWN,True,837063919
CRASH1000,2026-05-26T15:00:13.921104+00:00,1779807613.9211037,DOWN,-4.959,1081.29,0.00459,-0.00079,False,False,post_spike_chase_guard:389t<390t,False,True,loss,MULTDOWN,True,837063919
CRASH1000,2026-05-26T15:02:36.141509+00:00,1779807756.1415086,DOWN,-4.959,1048.19,0.00473,-0.00079,False,False,trade_cooldown,False,True,loss,MULTDOWN,True,837063919
CRASH1000,2026-05-26T15:21:27.192724+00:00,1779808887.192724,DOWN,-1.223,95.03,0.01287,-0.00014,False,False,post_spike_chase_guard:99t<346t,False,True,loss,MULTDOWN,True,837063919
CRASH1000,2026-05-26T15:23:16.054120+00:00,1779808996.0541198,DOWN,-1.223,248.72,0.00492,-0.00014,False,False,post_spike_chase_guard:230t<346t,False,True,loss,MULTDOWN,True,837063919
CRASH1000,2026-05-26T15:25:19.204802+00:00,1779809119.204802,DOWN,-1.448,95.13,0.01522,-0.00017,True,False,post_spike_chase_guard:299t<346t,False,True,loss,MULTDOWN,True,837063919
CRASH1000,2026-05-26T15:47:18.214791+00:00,1779810438.214791,DOWN,-6.283,124.63,0.05041,-0.00101,False,False,post_spike_chase_guard:296t<346t,False,True,loss,MULTDOWN,True,839724839
CRASH1000,2026-05-26T16:07:27.193413+00:00,1779811647.1934128,DOWN,-5.875,129.11,0.0455,-0.00095,False,False,post_spike_chase_guard:299t<346t,False,True,loss,MULTDOWN,True,839724839
CRASH1000,2026-05-26T16:24:21.245566+00:00,1779812661.245566,DOWN,-1.915,101.9,0.01879,-0.00025,False,False,post_spike_chase_guard:299t<346t,False,True,loss,MULTDOWN,True,839724839
CRASH1000,2026-05-26T16:31:46.242429+00:00,1779813106.2424288,DOWN,-0.419,48.29,0.00868,1e-05,False,False,post_spike_chase_guard:299t<346t,False,True,loss,MULTDOWN,True,839724839
CRASH1000,2026-05-26T16:57:49.221369+00:00,1779814669.2213688,DOWN,-1.168,89.32,0.01308,-0.00013,False,False,post_spike_chase_guard:89t<346t,False,True,win,MULTDOWN,True,842915599
CRASH1000,2026-05-26T16:59:19.458972+00:00,1779814759.4589722,DOWN,-2.697,115.15,0.02342,-0.00048,True,False,post_spike_chase_guard:106t<346t,False,True,win,MULTDOWN,True,842915599
CRASH1000,2026-05-26T17:01:06.266666+00:00,1779814866.2666664,DOWN,-6.418,129.29,0.04964,-0.00121,True,False,post_spike_chase_guard:299t<346t,False,True,win,MULTDOWN,True,842915599
CRASH1000,2026-05-26T17:35:18.254679+00:00,1779816918.2546787,DOWN,-7.537,131.01,0.05753,-0.00123,False,False,post_spike_chase_guard:300t<346t,False,True,loss,MULTDOWN,True,844057659
CRASH1000,2026-05-26T18:22:14.236403+00:00,1779819734.2364032,DOWN,-0.396,56.29,0.00703,1e-05,False,False,post_spike_chase_guard:275t<276t,False,True,loss,MULTDOWN,True,846556739
CRASH1000,2026-05-26T19:29:34.237661+00:00,1779823774.2376611,DOWN,-6.07,129.19,0.04699,-0.00097,False,False,post_spike_chase_guard:241t<242t,False,True,loss,MULTDOWN,True,849655719
CRASH1000,2026-05-26T19:58:17.221175+00:00,1779825497.2211747,DOWN,-6.5,128.86,0.05044,-0.00105,False,False,post_spike_chase_guard:159t<242t,False,True,win,MULTDOWN,True,852141419
CRASH1000,2026-05-26T20:01:06.128760+00:00,1779825666.1287596,DOWN,-6.5,1108.82,0.00586,-0.00105,False,False,post_spike_chase_guard:241t<242t,False,False,,,,
CRASH1000,2026-05-26T20:07:09.978241+00:00,1779826029.9782414,DOWN,-6.5,1124.7,0.00578,-0.00105,False,False,trade_cooldown,False,True,loss,MULTDOWN,True,853043139
CRASH1000,2026-05-26T21:18:21.158315+00:00,1779830301.1583154,DOWN,-5.308,125.76,0.04221,-0.00083,False,False,post_spike_chase_guard:47t<242t,False,True,win,MULTDOWN,True,855927819
CRASH1000,2026-05-26T21:19:09.159902+00:00,1779830349.159902,DOWN,-0.956,81.88,0.01168,-0.00065,True,False,post_spike_chase_guard:241t<242t,False,False,,,,
CRASH1000,2026-05-26T21:44:53.227613+00:00,1779831893.2276127,DOWN,-3.949,123.7,0.03192,-0.0006,False,False,trade_cooldown,False,True,loss,MULTDOWN,True,856509799
CRASH1000,2026-05-26T21:45:46.191573+00:00,1779831946.1915727,DOWN,-3.298,117.01,0.02819,-0.00089,True,False,post_spike_chase_guard:241t<242t,False,True,loss,MULTDOWN,True,856509799
CRASH500,2026-05-26T14:15:58.195074+00:00,1779804958.1950736,DOWN,-2.249,100.84,0.0223,-0.00055,True,False,post_spike_chase_guard:299t<300t,False,False,,,,
CRASH500,2026-05-26T14:25:34.477084+00:00,1779805534.4770844,DOWN,-1.341,235.69,0.00569,,False,False,spike_forced_dir: MULTDOWN (Hurst/trend bypassed); dynamic_structural_relax_no_fvg: regime=SLOW penalty=0.60 score_after=5.59; score 5.59 < min 5.80,False,True,loss,MULTDOWN,True,836237019
CRASH500,2026-05-26T14:25:34.514536+00:00,1779805534.5145357,DOWN,-2.249,395.28,0.00569,-0.00055,True,False,spike_forced_dir: MULTDOWN (Hurst/trend bypassed); boom_crash_bc_escape_blocked_by_profile: CRASH500 no active FVG + block_bc_escape_env=True; geo_optimal: -0.186≤0.000 →+1.0,False,True,loss,MULTDOWN,True,836237019
CRASH500,2026-05-26T14:28:41.231318+00:00,1779805721.2313182,DOWN,-2.249,399.64,0.00563,-0.00055,False,False,trade_cooldown,False,True,loss,MULTDOWN,True,836237019
CRASH500,2026-05-26T14:37:43.209557+00:00,1779806263.2095568,DOWN,-4.46,121.22,0.03679,-0.00128,False,False,post_spike_chase_guard:39t<300t,False,True,loss,MULTDOWN,True,836237019
CRASH500,2026-05-26T14:38:31.946661+00:00,1779806311.9466615,DOWN,-4.46,852.04,0.00523,-0.00128,False,False,post_spike_chase_guard:52t<300t,False,True,loss,MULTDOWN,True,836237019
CRASH500,2026-05-26T14:38:43.022500+00:00,1779806323.0225003,DOWN,-4.46,829.1,0.00538,-0.00128,False,False,post_spike_chase_guard:63t<300t,False,True,loss,MULTDOWN,True,836237019
CRASH500,2026-05-26T14:38:48.227098+00:00,1779806328.2270975,DOWN,-1.462,90.52,0.01615,-0.00107,True,False,post_spike_chase_guard:241t<300t,False,True,loss,MULTDOWN,True,836237019
CRASH500,2026-05-26T14:42:56.811932+00:00,1779806576.811932,DOWN,-4.46,861.12,0.00518,-0.00128,False,False,post_spike_chase_guard:250t<300t,False,True,loss,MULTDOWN,True,836237019
CRASH500,2026-05-26T14:42:56.823967+00:00,1779806576.8239672,DOWN,-1.462,39.63,0.03689,-0.00106,True,False,post_spike_chase_guard:299t<300t,False,True,loss,MULTDOWN,True,836237019
CRASH500,2026-05-26T14:44:13.588485+00:00,1779806653.5884855,DOWN,-4.46,123.51,0.03611,-0.00128,False,False,spike_forced_dir: MULTDOWN (Hurst/trend bypassed); dynamic_structural_relax_no_fvg: regime=SLOW penalty=0.60 score_after=5.63; score 5.63 < min 5.80,False,True,loss,MULTDOWN,True,836237019
CRASH500,2026-05-26T14:44:13.631355+00:00,1779806653.6313546,DOWN,-1.462,39.49,0.03702,-0.00106,True,False,trade_cooldown,False,True,loss,MULTDOWN,True,836237019
CRASH500,2026-05-26T14:57:44.254898+00:00,1779807464.2548976,DOWN,-1.735,99.71,0.0174,-0.0004,False,False,post_spike_chase_guard:138t<300t,False,False,,,,
CRASH500,2026-05-26T15:00:13.720706+00:00,1779807613.7207055,DOWN,-1.735,290.5,0.00597,-0.0004,False,False,post_spike_chase_guard:277t<300t,False,False,,,,
CRASH500,2026-05-26T15:02:36.182723+00:00,1779807756.1827226,DOWN,-1.735,282.35,0.00614,-0.0004,False,False,post_spike_chase_guard:299t<300t,False,False,,,,
CRASH500,2026-05-26T15:02:50.218872+00:00,1779807770.2188718,DOWN,-5.388,122.65,0.04393,-0.00156,True,False,post_spike_chase_guard:299t<300t,False,False,,,,
CRASH500,2026-05-26T15:10:25.224278+00:00,1779808225.2242785,DOWN,-2.911,116.57,0.02497,-0.00077,False,False,post_spike_chase_guard:299t<300t,False,False,,,,
CRASH500,2026-05-26T15:19:25.640318+00:00,1779808765.640318,DOWN,-2.911,511.63,0.00569,-0.00077,False,False,HURST_SPIKE_VETO: CRASH500 H=0.314 < strict_min=0.420,False,True,loss,MULTDOWN,True,839026299
CRASH500,2026-05-26T15:23:15.982053+00:00,1779808995.9820533,DOWN,-2.911,112.5,0.02588,-0.00077,False,False,trade_cooldown,False,True,loss,MULTDOWN,True,839026299
CRASH500,2026-05-26T15:50:23.202497+00:00,1779810623.2024972,DOWN,-4.943,121.89,0.04055,-0.0014,False,False,post_spike_chase_guard:72t<300t,False,False,,,,
CRASH500,2026-05-26T15:51:36.267117+00:00,1779810696.2671165,DOWN,-3.632,110.75,0.03279,-0.00174,True,False,post_spike_chase_guard:30t<300t,False,False,,,,
CRASH500,2026-05-26T15:52:07.219793+00:00,1779810727.2197933,DOWN,-4.528,51.03,0.08873,-0.00268,True,False,post_spike_chase_guard:299t<300t,False,False,,,,
CRASH500,2026-05-26T15:59:29.236844+00:00,1779811169.2368438,DOWN,-0.999,74.21,0.01346,-0.00015,False,False,post_spike_chase_guard:93t<300t,False,False,,,,
CRASH500,2026-05-26T16:01:03.250264+00:00,1779811263.2502637,DOWN,-1.639,91.09,0.01799,-0.00048,True,False,post_spike_chase_guard:178t<300t,False,False,,,,
CRASH500,2026-05-26T16:04:02.358842+00:00,1779811442.3588421,DOWN,-2.902,113.36,0.0256,-0.00085,True,False,post_spike_chase_guard:299t<300t,False,False,,,,
CRASH500,2026-05-26T16:13:21.240187+00:00,1779812001.2401872,DOWN,-3.617,117.57,0.03077,-0.001,False,False,post_spike_chase_guard:299t<300t,False,False,,,,
CRASH500,2026-05-26T16:33:06.266753+00:00,1779813186.2667532,DOWN,-5.13,124.04,0.04136,-0.00147,False,False,post_spike_chase_guard:163t<300t,False,True,win,MULTDOWN,True,841789419
CRASH500,2026-05-26T16:35:50.263961+00:00,1779813350.2639608,DOWN,-1.058,77.32,0.01368,-0.00049,True,False,post_spike_chase_guard:299t<300t,False,True,win,MULTDOWN,True,841789419
CRASH500,2026-05-26T16:41:24.246705+00:00,1779813684.2467046,DOWN,-3.676,115.17,0.03192,-0.00101,True,False,post_spike_chase_guard:249t<300t,False,True,win,MULTDOWN,True,841789419
CRASH500,2026-05-26T16:45:34.228688+00:00,1779813934.2286878,DOWN,-6.738,128.2,0.05256,-0.00201,True,False,post_spike_chase_guard:97t<300t,False,False,,,,
CRASH500,2026-05-26T16:47:12.237852+00:00,1779814032.2378519,DOWN,-0.147,21.21,0.00693,-0.00071,True,False,post_spike_chase_guard:299t<300t,False,False,,,,
CRASH500,2026-05-26T16:53:36.273383+00:00,1779814416.273383,DOWN,-0.92,68.03,0.01352,-0.00012,True,False,post_spike_chase_guard:299t<300t,False,False,,,,
CRASH500,2026-05-26T17:06:03.282135+00:00,1779815163.2821352,DOWN,-4.198,118.75,0.03535,-0.00117,False,False,post_spike_chase_guard:299t<300t,False,True,win,MULTDOWN,True,843731379
CRASH500,2026-05-26T17:11:26.283641+00:00,1779815486.2836409,DOWN,-4.157,120.05,0.03463,-0.00116,True,False,post_spike_chase_guard:66t<300t,False,False,,,,
CRASH500,2026-05-26T17:12:33.202637+00:00,1779815553.2026372,DOWN,-5.033,125.59,0.04008,-0.00214,True,False,post_spike_chase_guard:299t<300t,False,False,,,,
CRASH500,2026-05-26T17:17:42.479763+00:00,1779815862.4797633,DOWN,-4.198,638.73,0.00657,-0.00117,False,False,post_spike_chase_guard:3t<300t,False,False,,,,
CRASH500,2026-05-26T17:17:42.512433+00:00,1779815862.5124326,DOWN,-4.157,602.16,0.0069,-0.00116,True,False,post_spike_chase_guard:2t<300t,False,False,,,,
CRASH500,2026-05-26T17:17:42.528961+00:00,1779815862.5289612,DOWN,-5.033,143.6,0.03505,-0.00214,True,False,post_spike_chase_guard:1t<300t,False,False,,,,
CRASH500,2026-05-26T17:19:40.205898+00:00,1779815980.2058978,DOWN,-0.203,36.03,0.00563,9e-05,True,False,post_spike_chase_guard:299t<300t,False,False,,,,
CRASH500,2026-05-26T17:30:30.202353+00:00,1779816630.2023525,DOWN,-2.993,109.1,0.02743,-0.0008,False,False,post_spike_chase_guard:299t<300t,False,True,win,MULTDOWN,True,844984099
CRASH500,2026-05-26T17:38:58.227536+00:00,1779817138.2275364,DOWN,-5.818,126.78,0.04589,-0.00172,False,False,post_spike_chase_guard:299t<300t,False,True,win,MULTDOWN,True,845495339
CRASH500,2026-05-26T17:44:28.230425+00:00,1779817468.230425,DOWN,-2.921,117.13,0.02494,-0.00079,True,False,post_spike_chase_guard:299t<300t,False,False,,,,
CRASH500,2026-05-26T17:54:32.191620+00:00,1779818072.1916199,DOWN,-1.313,91.93,0.01428,-0.00027,False,False,post_spike_chase_guard:299t<300t,False,True,win,MULTDOWN,True,846157139
CRASH500,2026-05-26T18:02:35.206237+00:00,1779818555.2062368,DOWN,-4.008,117.72,0.03405,-0.00112,False,False,post_spike_chase_guard:173t<300t,False,True,win,MULTDOWN,True,846157139
CRASH500,2026-05-26T18:05:29.260155+00:00,1779818729.260155,DOWN,-2.878,115.98,0.02481,-0.00099,True,False,post_spike_chase_guard:299t<300t,False,False,,,,
CRASH500,2026-05-26T18:15:13.207674+00:00,1779819313.2076738,DOWN,-4.813,120.35,0.03999,-0.00138,False,False,post_spike_chase_guard:163t<300t,False,True,win,MULTDOWN,True,847204819
CRASH500,2026-05-26T18:17:57.230725+00:00,1779819477.230725,DOWN,-4.733,118.32,0.04,-0.00164,True,False,post_spike_chase_guard:299t<300t,False,False,,,,
CRASH500,2026-05-26T18:35:15.214446+00:00,1779820515.2144463,DOWN,-0.227,29.0,0.00783,9e-05,False,False,post_spike_chase_guard:299t<300t,False,True,loss,MULTDOWN,True,847800959
CRASH500,2026-05-26T19:00:18.261147+00:00,1779822018.2611475,DOWN,-7.156,130.86,0.05468,-0.00215,False,False,post_spike_chase_guard:147t<300t,False,True,win,MULTDOWN,True,849419899
CRASH500,2026-05-26T19:02:46.202623+00:00,1779822166.202623,DOWN,-2.948,114.63,0.02572,-0.0013,True,False,post_spike_chase_guard:124t<300t,False,False,,,,
CRASH500,2026-05-26T19:04:51.218935+00:00,1779822291.2189345,DOWN,-4.085,122.08,0.03346,-0.00143,True,False,post_spike_chase_guard:299t<300t,False,False,,,,
CRASH500,2026-05-26T19:11:50.260651+00:00,1779822710.260651,DOWN,-0.726,51.45,0.01411,-3e-05,False,False,post_spike_chase_guard:81t<300t,False,False,,,,
CRASH500,2026-05-26T19:13:12.220719+00:00,1779822792.2207193,DOWN,-7.263,130.16,0.0558,-0.00227,True,False,post_spike_chase_guard:105t<300t,False,False,,,,
CRASH500,2026-05-26T19:14:58.187697+00:00,1779822898.1876974,DOWN,-1.369,91.6,0.01494,-0.00112,True,False,post_spike_chase_guard:299t<300t,False,False,,,,
CRASH500,2026-05-26T19:23:09.199164+00:00,1779823389.1991637,DOWN,-0.73,72.25,0.0101,-8e-05,False,False,trade_cooldown,False,True,loss,MULTDOWN,True,850721979
CRASH500,2026-05-26T19:24:07.165325+00:00,1779823447.1653252,DOWN,-0.088,13.21,0.00666,-0.0,True,False,post_spike_chase_guard:299t<300t,False,True,loss,MULTDOWN,True,850721979
CRASH500,2026-05-26T19:42:08.182261+00:00,1779824528.1822612,DOWN,-4.78,120.33,0.03972,-0.00137,False,False,post_spike_chase_guard:299t<300t,False,True,win,MULTDOWN,True,851668479
CRASH500,2026-05-26T19:47:22.230205+00:00,1779824842.2302053,DOWN,-0.979,80.93,0.0121,-0.00015,True,False,post_spike_chase_guard:56t<300t,False,False,,,,
CRASH500,2026-05-26T19:48:19.204872+00:00,1779824899.204872,DOWN,-1.54,86.75,0.01775,-0.00051,True,False,post_spike_chase_guard:201t<300t,False,False,,,,
CRASH500,2026-05-26T19:51:41.175321+00:00,1779825101.1753209,DOWN,-4.826,125.0,0.03861,-0.0014,True,False,post_spike_chase_guard:56t<300t,False,False,,,,
CRASH500,2026-05-26T19:52:38.294748+00:00,1779825158.2947483,DOWN,-0.232,30.64,0.00757,-0.00079,True,False,post_spike_chase_guard:279t<300t,False,False,,,,
CRASH500,2026-05-26T19:58:17.199613+00:00,1779825497.1996126,DOWN,-6.221,128.0,0.0486,-0.00185,True,False,post_spike_chase_guard:159t<230t,False,False,,,,
CRASH500,2026-05-26T20:01:05.689973+00:00,1779825665.6899729,DOWN,-0.979,166.22,0.00589,,False,False,post_spike_chase_guard:173t<230t,False,False,,,,
CRASH500,2026-05-26T20:01:05.706618+00:00,1779825665.7066183,DOWN,-1.54,80.27,0.01919,-0.00051,True,False,post_spike_chase_guard:172t<230t,False,False,,,,
CRASH500,2026-05-26T20:01:05.728023+00:00,1779825665.7280228,DOWN,-4.826,798.82,0.00604,-0.0014,True,False,post_spike_chase_guard:171t<230t,False,False,,,,
CRASH500,2026-05-26T20:01:05.746433+00:00,1779825665.746433,DOWN,-0.232,3.18,0.07289,-0.00079,True,False,post_spike_chase_guard:170t<230t,False,False,,,,
CRASH500,2026-05-26T20:01:05.779283+00:00,1779825665.7792833,DOWN,-6.221,1022.73,0.00608,-0.00185,True,False,post_spike_chase_guard:229t<230t,False,False,,,,
CRASH500,2026-05-26T20:04:30.263064+00:00,1779825870.2630637,DOWN,-1.508,92.3,0.01634,-0.00033,True,False,post_spike_chase_guard:150t<230t,False,False,,,,
CRASH500,2026-05-26T20:07:10.190915+00:00,1779826030.1909146,DOWN,-4.826,787.14,0.00613,,False,False,post_spike_chase_guard:162t<230t,False,False,,,,
CRASH500,2026-05-26T20:07:10.225975+00:00,1779826030.2259746,DOWN,-6.221,1025.05,0.00607,-0.00185,True,False,post_spike_chase_guard:161t<230t,False,False,,,,
CRASH500,2026-05-26T20:07:10.252933+00:00,1779826030.2529325,DOWN,-1.508,233.36,0.00646,-0.00033,True,False,post_spike_chase_guard:229t<230t,False,False,,,,
CRASH500,2026-05-26T20:19:09.210528+00:00,1779826749.2105277,DOWN,-0.874,77.94,0.01121,-0.00011,False,False,post_spike_chase_guard:202t<230t,False,True,win,MULTDOWN,True,853343719
CRASH500,2026-05-26T20:22:39.887535+00:00,1779826959.887535,DOWN,-0.874,68.5,0.01276,-0.00011,False,False,post_spike_chase_guard:216t<230t,False,True,win,MULTDOWN,True,853343719
CRASH500,2026-05-26T20:22:47.206989+00:00,1779826967.206989,DOWN,-1.713,101.63,0.01686,-0.00039,True,False,post_spike_chase_guard:120t<230t,False,True,win,MULTDOWN,True,853343719
CRASH500,2026-05-26T20:24:48.251938+00:00,1779827088.2519383,DOWN,-4.59,122.21,0.03756,-0.0015,True,False,post_spike_chase_guard:229t<230t,False,True,win,MULTDOWN,True,853343719
CRASH500,2026-05-26T20:30:56.209020+00:00,1779827456.2090197,DOWN,-0.098,14.0,0.007,0.00014,True,False,trade_cooldown,False,False,,,,
CRASH500,2026-05-26T20:38:12.745945+00:00,1779827892.7459447,DOWN,-1.713,274.76,0.00623,,False,False,spike_forced_dir: MULTDOWN (Hurst/trend bypassed); boom_crash_bc_escape_blocked_by_profile: CRASH500 no active FVG + block_bc_escape_env=True,False,True,loss,MULTDOWN,True,854376319
CRASH500,2026-05-26T20:38:12.788737+00:00,1779827892.788737,DOWN,-4.59,874.57,0.00525,,True,False,spike_forced_dir: MULTDOWN (Hurst/trend bypassed); boom_crash_bc_escape_blocked_by_profile: CRASH500 no active FVG + block_bc_escape_env=True,False,True,loss,MULTDOWN,True,854376319
CRASH500,2026-05-26T20:38:12.828889+00:00,1779827892.8288894,DOWN,-0.098,17.7,0.00554,0.00014,True,False,trade_cooldown,False,True,loss,MULTDOWN,True,854376319
CRASH500,2026-05-26T21:04:54.179195+00:00,1779829494.1791952,DOWN,-2.427,105.68,0.02297,-0.00062,False,False,post_spike_chase_guard:52t<230t,False,False,,,,
CRASH500,2026-05-26T21:05:47.186974+00:00,1779829547.1869743,DOWN,-1.93,96.8,0.01994,-0.00092,True,False,post_spike_chase_guard:229t<230t,False,False,,,,
CRASH500,2026-05-26T21:11:37.190752+00:00,1779829897.1907518,DOWN,-4.157,116.05,0.03582,-0.00117,True,False,post_spike_chase_guard:229t<230t,False,False,,,,
CRASH500,2026-05-26T21:18:57.176699+00:00,1779830337.1766994,DOWN,-0.137,21.66,0.00632,0.00011,False,False,spike_forced_dir: MULTDOWN (Hurst/trend bypassed); boom_crash_bc_escape_blocked_by_profile: CRASH500 no active FVG + block_bc_escape_env=True,False,False,,,,
CRASH500,2026-05-26T21:22:59.184314+00:00,1779830579.184314,DOWN,-6.174,128.79,0.04794,-0.00184,True,False,post_spike_chase_guard:229t<230t,False,False,,,,
CRASH500,2026-05-26T21:30:51.172446+00:00,1779831051.172446,DOWN,-3.385,120.3,0.02814,-0.00094,False,False,post_spike_chase_guard:229t<230t,False,False,,,,
CRASH500,2026-05-26T22:00:25.194859+00:00,1779832825.194859,DOWN,-0.936,71.92,0.01301,-0.00014,False,False,post_spike_chase_guard:7t<230t,False,True,win,MULTDOWN,True,857723139
CRASH500,2026-05-26T22:00:33.205557+00:00,1779832833.205557,DOWN,-5.302,70.02,0.07572,-0.00183,True,False,post_spike_chase_guard:136t<230t,False,True,win,MULTDOWN,True,857723139
CRASH500,2026-05-26T22:02:50.209941+00:00,1779832970.2099407,DOWN,-0.412,52.13,0.0079,-0.00048,True,False,"AI_VETO: The mathematical score of 5.33 is below the required threshold of 5.5 for approval, despite the Hurst exponent being within an acceptable range and the regime not being 'volatile'. | adaptive:avg_pnl=-0.0925",False,False,,,,
CRASH500,2026-05-26T22:12:09.165272+00:00,1779833529.1652715,DOWN,-3.353,116.9,0.02868,-0.00091,False,False,post_spike_chase_guard:17t<230t,False,False,,,,
CRASH500,2026-05-26T22:12:34.059491+00:00,1779833554.0594912,DOWN,-0.936,167.35,0.00559,-0.00014,False,False,post_spike_chase_guard:28t<230t,False,False,,,,
CRASH500,2026-05-26T22:12:34.078738+00:00,1779833554.0787385,DOWN,-5.302,108.39,0.04892,-0.00183,True,False,post_spike_chase_guard:27t<230t,False,False,,,,
CRASH500,2026-05-26T22:12:34.100450+00:00,1779833554.1004496,DOWN,-0.412,70.53,0.00584,-0.00048,True,False,post_spike_chase_guard:26t<230t,False,False,,,,
CRASH500,2026-05-26T22:12:34.232147+00:00,1779833554.2321472,DOWN,-3.353,549.98,0.0061,-0.00091,True,False,post_spike_chase_guard:192t<230t,False,False,,,,
CRASH500,2026-05-26T22:15:23.169390+00:00,1779833723.1693897,DOWN,-5.142,120.74,0.04259,-0.00153,True,False,post_spike_chase_guard:229t<230t,False,False,,,,
CRASH500,2026-05-26T22:21:58.887837+00:00,1779834118.8878367,DOWN,-3.353,555.01,0.00604,-0.00091,False,False,spike_forced_dir: MULTDOWN (Hurst/trend bypassed); boom_crash_bc_escape_blocked_by_profile: CRASH500 no active FVG + block_bc_escape_env=True,False,False,,,,
CRASH500,2026-05-26T22:21:58.913376+00:00,1779834118.9133763,DOWN,-5.142,739.67,0.00695,-0.00152,True,False,spike_forced_dir: MULTDOWN (Hurst/trend bypassed); boom_crash_bc_escape_blocked_by_profile: CRASH500 no active FVG + block_bc_escape_env=True,False,False,,,,
CRASH500,2026-05-26T22:22:21.338524+00:00,1779834141.3385243,DOWN,-3.353,545.05,0.00615,-0.00091,False,False,spike_forced_dir: MULTDOWN (Hurst/trend bypassed); boom_crash_bc_escape_blocked_by_profile: CRASH500 no active FVG + block_bc_escape_env=True,False,False,,,,
CRASH500,2026-05-26T22:22:21.360494+00:00,1779834141.3604941,DOWN,-5.142,738.21,0.00697,-0.00152,True,False,trade_cooldown,False,False,,,,
CRASH500,2026-05-26T22:25:24.182514+00:00,1779834324.182514,DOWN,-1.287,84.98,0.01514,-0.00024,True,False,post_spike_chase_guard:229t<230t,False,True,win,MULTDOWN,True,858688659
CRASH500,2026-05-26T22:29:16.176409+00:00,1779834556.1764095,DOWN,-2.408,105.04,0.02292,-0.00061,True,False,post_spike_chase_guard:229t<230t,False,True,win,MULTDOWN,True,858688659
CRASH500,2026-05-26T22:40:22.154540+00:00,1779835222.1545403,DOWN,-2.456,104.19,0.02357,-0.00061,False,False,post_spike_chase_guard:240t<300t,False,True,win,MULTDOWN,True,859163919
CRASH500,2026-05-26T22:44:23.172779+00:00,1779835463.1727793,DOWN,-3.594,119.09,0.03018,-0.001,True,False,post_spike_chase_guard:298t<300t,False,False,,,,
CRASH500,2026-05-26T22:49:22.316451+00:00,1779835762.316451,DOWN,-2.631,116.27,0.02263,-0.0007,True,False,post_spike_chase_guard:299t<300t,False,False,,,,
CRASH500,2026-05-26T22:55:15.199254+00:00,1779836115.1992538,DOWN,-2.456,319.1,0.0077,,False,False,spike_forced_dir: MULTDOWN (Hurst/trend bypassed); boom_crash_bc_escape_blocked_by_profile: CRASH500 no active FVG + block_bc_escape_env=True,False,False,,,,
CRASH500,2026-05-26T22:55:15.227193+00:00,1779836115.227193,DOWN,-3.594,663.02,0.00542,-0.001,True,False,spike_forced_dir: MULTDOWN (Hurst/trend bypassed); boom_crash_bc_escape_blocked_by_profile: CRASH500 no active FVG + block_bc_escape_env=True,False,False,,,,
CRASH500,2026-05-26T22:55:15.260072+00:00,1779836115.2600718,DOWN,-2.631,430.58,0.00611,-0.0007,True,False,trade_cooldown,False,False,,,,
CRASH500,2026-05-26T23:01:09.957646+00:00,1779836469.9576464,DOWN,-2.631,449.88,0.00585,-0.0007,False,False,trade_cooldown,False,True,win,MULTDOWN,True,859833739
CRASH500,2026-05-26T23:01:22.200228+00:00,1779836482.2002285,DOWN,-4.379,121.64,0.036,-0.00125,True,False,post_spike_chase_guard:299t<300t,False,True,win,MULTDOWN,True,859833739
CRASH500,2026-05-26T23:23:08.185231+00:00,1779837788.1852307,DOWN,-2.784,109.07,0.02552,-0.00073,False,False,post_spike_chase_guard:13t<300t,False,True,win,MULTDOWN,True,860298599
CRASH500,2026-05-26T23:23:22.169902+00:00,1779837802.1699023,DOWN,-1.806,15.88,0.11375,-0.0012,True,False,post_spike_chase_guard:193t<300t,False,True,win,MULTDOWN,True,860298599
CRASH500,2026-05-26T23:26:36.191506+00:00,1779837996.1915064,DOWN,-2.564,106.01,0.02419,-0.00068,True,False,post_spike_chase_guard:299t<300t,False,False,,,,
CRASH500,2026-05-26T23:35:01.159678+00:00,1779838501.1596777,DOWN,-1.68,96.36,0.01743,-0.00037,False,False,post_spike_chase_guard:299t<300t,False,True,loss,MULTDOWN,True,860950119
CRASH500,2026-05-26T23:52:42.196505+00:00,1779839562.1965053,DOWN,-1.442,90.99,0.01585,-0.0003,False,False,post_spike_chase_guard:27t<300t,False,True,win,MULTDOWN,True,861218639
CRASH500,2026-05-26T23:53:10.338238+00:00,1779839590.3382378,DOWN,-4.238,49.61,0.08543,-0.00155,True,False,post_spike_chase_guard:299t<300t,False,True,win,MULTDOWN,True,861218639
CRASH500,2026-05-27T00:21:21.175134+00:00,1779841281.1751344,DOWN,-1.964,100.52,0.01954,-0.00046,False,False,post_spike_chase_guard:299t<300t,False,False,,,,
CRASH500,2026-05-27T00:38:14.184314+00:00,1779842294.184314,DOWN,-1.264,87.32,0.01448,-0.00024,False,False,trade_cooldown,False,True,loss,MULTDOWN,True,862452839
CRASH500,2026-05-27T00:39:02.192645+00:00,1779842342.1926453,DOWN,-4.373,122.39,0.03573,-0.00149,True,False,post_spike_chase_guard:283t<300t,False,False,,,,
CRASH500,2026-05-27T00:43:46.195861+00:00,1779842626.1958606,DOWN,-1.287,82.98,0.01551,-0.00026,True,False,post_spike_chase_guard:299t<300t,False,False,,,,
CRASH500,2026-05-27T00:49:41.183329+00:00,1779842981.1833286,DOWN,-2.183,104.57,0.02088,-0.00055,True,False,post_spike_chase_guard:299t<300t,False,False,,,,
CRASH500,2026-05-27T00:56:04.193381+00:00,1779843364.1933806,DOWN,-1.763,96.43,0.01828,-0.0004,True,False,post_spike_chase_guard:299t<300t,False,False,,,,
CRASH500,2026-05-27T01:04:38.203042+00:00,1779843878.2030423,DOWN,-4.478,120.82,0.03706,-0.00127,False,False,post_spike_chase_guard:299t<300t,False,False,,,,
CRASH500,2026-05-27T01:14:39.178556+00:00,1779844479.1785564,DOWN,-0.797,78.4,0.01017,-0.00011,False,False,post_spike_chase_guard:168t<300t,False,True,loss,MULTDOWN,True,863419099
CRASH500,2026-05-27T01:17:28.185886+00:00,1779844648.1858857,DOWN,-1.337,85.52,0.01563,-0.00031,True,False,post_spike_chase_guard:129t<300t,False,False,,,,
CRASH500,2026-05-27T01:19:38.187177+00:00,1779844778.187177,DOWN,-7.345,128.19,0.0573,-0.0023,True,False,post_spike_chase_guard:299t<300t,False,False,,,,
CRASH500,2026-05-27T01:37:40.215794+00:00,1779845860.2157936,DOWN,-2.407,111.79,0.02153,-0.00062,False,False,post_spike_chase_guard:299t<300t,False,True,loss,MULTDOWN,True,863766739
CRASH500,2026-05-27T01:44:37.164916+00:00,1779846277.1649163,DOWN,-3.154,111.16,0.02837,-0.00085,False,False,post_spike_chase_guard:55t<300t,False,False,,,,
CRASH500,2026-05-27T01:45:33.165077+00:00,1779846333.1650774,DOWN,-2.713,109.55,0.02477,-0.00129,True,False,post_spike_chase_guard:237t<300t,False,False,,,,
CRASH500,2026-05-27T01:49:39.607942+00:00,1779846579.6079416,DOWN,-2.407,429.29,0.00561,-0.00062,False,False,post_spike_chase_guard:249t<300t,False,False,,,,
CRASH500,2026-05-27T01:49:39.637132+00:00,1779846579.637132,DOWN,-3.154,494.41,0.00638,-0.00085,True,False,post_spike_chase_guard:248t<300t,False,False,,,,
CRASH500,2026-05-27T01:49:39.658123+00:00,1779846579.6581233,DOWN,-2.713,54.79,0.04952,-0.00129,True,False,post_spike_chase_guard:299t<300t,False,False,,,,
CRASH500,2026-05-27T01:52:28.746627+00:00,1779846748.7466266,DOWN,-2.407,434.1,0.00554,,False,False,spike_forced_dir: MULTDOWN (Hurst/trend bypassed); boom_crash_bc_escape_blocked_by_profile: CRASH500 no active FVG + block_bc_escape_env=True,False,False,,,,
CRASH500,2026-05-27T01:52:28.833087+00:00,1779846748.8330867,DOWN,-3.154,499.27,0.00632,-0.00085,True,False,"AI_VETO: The trade signal meets the approval criteria with a score of 5.96 (above 5.5), a Hurst exponent of 0.5076 (above 0.43), and a 'compressing' volatility regime which is not 'volatile'. | tail_veto:n=5 wr=0.0% avg=-0.2740 | adaptive:avg_pnl=-0.1015 [cached]",False,False,,,,
CRASH500,2026-05-27T01:52:28.878424+00:00,1779846748.8784237,DOWN,-2.713,54.93,0.04939,-0.00129,True,False,trade_cooldown,False,False,,,,
CRASH500,2026-05-27T01:55:52.191551+00:00,1779846952.1915507,DOWN,-2.713,113.11,0.02399,-0.00071,True,False,post_spike_chase_guard:223t<300t,False,True,win,MULTDOWN,True,864370279
CRASH500,2026-05-27T01:59:36.186684+00:00,1779847176.1866837,DOWN,-5.524,124.26,0.04446,-0.00161,True,False,post_spike_chase_guard:299t<300t,False,False,,,,
CRASH500,2026-05-27T02:08:22.189610+00:00,1779847702.1896105,DOWN,-5.648,123.1,0.04588,-0.00164,False,False,post_spike_chase_guard:299t<300t,False,True,win,MULTDOWN,True,864675839
CRASH500,2026-05-27T02:27:40.195388+00:00,1779848860.1953883,DOWN,-3.132,110.85,0.02826,-0.00085,False,False,post_spike_chase_guard:199t<300t,False,True,win,MULTDOWN,True,865039859
CRASH500,2026-05-27T02:31:00.206218+00:00,1779849060.206218,DOWN,-7.24,129.4,0.05595,-0.00216,True,False,post_spike_chase_guard:8t<300t,False,False,,,,
CRASH500,2026-05-27T02:31:09.175793+00:00,1779849069.1757927,DOWN,-1.85,6.89,0.26834,-0.00256,True,False,post_spike_chase_guard:230t<300t,False,False,,,,
CRASH500,2026-05-27T02:35:00.185556+00:00,1779849300.185556,DOWN,-1.126,87.54,0.01286,-0.00021,True,False,post_spike_chase_guard:17t<300t,False,False,,,,
CRASH500,2026-05-27T02:35:18.190460+00:00,1779849318.19046,DOWN,-0.639,13.14,0.04861,-0.00035,True,False,post_spike_chase_guard:299t<300t,False,False,,,,
CRASH500,2026-05-27T02:48:31.115953+00:00,1779850111.1159532,DOWN,-1.126,206.93,0.00544,,False,False,post_spike_chase_guard:2t<230t,False,True,win,MULTDOWN,True,865499599
CRASH500,2026-05-27T02:48:31.134548+00:00,1779850111.1345484,DOWN,-0.639,48.79,0.0131,-0.00035,True,False,post_spike_chase_guard:1t<230t,False,True,win,MULTDOWN,True,865499599
CRASH500,2026-05-27T02:48:35.175293+00:00,1779850115.1752927,DOWN,-3.135,107.16,0.02926,-0.00083,True,False,post_spike_chase_guard:78t<230t,False,True,win,MULTDOWN,True,865499599
CRASH500,2026-05-27T02:50:02.016337+00:00,1779850202.0163367,DOWN,-1.126,198.14,0.00568,,False,False,post_spike_chase_guard:89t<230t,False,True,win,MULTDOWN,True,865499599
CRASH500,2026-05-27T02:50:02.122719+00:00,1779850202.1227193,DOWN,-0.639,30.53,0.02093,,True,False,post_spike_chase_guard:88t<230t,False,True,win,MULTDOWN,True,865499599
CRASH500,2026-05-27T02:50:02.331659+00:00,1779850202.3316588,DOWN,-3.135,545.05,0.00575,-0.00084,True,False,post_spike_chase_guard:129t<230t,False,True,win,MULTDOWN,True,865499599
CRASH500,2026-05-27T02:50:47.178547+00:00,1779850247.1785474,DOWN,-2.64,111.86,0.0236,-0.00097,True,False,post_spike_chase_guard:229t<230t,False,False,,,,
CRASH500,2026-05-27T03:00:12.175134+00:00,1779850812.175134,DOWN,-3.527,114.0,0.03094,-0.00097,False,False,trade_cooldown,False,True,win,MULTDOWN,True,865881699
CRASH500,2026-05-27T03:00:31.143800+00:00,1779850831.1437995,DOWN,-3.135,550.33,0.0057,-0.00084,False,False,post_spike_chase_guard:21t<230t,False,True,win,MULTDOWN,True,865881699
CRASH500,2026-05-27T03:00:31.169691+00:00,1779850831.1696906,DOWN,-2.64,473.18,0.00558,-0.00096,True,False,post_spike_chase_guard:20t<230t,False,True,win,MULTDOWN,True,865881699
CRASH500,2026-05-27T03:00:31.207280+00:00,1779850831.20728,DOWN,-3.527,636.88,0.00554,-0.00097,True,False,post_spike_chase_guard:141t<230t,False,True,win,MULTDOWN,True,865881699
CRASH500,2026-05-27T03:02:42.262663+00:00,1779850962.262663,DOWN,-3.135,545.05,0.00575,,False,False,post_spike_chase_guard:152t<230t,False,False,,,,
CRASH500,2026-05-27T03:02:42.302438+00:00,1779850962.3024375,DOWN,-2.64,470.27,0.00561,-0.00096,True,False,post_spike_chase_guard:151t<230t,False,False,,,,
CRASH500,2026-05-27T03:02:42.342362+00:00,1779850962.342362,DOWN,-3.527,635.3,0.00555,-0.00097,True,False,post_spike_chase_guard:229t<230t,False,False,,,,
CRASH500,2026-05-27T03:05:11.207488+00:00,1779851111.2074883,DOWN,-1.097,79.26,0.01384,-0.00018,True,False,post_spike_chase_guard:229t<230t,False,False,,,,
CRASH500,2026-05-27T03:10:38.182313+00:00,1779851438.1823127,DOWN,-5.854,124.1,0.04717,-0.00172,True,False,post_spike_chase_guard:118t<230t,False,False,,,,
CRASH500,2026-05-27T03:12:37.175800+00:00,1779851557.1757996,DOWN,-0.951,74.3,0.0128,-0.00072,True,False,post_spike_chase_guard:179t<180t,False,False,,,,
CRASH500,2026-05-27T03:33:37.200864+00:00,1779852817.2008638,DOWN,-4.118,118.52,0.03474,-0.00116,False,False,trade_cooldown,False,True,loss,MULTDOWN,True,866509419
CRASH500,2026-05-27T03:38:16.187038+00:00,1779853096.1870384,DOWN,-3.523,116.13,0.03034,-0.00097,True,False,trade_cooldown,False,True,win,MULTDOWN,True,866921779
CRASH500,2026-05-27T03:45:54.197266+00:00,1779853554.1972659,DOWN,-0.131,17.44,0.00751,0.00012,False,False,post_spike_chase_guard:48t<180t,False,True,win,MULTDOWN,True,867067359
CRASH500,2026-05-27T03:46:43.174851+00:00,1779853603.1748514,DOWN,-8.307,130.44,0.06368,-0.00253,True,False,trade_cooldown,False,True,win,MULTDOWN,True,867067359
CRASH500,2026-05-27T04:05:35.225408+00:00,1779854735.225408,DOWN,-0.543,51.97,0.01045,-1e-05,False,False,spike_forced_dir: MULTDOWN (Hurst/trend bypassed); boom_crash_bc_escape_blocked_by_profile: CRASH500 no active FVG + block_bc_escape_env=True,False,False,,,,
CRASH500,2026-05-27T04:12:15.171299+00:00,1779855135.1712985,DOWN,-2.435,104.68,0.02326,-0.0006,True,False,post_spike_chase_guard:118t<180t,False,False,,,,
CRASH500,2026-05-27T04:14:14.218498+00:00,1779855254.218498,DOWN,-0.562,55.82,0.01007,-0.00025,True,False,post_spike_chase_guard:179t<180t,False,False,,,,
CRASH500,2026-05-27T04:19:01.186146+00:00,1779855541.1861458,DOWN,-2.872,111.77,0.0257,-0.00076,True,False,post_spike_chase_guard:142t<180t,False,False,,,,
CRASH500,2026-05-27T04:21:24.187608+00:00,1779855684.1876082,DOWN,-5.586,123.19,0.04534,-0.00185,True,False,trade_cooldown,False,False,,,,
CRASH500,2026-05-27T04:27:28.203406+00:00,1779856048.2034059,DOWN,-0.854,73.36,0.01164,-0.00011,True,False,post_spike_chase_guard:46t<180t,False,True,loss,MULTDOWN,True,868393359
CRASH500,2026-05-27T04:28:15.185390+00:00,1779856095.1853902,DOWN,-0.846,69.42,0.01219,-0.00028,True,False,post_spike_chase_guard:51t<180t,False,True,loss,MULTDOWN,True,868393359
CRASH500,2026-05-27T04:29:07.168399+00:00,1779856147.1683989,DOWN,-1.19,74.7,0.01593,-0.00047,True,False,post_spike_chase_guard:53t<180t,False,False,,,,
CRASH500,2026-05-27T04:30:01.224126+00:00,1779856201.224126,DOWN,-2.125,97.82,0.02172,-0.00088,True,False,trade_cooldown,False,False,,,,
CRASH500,2026-05-27T04:39:02.275611+00:00,1779856742.275611,DOWN,-3.249,114.07,0.02848,-0.00089,False,False,HURST_SPIKE_VETO: CRASH500 H=0.361 < strict_min=0.420,False,True,win,MULTDOWN,True,868673539
CRASH500,2026-05-27T04:51:11.165207+00:00,1779857471.1652074,DOWN,-2.278,108.26,0.02104,-0.00056,False,False,trade_cooldown,False,True,win,MULTDOWN,True,869091139
CRASH500,2026-05-27T05:01:59.176247+00:00,1779858119.1762471,DOWN,-3.71,122.04,0.0304,-0.00105,False,False,trade_cooldown,False,True,win,MULTDOWN,True,869318199
CRASH500,2026-05-27T05:12:35.181597+00:00,1779858755.1815972,DOWN,-0.494,54.31,0.0091,1e-05,False,False,spike_forced_dir: MULTDOWN (Hurst/trend bypassed); dynamic_structural_relax_no_fvg: regime=NORMAL penalty=0.60 score_after=5.76; score 5.76 < min 5.80,False,True,loss,MULTDOWN,True,869639179
CRASH500,2026-05-27T05:19:32.187862+00:00,1779859172.1878617,DOWN,-4.282,122.01,0.0351,-0.00122,False,False,trade_cooldown,False,False,,,,
CRASH500,2026-05-27T05:24:36.189931+00:00,1779859476.1899312,DOWN,-0.338,38.23,0.00884,6e-05,True,False,spike_forced_dir: MULTDOWN (Hurst/trend bypassed); boom_crash_bc_escape_blocked_by_profile: CRASH500 no active FVG + block_bc_escape_env=True,False,True,loss,MULTDOWN,True,870194859
CRASH500,2026-05-27T05:36:45.173327+00:00,1779860205.1733274,DOWN,-4.556,119.92,0.03799,-0.0013,False,False,post_spike_chase_guard:171t<180t,False,True,win,MULTDOWN,True,870509899
CRASH500,2026-05-27T05:39:37.295876+00:00,1779860377.2958758,DOWN,-1.361,83.66,0.01627,-0.00054,True,False,post_spike_chase_guard:179t<180t,False,False,,,,
CRASH500,2026-05-27T05:55:41.167174+00:00,1779861341.1671743,DOWN,-2.973,112.41,0.02645,-0.00079,False,False,trade_cooldown,False,True,loss,MULTDOWN,True,871005599
CRASH500,2026-05-27T06:11:30.169222+00:00,1779862290.1692219,DOWN,-3.885,117.83,0.03297,-0.00107,False,False,trade_cooldown,False,True,win,MULTDOWN,True,871751659
CRASH500,2026-05-27T06:12:10.173586+00:00,1779862330.1735857,DOWN,-1.482,90.18,0.01643,-0.00114,True,False,"AI_VETO: The mathematical score of 5.36 is below the effective minimum score of 5.8 and the approval threshold of 5.5, despite the trending regime and favorable Hurst exponent for a spike market. | adaptive:baseline",False,True,win,MULTDOWN,True,871751659
CRASH500,2026-05-27T06:15:14.162895+00:00,1779862514.162895,DOWN,-1.014,74.0,0.0137,-0.00023,True,False,post_spike_chase_guard:179t<180t,False,False,,,,
CRASH500,2026-05-27T06:23:03.180584+00:00,1779862983.180584,DOWN,-5.709,124.24,0.04595,-0.00167,False,False,post_spike_chase_guard:156t<180t,False,False,,,,
CRASH500,2026-05-27T06:25:40.168838+00:00,1779863140.1688375,DOWN,-0.744,70.14,0.01061,-0.00047,True,False,post_spike_chase_guard:179t<180t,False,False,,,,
CRASH500,2026-05-27T06:36:33.195643+00:00,1779863793.1956432,DOWN,-2.809,107.78,0.02606,-0.00074,False,False,trade_cooldown,False,False,,,,
CRASH500,2026-05-27T06:51:45.171520+00:00,1779864705.1715198,DOWN,-2.522,110.38,0.02285,-0.00065,False,False,trade_cooldown,False,False,,,,
CRASH500,2026-05-27T07:00:58.232260+00:00,1779865258.2322595,DOWN,-0.158,19.46,0.00812,0.00012,False,False,post_spike_chase_guard:78t<180t,False,True,loss,MULTDOWN,True,873450739
CRASH500,2026-05-27T07:02:17.206203+00:00,1779865337.2062032,DOWN,-3.078,110.12,0.02795,-0.00084,True,False,trade_cooldown,False,False,,,,
CRASH500,2026-05-27T07:06:43.192168+00:00,1779865603.1921685,DOWN,-0.376,43.06,0.00873,4e-05,True,False,"AI_VETO: The Hurst exponent of 0.4247 is below the required threshold of 0.43 for approval, despite the score meeting the minimum. | adaptive:avg_pnl=-0.0305, accel_relax=-0.05 [cached]",False,True,loss,MULTDOWN,True,873856739
CRASH500,2026-05-27T07:14:03.168453+00:00,1779866043.1684532,DOWN,-1.47,97.11,0.01514,-0.00032,False,False,trade_cooldown,False,False,,,,
CRASH500,2026-05-27T07:20:05.172946+00:00,1779866405.1729465,DOWN,-5.538,122.9,0.04506,-0.0016,True,False,trade_cooldown,False,True,win,MULTDOWN,True,874294339
CRASH500,2026-05-27T07:42:37.194106+00:00,1779867757.1941063,DOWN,-4.577,123.52,0.03706,-0.00132,False,False,trade_cooldown,False,True,win,MULTDOWN,True,874929439
CRASH500,2026-05-27T07:48:22.196422+00:00,1779868102.1964216,DOWN,-4.585,122.53,0.03742,-0.00131,True,False,trade_cooldown,False,True,win,MULTDOWN,True,875446279
CRASH500,2026-05-27T07:52:50.215761+00:00,1779868370.215761,DOWN,-1.547,93.93,0.01647,-0.00034,True,False,trade_cooldown,False,True,loss,MULTDOWN,True,875677839
CRASH500,2026-05-27T08:11:11.187963+00:00,1779869471.1879628,DOWN,-2.913,109.57,0.02659,-0.00076,False,False,trade_cooldown,False,True,win,MULTDOWN,True,876374299
CRASH500,2026-05-27T08:15:33.182187+00:00,1779869733.1821866,DOWN,-0.823,62.41,0.01319,-0.0001,True,False,"AI_VETO: The mathematical score of 5.44 is below the approval threshold of 5.5, despite the Hurst exponent and regime being acceptable for a spike market. | adaptive:avg_pnl=-0.1020, accel_relax=-0.05 [cached]",False,True,loss,MULTDOWN,True,876642199
CRASH500,2026-05-27T08:31:53.184612+00:00,1779870713.1846116,DOWN,-3.013,109.71,0.02746,-0.00079,False,False,trade_cooldown,False,True,loss,MULTDOWN,True,877034619
CRASH500,2026-05-27T08:36:51.189628+00:00,1779871011.1896284,DOWN,-2.756,108.03,0.02551,-0.00071,True,False,trade_cooldown,False,True,win,MULTDOWN,True,877570599
CRASH500,2026-05-27T08:57:23.181188+00:00,1779872243.1811879,DOWN,-2.312,104.66,0.02209,-0.00058,False,False,trade_cooldown,False,True,loss,MULTDOWN,True,878163079
CRASH500,2026-05-27T09:09:01.174307+00:00,1779872941.1743069,DOWN,-4.153,122.2,0.03399,-0.00117,False,False,trade_cooldown,False,True,win,MULTDOWN,True,878740039
CRASH500,2026-05-27T09:12:53.174390+00:00,1779873173.1743898,DOWN,-0.112,17.77,0.0063,0.00013,True,False,trade_cooldown,False,True,win,MULTDOWN,True,879306239
CRASH500,2026-05-27T09:17:13.190086+00:00,1779873433.1900861,DOWN,-6.53,126.64,0.05157,-0.00193,True,False,trade_cooldown,False,True,win,MULTDOWN,True,879306239
CRASH500,2026-05-27T09:21:12.225214+00:00,1779873672.2252145,DOWN,-0.561,58.56,0.00958,-2e-05,True,False,spike_forced_dir: MULTDOWN (Hurst/trend bypassed); boom_crash_bc_escape_blocked_by_profile: CRASH500 no active FVG + block_bc_escape_env=True,False,True,loss,MULTDOWN,True,879707759
CRASH500,2026-05-27T09:39:22.198813+00:00,1779874762.1988132,DOWN,-4.441,119.51,0.03716,-0.00125,False,False,trade_cooldown,False,True,win,MULTDOWN,True,880135359
CRASH500,2026-05-27T09:49:25.176979+00:00,1779875365.1769786,DOWN,-4.081,119.18,0.03424,-0.00114,False,False,trade_cooldown,False,True,win,MULTDOWN,True,880769379
CRASH500,2026-05-27T10:15:12.223208+00:00,1779876912.2232084,DOWN,-5.809,125.57,0.04626,-0.0017,False,False,trade_cooldown,False,True,win,MULTDOWN,True,881781739
CRASH500,2026-05-27T10:27:03.270150+00:00,1779877623.2701497,DOWN,-4.215,117.2,0.03597,-0.00117,False,False,post_spike_chase_guard:186t<230t,False,True,win,MULTDOWN,True,882480999
CRASH500,2026-05-27T10:30:10.209951+00:00,1779877810.2099512,DOWN,-2.844,109.76,0.02591,-0.00088,True,False,post_spike_chase_guard:202t<230t,False,False,,,,
CRASH500,2026-05-27T10:33:33.194839+00:00,1779878013.1948395,DOWN,-3.285,115.84,0.02836,-0.00089,True,False,post_spike_chase_guard:229t<230t,False,False,,,,
CRASH500,2026-05-27T10:46:27.166361+00:00,1779878787.1663613,DOWN,-7.672,131.79,0.05821,-0.00232,False,False,post_spike_chase_guard:299t<300t,False,True,win,MULTDOWN,True,883747859
CRASH500,2026-05-27T11:07:37.190256+00:00,1779880057.1902564,DOWN,-0.735,62.62,0.01174,-6e-05,False,False,post_spike_chase_guard:299t<300t,False,True,loss,MULTDOWN,True,884645899
CRASH500,2026-05-27T11:20:38.182345+00:00,1779880838.1823447,DOWN,-2.87,109.28,0.02626,-0.00075,False,False,post_spike_chase_guard:140t<300t,False,True,win,MULTDOWN,True,885213559
CRASH500,2026-05-27T11:22:59.181169+00:00,1779880979.181169,DOWN,-3.907,118.62,0.03294,-0.00131,True,False,post_spike_chase_guard:272t<300t,False,False,,,,
CRASH500,2026-05-27T11:40:32.229526+00:00,1779882032.2295263,DOWN,-1.468,90.93,0.01614,-0.0003,False,False,post_spike_chase_guard:299t<300t,False,True,loss,MULTDOWN,True,885847899
CRASH500,2026-05-27T12:03:14.183358+00:00,1779883394.1833577,DOWN,-8.632,128.98,0.06692,-0.00258,False,False,post_spike_chase_guard:299t<300t,False,False,,,,
CRASH500,2026-05-27T12:09:06.273310+00:00,1779883746.2733097,DOWN,-4.381,122.09,0.03588,-0.00124,True,False,post_spike_chase_guard:35t<300t,False,False,,,,
CRASH500,2026-05-27T12:09:42.186015+00:00,1779883782.1860147,DOWN,-2.245,107.93,0.0208,-0.00154,True,False,post_spike_chase_guard:22t<300t,False,False,,,,
CRASH500,2026-05-27T12:10:05.211415+00:00,1779883805.2114153,DOWN,-5.469,45.49,0.12023,-0.00295,True,False,post_spike_chase_guard:97t<300t,False,False,,,,
CRASH500,2026-05-27T12:11:43.206077+00:00,1779883903.2060773,DOWN,-3.715,121.65,0.03054,-0.00221,True,False,post_spike_chase_guard:250t<300t,False,False,,,,
CRASH500,2026-05-27T12:15:54.226649+00:00,1779884154.2266488,DOWN,-3.969,115.19,0.03446,-0.0011,True,False,post_spike_chase_guard:227t<300t,False,False,,,,
CRASH500,2026-05-27T12:19:42.232067+00:00,1779884382.232067,DOWN,-3.033,112.33,0.027,-0.00082,True,False,post_spike_chase_guard:299t<300t,False,False,,,,
CRASH500,2026-05-27T13:10:54.222385+00:00,1779887454.2223854,DOWN,-0.023,3.03,0.00759,0.00017,False,False,HURST_SPIKE_VETO: CRASH500 H=0.393 < strict_min=0.420,False,True,loss,MULTDOWN,True,890466779
CRASH500,2026-05-27T13:16:50.210351+00:00,1779887810.2103515,DOWN,-6.708,129.98,0.05161,-0.00199,True,False,post_spike_chase_guard:145t<180t,False,False,,,,
CRASH500,2026-05-27T13:19:16.305440+00:00,1779887956.30544,DOWN,-0.265,34.19,0.00775,-0.00043,True,False,post_spike_chase_guard:24t<180t,False,False,,,,
CRASH500,2026-05-27T13:19:41.207384+00:00,1779887981.2073836,DOWN,-1.344,56.82,0.02366,-0.00073,True,False,trade_cooldown,False,False,,,,
CRASH500,2026-05-27T13:24:15.183153+00:00,1779888255.1831534,DOWN,-3.873,118.5,0.03268,-0.00109,True,False,trade_cooldown,False,True,win,MULTDOWN,True,891627459
CRASH500,2026-05-27T13:33:48.260307+00:00,1779888828.2603066,DOWN,-4.834,126.45,0.03823,-0.00139,False,False,post_spike_chase_guard:38t<180t,False,True,win,MULTDOWN,True,891868579
CRASH500,2026-05-27T13:34:27.215700+00:00,1779888867.2157001,DOWN,-4.937,118.95,0.0415,-0.00246,True,False,trade_cooldown,False,True,win,MULTDOWN,True,891868579
CRASH500,2026-05-27T13:39:36.226057+00:00,1779889176.2260573,DOWN,-3.381,112.26,0.03012,-0.00091,True,False,post_spike_chase_guard:103t<180t,False,True,win,MULTDOWN,True,892410699
CRASH500,2026-05-27T13:41:28.550240+00:00,1779889288.55024,DOWN,-4.834,899.78,0.00537,-0.00139,False,False,post_spike_chase_guard:114t<180t,False,False,,,,
CRASH500,2026-05-27T13:41:28.581768+00:00,1779889288.5817678,DOWN,-4.937,46.13,0.10701,-0.00246,True,False,post_spike_chase_guard:113t<180t,False,False,,,,
CRASH500,2026-05-27T13:41:28.620276+00:00,1779889288.6202762,DOWN,-3.381,496.7,0.00681,-0.00091,True,False,trade_cooldown,False,False,,,,
CRASH500,2026-05-27T13:43:05.861751+00:00,1779889385.8617508,DOWN,-4.834,877.26,0.00551,-0.00139,False,False,spike_forced_dir: MULTDOWN (Hurst/trend bypassed); dynamic_structural_relax_no_fvg: regime=FAST penalty=0.60 score_after=5.50; score 5.50 < min 5.80,False,True,loss,MULTDOWN,True,892678699
CRASH500,2026-05-27T13:43:05.904610+00:00,1779889385.9046097,DOWN,-4.937,46.49,0.1062,-0.00246,True,False,spike_forced_dir: MULTDOWN (Hurst/trend bypassed); boom_crash_bc_escape_blocked_by_profile: CRASH500 no active FVG + block_bc_escape_env=True,False,True,loss,MULTDOWN,True,892678699
CRASH500,2026-05-27T13:43:05.944066+00:00,1779889385.9440658,DOWN,-3.381,514.96,0.00657,-0.00091,True,False,trade_cooldown,False,True,loss,MULTDOWN,True,892678699
CRASH500,2026-05-27T13:52:03.768390+00:00,1779889923.7683904,DOWN,-3.381,503.33,0.00672,-0.00091,False,False,trade_cooldown,False,True,win,MULTDOWN,True,893117499
CRASH500,2026-05-27T13:52:59.273487+00:00,1779889979.2734866,DOWN,-3.381,493.7,0.00685,,False,False,spike_forced_dir: MULTDOWN (Hurst/trend bypassed); boom_crash_bc_escape_blocked_by_profile: CRASH500 no active FVG + block_bc_escape_env=True; geo_optimal: -0.022≤0.000 →+1.0,False,True,win,MULTDOWN,True,893117499
CRASH500,2026-05-27T13:53:21.161971+00:00,1779890001.1619709,DOWN,-1.145,77.91,0.0147,-0.00019,True,False,post_spike_chase_guard:49t<180t,False,True,win,MULTDOWN,True,893117499
CRASH500,2026-05-27T13:54:11.194739+00:00,1779890051.1947389,DOWN,-4.092,118.29,0.03459,-0.00137,True,False,post_spike_chase_guard:179t<180t,False,True,win,MULTDOWN,True,893117499
CRASH500,2026-05-27T13:57:28.213867+00:00,1779890248.213867,DOWN,-2.251,106.63,0.02111,-0.00057,True,False,post_spike_chase_guard:176t<180t,False,False,,,,
CRASH500,2026-05-27T14:00:25.188961+00:00,1779890425.1889606,DOWN,-1.854,93.44,0.01984,-0.00054,True,False,post_spike_chase_guard:179t<180t,False,False,,,,
CRASH600,2026-05-26T14:19:07.211843+00:00,1779805147.2118425,DOWN,-6.316,71.73,0.08806,-0.00011,False,False,post_spike_chase_guard:283t<284t,False,True,loss,MULTDOWN,True,835122599
CRASH600,2026-05-26T14:25:34.309137+00:00,1779805534.3091369,DOWN,-27.666,716.35,0.03862,,False,False,spike_forced_dir: MULTDOWN (Hurst/trend bypassed); boom_crash_bc_escape_blocked_by_profile: CRASH600 no active FVG + block_bc_escape_env=True,False,True,loss,MULTDOWN,True,835122599
CRASH600,2026-05-26T14:25:34.355906+00:00,1779805534.355906,DOWN,-6.316,129.48,0.04878,-0.00011,True,False,trade_cooldown,False,True,loss,MULTDOWN,True,835122599
CRASH600,2026-05-26T14:28:41.754143+00:00,1779805721.7541425,DOWN,-6.316,128.73,0.04906,-0.00011,False,False,trade_cooldown,False,True,loss,MULTDOWN,True,835122599
CRASH600,2026-05-26T14:29:34.302481+00:00,1779805774.3024814,DOWN,-4.782,65.98,0.07248,-6e-05,True,False,post_spike_chase_guard:283t<284t,False,True,loss,MULTDOWN,True,835122599
CRASH600,2026-05-26T14:37:24.252327+00:00,1779806244.2523274,DOWN,-59.346,131.6,0.45097,-0.00228,False,False,trade_cooldown,False,True,win,MULTDOWN,True,836858879
CRASH600,2026-05-26T14:38:31.876794+00:00,1779806311.8767943,DOWN,-4.782,135.72,0.03523,-6e-05,False,False,post_spike_chase_guard:69t<284t,False,False,,,,
CRASH600,2026-05-26T14:38:31.898967+00:00,1779806311.898967,DOWN,-59.346,1428.24,0.04155,-0.00228,True,False,post_spike_chase_guard:71t<284t,False,False,,,,
CRASH600,2026-05-26T14:38:42.789332+00:00,1779806322.789332,DOWN,-4.782,135.88,0.03519,-6e-05,False,False,post_spike_chase_guard:80t<284t,False,False,,,,
CRASH600,2026-05-26T14:38:42.820114+00:00,1779806322.8201141,DOWN,-59.346,1431.57,0.04146,-0.00228,True,False,post_spike_chase_guard:283t<284t,False,False,,,,
CRASH600,2026-05-26T14:42:56.910409+00:00,1779806576.9104087,DOWN,-4.782,139.37,0.03431,,False,False,post_spike_chase_guard:4t<284t,False,False,,,,
CRASH600,2026-05-26T14:42:56.933834+00:00,1779806576.9338343,DOWN,-59.346,1493.43,0.03974,-0.00228,True,False,post_spike_chase_guard:3t<284t,False,False,,,,
CRASH600,2026-05-26T14:44:14.043843+00:00,1779806654.0438428,DOWN,-4.782,135.64,0.03526,,False,False,post_spike_chase_guard:2t<284t,False,False,,,,
CRASH600,2026-05-26T14:44:14.095499+00:00,1779806654.0954986,DOWN,-59.346,1425.17,0.04164,-0.00228,True,False,post_spike_chase_guard:1t<284t,False,False,,,,
CRASH600,2026-05-26T14:44:33.205462+00:00,1779806673.2054625,DOWN,-65.685,132.84,0.49446,-0.00254,True,False,post_spike_chase_guard:283t<284t,False,False,,,,
CRASH600,2026-05-26T14:49:36.228524+00:00,1779806976.2285237,DOWN,-52.716,132.83,0.39688,-0.00203,True,False,post_spike_chase_guard:166t<284t,False,False,,,,
CRASH600,2026-05-26T14:52:23.205091+00:00,1779807143.2050905,DOWN,-59.489,132.16,0.45012,-0.0027,True,False,post_spike_chase_guard:283t<284t,False,False,,,,
CRASH600,2026-05-26T15:00:14.271583+00:00,1779807614.2715826,DOWN,-65.685,28.51,2.30355,,False,False,spike_forced_dir: MULTDOWN (Hurst/trend bypassed); geo: mr_near_mean: pos=0.23; dynamic_structural_relax_no_fvg: regime=NORMAL penalty=0.60 score_after=5.85; score 5.85 < min 6.00,False,False,,,,
CRASH600,2026-05-26T15:00:14.321514+00:00,1779807614.3215137,DOWN,-52.716,1309.99,0.04024,-0.00203,True,False,spike_forced_dir: MULTDOWN (Hurst/trend bypassed); geo: mr_near_mean: pos=0.23; dynamic_structural_relax_no_fvg: regime=NORMAL penalty=0.60 score_after=5.85; score 5.85 < min 6.00,False,False,,,,
CRASH600,2026-05-26T15:00:14.372638+00:00,1779807614.3726385,DOWN,-59.489,130.88,0.45453,-0.0027,True,False,trade_cooldown,False,False,,,,
CRASH600,2026-05-26T15:02:36.277258+00:00,1779807756.2772582,DOWN,-52.716,1321.09,0.0399,-0.00203,False,False,spike_forced_dir: MULTDOWN (Hurst/trend bypassed); boom_crash_bc_escape_blocked_by_profile: CRASH600 no active FVG + block_bc_escape_env=True; geo_optimal: -0.527≤0.000 →+1.0,False,True,win,MULTDOWN,True,838135639
CRASH600,2026-05-26T15:02:36.293610+00:00,1779807756.2936103,DOWN,-59.489,1219.9,0.04877,-0.0027,True,False,trade_cooldown,False,True,win,MULTDOWN,True,838135639
CRASH600,2026-05-26T15:03:44.237502+00:00,1779807824.2375019,DOWN,-58.775,132.03,0.44517,-0.00227,True,False,post_spike_chase_guard:283t<284t,False,True,win,MULTDOWN,True,838135639
CRASH600,2026-05-26T15:13:08.205966+00:00,1779808388.205966,DOWN,-21.629,111.63,0.19375,-0.00075,False,False,trade_cooldown,False,True,win,MULTDOWN,True,838698599
CRASH600,2026-05-26T15:13:14.210103+00:00,1779808394.2101033,DOWN,-32.271,31.88,1.01219,-0.00202,True,False,post_spike_chase_guard:283t<284t,False,True,win,MULTDOWN,True,838698599
CRASH600,2026-05-26T15:19:25.390723+00:00,1779808765.3907235,DOWN,-58.775,28.45,2.06579,,False,False,post_spike_chase_guard:3t<284t,False,False,,,,
CRASH600,2026-05-26T15:19:25.471145+00:00,1779808765.471145,DOWN,-21.629,539.14,0.04012,-0.00075,True,False,post_spike_chase_guard:2t<284t,False,False,,,,
CRASH600,2026-05-26T15:19:25.501139+00:00,1779808765.5011387,DOWN,-32.271,78.34,0.41192,-0.00202,True,False,post_spike_chase_guard:1t<284t,False,False,,,,
CRASH600,2026-05-26T15:20:32.220873+00:00,1779808832.2208726,DOWN,-29.972,120.05,0.24967,-0.00108,True,False,post_spike_chase_guard:154t<284t,False,False,,,,
CRASH600,2026-05-26T15:23:15.777482+00:00,1779808995.777482,DOWN,-21.629,538.5,0.04017,-0.00075,False,False,post_spike_chase_guard:166t<284t,False,False,,,,
CRASH600,2026-05-26T15:23:15.790982+00:00,1779808995.7909825,DOWN,-32.271,803.45,0.04017,-0.00202,True,False,post_spike_chase_guard:165t<284t,False,False,,,,
CRASH600,2026-05-26T15:23:15.814270+00:00,1779808995.81427,DOWN,-29.972,690.82,0.04339,-0.00108,True,False,post_spike_chase_guard:283t<284t,False,False,,,,
CRASH600,2026-05-26T15:30:07.213084+00:00,1779809407.2130845,DOWN,-20.978,111.32,0.18844,-0.00072,False,False,post_spike_chase_guard:120t<284t,False,True,win,MULTDOWN,True,839502539
CRASH600,2026-05-26T15:32:08.222483+00:00,1779809528.2224834,DOWN,-59.305,132.4,0.44792,-0.00256,True,False,post_spike_chase_guard:283t<284t,False,False,,,,
CRASH600,2026-05-26T15:38:14.239367+00:00,1779809894.2393672,DOWN,-15.955,107.89,0.14788,-0.00052,True,False,post_spike_chase_guard:283t<284t,False,False,,,,
CRASH600,2026-05-26T16:21:55.206080+00:00,1779812515.2060804,DOWN,-15.824,102.91,0.15376,-0.00051,False,False,post_spike_chase_guard:103t<284t,False,True,win,MULTDOWN,True,841120999
CRASH600,2026-05-26T16:23:39.228312+00:00,1779812619.228312,DOWN,-40.857,128.28,0.31849,-0.00177,True,False,post_spike_chase_guard:22t<284t,False,True,win,MULTDOWN,True,841120999
CRASH600,2026-05-26T16:24:02.386274+00:00,1779812642.3862736,DOWN,-46.273,26.26,1.76186,-0.00328,True,False,post_spike_chase_guard:283t<284t,False,True,win,MULTDOWN,True,841120999
CRASH600,2026-05-26T16:31:35.193283+00:00,1779813095.1932826,DOWN,-20.425,116.75,0.17494,-0.00072,False,False,post_spike_chase_guard:283t<284t,False,True,win,MULTDOWN,True,842233759
CRASH600,2026-05-26T16:46:26.238369+00:00,1779813986.2383687,DOWN,-31.19,121.46,0.2568,-0.00115,False,False,post_spike_chase_guard:283t<284t,False,True,win,MULTDOWN,True,842689619
CRASH600,2026-05-26T16:59:10.236739+00:00,1779814750.236739,DOWN,-49.453,128.95,0.3835,-0.00189,False,False,post_spike_chase_guard:299t<354t,False,True,win,MULTDOWN,True,843485999
CRASH600,2026-05-26T17:12:44.216162+00:00,1779815564.2161624,DOWN,-36.91,126.88,0.2909,-0.00139,False,False,post_spike_chase_guard:91t<354t,False,True,win,MULTDOWN,True,843965939
CRASH600,2026-05-26T17:14:16.254421+00:00,1779815656.2544208,DOWN,-22.75,121.84,0.18672,-0.00142,True,False,post_spike_chase_guard:76t<354t,False,False,,,,
CRASH600,2026-05-26T17:15:33.197581+00:00,1779815733.1975813,DOWN,-23.93,116.79,0.2049,-0.00158,True,False,post_spike_chase_guard:119t<354t,False,False,,,,
CRASH600,2026-05-26T17:17:42.568753+00:00,1779815862.5687532,DOWN,-36.91,992.39,0.03719,-0.00139,False,False,post_spike_chase_guard:131t<354t,False,False,,,,
CRASH600,2026-05-26T17:17:42.585462+00:00,1779815862.5854623,DOWN,-22.75,600.1,0.03791,-0.00142,True,False,post_spike_chase_guard:130t<354t,False,False,,,,
CRASH600,2026-05-26T17:17:42.606268+00:00,1779815862.6062684,DOWN,-23.93,617.19,0.03877,-0.00158,True,False,post_spike_chase_guard:353t<354t,False,False,,,,
CRASH600,2026-05-26T17:27:08.199089+00:00,1779816428.1990888,DOWN,-52.072,130.29,0.39966,-0.00201,False,False,post_spike_chase_guard:299t<354t,False,True,win,MULTDOWN,True,844740539
CRASH600,2026-05-26T17:37:30.190280+00:00,1779817050.1902802,DOWN,-27.406,119.63,0.22909,-0.001,False,False,trade_cooldown,False,True,win,MULTDOWN,True,845413919
CRASH600,2026-05-26T17:38:50.195754+00:00,1779817130.195754,DOWN,-32.456,127.2,0.25515,-0.00173,True,False,post_spike_chase_guard:299t<354t,False,False,,,,
CRASH600,2026-05-26T17:43:55.193662+00:00,1779817435.1936622,DOWN,-7.517,76.02,0.09888,-0.00017,True,False,post_spike_chase_guard:299t<354t,False,False,,,,
CRASH600,2026-05-26T18:05:34.247128+00:00,1779818734.2471285,DOWN,-23.869,122.12,0.19546,-0.00086,False,False,post_spike_chase_guard:299t<354t,False,True,loss,MULTDOWN,True,846281919
CRASH600,2026-05-26T18:15:27.203580+00:00,1779819327.2035801,DOWN,-7.047,78.3,0.09,-0.00014,False,False,post_spike_chase_guard:299t<354t,False,True,loss,MULTDOWN,True,846281919
CRASH600,2026-05-26T18:48:52.236246+00:00,1779821332.2362463,DOWN,-29.934,117.44,0.25489,-0.00108,False,False,post_spike_chase_guard:299t<354t,False,True,win,MULTDOWN,True,848851479
CRASH600,2026-05-26T19:20:36.261843+00:00,1779823236.2618434,DOWN,-18.273,110.53,0.16532,-0.00061,False,False,post_spike_chase_guard:299t<354t,False,True,win,MULTDOWN,True,850541799
CRASH600,2026-05-26T19:28:37.195124+00:00,1779823717.1951244,DOWN,-18.953,114.26,0.16588,-0.00064,False,False,post_spike_chase_guard:299t<354t,False,False,,,,
CRASH600,2026-05-26T19:36:55.178391+00:00,1779824215.1783907,DOWN,-34.72,124.99,0.27779,-0.00128,False,False,post_spike_chase_guard:20t<354t,False,False,,,,
CRASH600,2026-05-26T19:37:16.238851+00:00,1779824236.2388506,DOWN,-16.788,12.49,1.34422,-0.00172,True,False,post_spike_chase_guard:299t<354t,False,False,,,,
CRASH600,2026-05-26T19:57:35.217779+00:00,1779825455.2177787,DOWN,-4.702,69.15,0.068,-6e-05,False,False,post_spike_chase_guard:130t<354t,False,True,loss,MULTDOWN,True,851927459
CRASH600,2026-05-26T19:59:46.209179+00:00,1779825586.2091792,DOWN,-14.485,103.43,0.14004,-0.00051,True,False,post_spike_chase_guard:70t<354t,False,True,loss,MULTDOWN,True,851927459
CRASH600,2026-05-26T20:01:06.042254+00:00,1779825666.042254,DOWN,-4.702,62.84,0.07483,-6e-05,False,False,post_spike_chase_guard:81t<354t,False,True,loss,MULTDOWN,True,851927459
CRASH600,2026-05-26T20:01:06.062539+00:00,1779825666.0625393,DOWN,-14.485,369.45,0.03921,-0.00051,True,False,post_spike_chase_guard:353t<354t,False,True,loss,MULTDOWN,True,851927459
CRASH600,2026-05-26T20:07:10.022120+00:00,1779826030.0221205,DOWN,-4.702,107.66,0.04368,-6e-05,False,False,"AI_VETO: The trade signal has a symbol_bleed_bonus of 0.5, requiring a score of at least 6.00 for approval, but the current score is 5.94. | adaptive:baseline [cached]",False,True,loss,MULTDOWN,True,851927459
CRASH600,2026-05-26T20:07:10.050718+00:00,1779826030.050718,DOWN,-14.485,363.0,0.0399,-0.00051,True,False,trade_cooldown,False,True,loss,MULTDOWN,True,851927459
CRASH600,2026-05-26T20:20:43.202138+00:00,1779826843.2021377,DOWN,-37.198,123.12,0.30214,-0.00139,False,False,post_spike_chase_guard:108t<354t,False,True,win,MULTDOWN,True,853368319
CRASH600,2026-05-26T20:22:40.573324+00:00,1779826960.5733237,DOWN,-37.198,875.74,0.04248,-0.00139,False,False,post_spike_chase_guard:353t<354t,False,False,,,,
CRASH600,2026-05-26T20:34:33.186111+00:00,1779827673.1861107,DOWN,-21.798,123.56,0.17642,-0.00076,False,False,post_spike_chase_guard:210t<354t,False,True,win,MULTDOWN,True,854100099
CRASH600,2026-05-26T20:38:13.133358+00:00,1779827893.1333582,DOWN,-21.798,624.89,0.03488,-0.00076,False,False,post_spike_chase_guard:307t<354t,False,True,win,MULTDOWN,True,854100099
CRASH600,2026-05-26T20:39:42.189607+00:00,1779827982.1896071,DOWN,-32.735,119.95,0.27291,-0.0012,True,False,post_spike_chase_guard:299t<354t,False,True,win,MULTDOWN,True,854100099
CRASH600,2026-05-26T20:46:06.263127+00:00,1779828366.2631266,DOWN,-20.419,110.29,0.18513,-0.00069,True,False,post_spike_chase_guard:233t<354t,False,False,,,,
CRASH600,2026-05-26T20:50:00.227846+00:00,1779828600.2278461,DOWN,-26.499,117.46,0.22559,-0.00095,True,False,post_spike_chase_guard:8t<354t,False,False,,,,
CRASH600,2026-05-26T20:50:09.201705+00:00,1779828609.2017045,DOWN,-9.343,9.2,1.01591,-0.00124,True,False,post_spike_chase_guard:300t<354t,False,False,,,,
CRASH600,2026-05-26T21:02:46.177378+00:00,1779829366.177378,DOWN,-37.384,124.62,0.29997,-0.00139,False,False,post_spike_chase_guard:299t<354t,False,True,win,MULTDOWN,True,855473259
CRASH600,2026-05-26T21:07:57.175425+00:00,1779829677.1754248,DOWN,-20.72,116.59,0.17772,-0.00072,True,False,post_spike_chase_guard:300t<354t,False,False,,,,
CRASH600,2026-05-26T21:16:19.167977+00:00,1779830179.1679769,DOWN,-25.501,113.27,0.22513,-0.0009,False,False,post_spike_chase_guard:299t<354t,False,False,,,,
CRASH600,2026-05-26T21:36:51.172082+00:00,1779831411.172082,DOWN,-41.928,128.01,0.32753,-0.00159,False,False,post_spike_chase_guard:299t<354t,False,True,win,MULTDOWN,True,856444879
CRASH600,2026-05-26T21:44:19.171856+00:00,1779831859.1718564,DOWN,-23.923,112.56,0.21253,-0.00084,False,False,post_spike_chase_guard:299t<354t,False,False,,,,
CRASH600,2026-05-26T22:03:38.204917+00:00,1779833018.2049167,DOWN,-7.043,82.47,0.0854,-0.00014,False,False,post_spike_chase_guard:10t<354t,False,True,win,MULTDOWN,True,857576019
CRASH600,2026-05-26T22:03:49.173615+00:00,1779833029.1736152,DOWN,-64.068,88.28,0.7257,-0.00275,True,False,post_spike_chase_guard:11t<354t,False,True,win,MULTDOWN,True,857576019
CRASH600,2026-05-26T22:04:01.190870+00:00,1779833041.19087,DOWN,-54.592,19.0,2.87344,-0.00467,True,False,post_spike_chase_guard:125t<354t,False,True,win,MULTDOWN,True,857576019
CRASH600,2026-05-26T22:06:07.198700+00:00,1779833167.1987002,DOWN,-4.748,66.83,0.07105,-0.00143,True,False,post_spike_chase_guard:74t<354t,False,False,,,,
CRASH600,2026-05-26T22:07:22.193137+00:00,1779833242.1931367,DOWN,-17.867,107.56,0.16611,-0.00069,True,False,post_spike_chase_guard:129t<354t,False,False,,,,
CRASH600,2026-05-26T22:09:32.198205+00:00,1779833372.198205,DOWN,-25.99,118.34,0.21961,-0.00115,True,False,post_spike_chase_guard:174t<354t,False,False,,,,
CRASH600,2026-05-26T22:12:34.345855+00:00,1779833554.3458552,DOWN,-7.043,162.41,0.04337,-0.00014,False,False,post_spike_chase_guard:187t<354t,False,False,,,,
CRASH600,2026-05-26T22:12:34.423074+00:00,1779833554.4230738,DOWN,-64.068,707.21,0.09059,-0.00275,True,False,post_spike_chase_guard:186t<354t,False,False,,,,
CRASH600,2026-05-26T22:12:34.470530+00:00,1779833554.4705303,DOWN,-54.592,94.22,0.57938,-0.00467,True,False,post_spike_chase_guard:185t<354t,False,False,,,,
CRASH600,2026-05-26T22:12:34.513594+00:00,1779833554.5135937,DOWN,-4.748,132.83,0.03574,-0.00143,True,False,post_spike_chase_guard:184t<354t,False,False,,,,
CRASH600,2026-05-26T22:12:34.547144+00:00,1779833554.547144,DOWN,-17.867,236.34,0.0756,-0.00069,True,False,post_spike_chase_guard:183t<354t,False,False,,,,
CRASH600,2026-05-26T22:12:34.581147+00:00,1779833554.581147,DOWN,-25.99,738.79,0.03518,-0.00115,True,False,spike_forced_dir: MULTDOWN (Hurst/trend bypassed); geo: trend_uptrend_mid: pos=0.21; geo_conflict: geo=MULTUP vs risk=MULTDOWN → -1.0; boom_crash_bc_escape_blocked_by_profile: CRASH600 no active FVG + block_bc_escape_env=True,False,False,,,,
CRASH600,2026-05-26T22:17:49.262139+00:00,1779833869.2621386,DOWN,-26.461,121.61,0.21759,-0.00096,True,False,trade_cooldown,False,True,win,MULTDOWN,True,858358999
CRASH600,2026-05-26T22:21:58.944814+00:00,1779834118.9448144,DOWN,-4.748,143.13,0.03317,,False,False,spike_forced_dir: MULTDOWN (Hurst/trend bypassed); boom_crash_bc_escape_blocked_by_profile: CRASH600 no active FVG + block_bc_escape_env=True,False,True,win,MULTDOWN,True,858597999
CRASH600,2026-05-26T22:21:58.963858+00:00,1779834118.9638581,DOWN,-17.867,415.11,0.04304,,True,False,spike_forced_dir: MULTDOWN (Hurst/trend bypassed); boom_crash_bc_escape_blocked_by_profile: CRASH600 no active FVG + block_bc_escape_env=True,False,True,win,MULTDOWN,True,858597999
CRASH600,2026-05-26T22:21:58.986234+00:00,1779834118.9862344,DOWN,-25.99,741.99,0.03503,-0.00115,True,False,spike_forced_dir: MULTDOWN (Hurst/trend bypassed); boom_crash_bc_escape_blocked_by_profile: CRASH600 no active FVG + block_bc_escape_env=True,False,True,win,MULTDOWN,True,858597999
CRASH600,2026-05-26T22:21:59.019297+00:00,1779834119.019297,DOWN,-26.461,676.81,0.0391,-0.00096,True,False,spike_forced_dir: MULTDOWN (Hurst/trend bypassed); dynamic_structural_relax_no_fvg: regime=FAST penalty=0.60 score_after=5.62; score 5.62 < min 5.80,False,True,win,MULTDOWN,True,858597999
CRASH600,2026-05-26T22:22:21.389009+00:00,1779834141.3890095,DOWN,-17.867,413.06,0.04326,,False,False,spike_forced_dir: MULTDOWN (Hurst/trend bypassed); boom_crash_bc_escape_blocked_by_profile: CRASH600 no active FVG + block_bc_escape_env=True,False,True,win,MULTDOWN,True,858597999
CRASH600,2026-05-26T22:22:21.408586+00:00,1779834141.4085855,DOWN,-25.99,726.82,0.03576,-0.00115,True,False,spike_forced_dir: MULTDOWN (Hurst/trend bypassed); dynamic_structural_relax_no_fvg: regime=FAST penalty=0.60 score_after=5.53; score 5.53 < min 5.80,False,True,win,MULTDOWN,True,858597999
CRASH600,2026-05-26T22:22:21.436609+00:00,1779834141.4366093,DOWN,-26.461,664.96,0.03979,-0.00096,True,False,trade_cooldown,False,True,win,MULTDOWN,True,858597999
CRASH600,2026-05-26T22:29:56.185602+00:00,1779834596.1856017,DOWN,-34.864,122.34,0.28498,-0.00129,False,False,post_spike_chase_guard:213t<214t,False,True,win,MULTDOWN,True,858597999
CRASH600,2026-05-26T22:40:32.156307+00:00,1779835232.1563075,DOWN,-57.332,132.87,0.43149,-0.00223,False,False,trade_cooldown,False,False,,,,
CRASH600,2026-05-26T22:48:07.160530+00:00,1779835687.1605303,DOWN,-47.946,130.56,0.36724,-0.00185,False,False,trade_cooldown,False,True,win,MULTDOWN,True,859367959
CRASH600,2026-05-26T22:55:15.080059+00:00,1779836115.0800593,DOWN,-57.332,1206.9,0.0475,,False,False,spike_forced_dir: MULTDOWN (Hurst/trend bypassed); boom_crash_bc_escape_blocked_by_profile: CRASH600 no active FVG + block_bc_escape_env=True,False,True,loss,MULTDOWN,True,859627839
CRASH600,2026-05-26T22:55:15.109874+00:00,1779836115.109874,DOWN,-47.946,1199.48,0.03997,-0.00185,True,False,trade_cooldown,False,True,loss,MULTDOWN,True,859627839
CRASH600,2026-05-26T22:56:02.278465+00:00,1779836162.2784653,DOWN,-4.098,68.49,0.05983,-5e-05,True,False,trade_cooldown,False,True,loss,MULTDOWN,True,859627839
CRASH600,2026-05-26T23:01:10.054056+00:00,1779836470.0540562,DOWN,-47.946,1188.2,0.04035,-0.00185,False,False,trade_cooldown,False,True,loss,MULTDOWN,True,859627839
CRASH600,2026-05-26T23:01:10.091149+00:00,1779836470.0911486,DOWN,-4.098,120.68,0.03396,-5e-05,True,False,trade_cooldown,False,True,loss,MULTDOWN,True,859627839
CRASH600,2026-05-26T23:08:25.156606+00:00,1779836905.1566064,DOWN,-33.268,123.68,0.26899,-0.00125,False,False,trade_cooldown,False,True,loss,MULTDOWN,True,859627839
CRASH600,2026-05-26T23:12:09.168445+00:00,1779837129.1684453,DOWN,-8.293,81.98,0.10116,-0.00019,True,False,trade_cooldown,False,True,loss,MULTDOWN,True,859627839
CRASH600,2026-05-26T23:16:30.192788+00:00,1779837390.1927876,DOWN,-28.653,117.08,0.24472,-0.00103,True,False,trade_cooldown,False,True,loss,MULTDOWN,True,859627839
CRASH600,2026-05-26T23:43:50.205686+00:00,1779839030.2056859,DOWN,-67.079,135.16,0.4963,-0.00266,False,False,trade_cooldown,False,True,win,MULTDOWN,True,861152759
CRASH600,2026-05-26T23:50:10.453020+00:00,1779839410.4530199,DOWN,-34.302,123.91,0.27683,-0.00129,True,False,trade_cooldown,False,True,win,MULTDOWN,True,861331699
CRASH600,2026-05-27T00:00:48.228333+00:00,1779840048.228333,DOWN,-16.394,107.11,0.15306,-0.00054,False,False,trade_cooldown,False,True,loss,MULTDOWN,True,861536759
CRASH600,2026-05-27T00:04:58.181497+00:00,1779840298.1814973,DOWN,-8.614,90.77,0.0949,-0.00022,True,False,HURST_SPIKE_VETO: CRASH600 H=0.386 < strict_min=0.430,False,True,loss,MULTDOWN,True,861536759
CRASH600,2026-05-27T00:23:19.152443+00:00,1779841399.1524434,DOWN,-31.871,120.9,0.26362,-0.00118,False,False,post_spike_chase_guard:165t<180t,False,False,,,,
CRASH600,2026-05-27T00:26:05.165810+00:00,1779841565.1658099,DOWN,-2.564,45.89,0.05588,-0.00022,True,False,"AI_VETO: The mathematical score of 5.37 is below the required threshold of 5.5 for approval, despite the acceptable Hurst exponent and non-volatile regime. | adaptive:baseline [cached]",False,False,,,,
CRASH600,2026-05-27T00:38:43.182541+00:00,1779842323.1825414,DOWN,-14.048,107.18,0.13107,-0.00046,False,False,trade_cooldown,False,True,loss,MULTDOWN,True,862506899
CRASH600,2026-05-27T00:53:16.225332+00:00,1779843196.2253318,DOWN,-6.291,79.84,0.07879,-0.00013,False,False,trade_cooldown,False,True,loss,MULTDOWN,True,862895979
CRASH600,2026-05-27T01:01:05.188978+00:00,1779843665.1889777,DOWN,-5.315,66.52,0.0799,-7e-05,False,False,post_spike_chase_guard:230t<231t,False,True,loss,MULTDOWN,True,862895979
CRASH600,2026-05-27T01:38:26.182562+00:00,1779845906.1825619,DOWN,-27.09,121.41,0.22312,-0.00098,False,False,post_spike_chase_guard:40t<360t,False,False,,,,
CRASH600,2026-05-27T01:39:07.156496+00:00,1779845947.156496,DOWN,-30.886,121.44,0.25433,-0.00188,True,False,post_spike_chase_guard:299t<360t,False,False,,,,
CRASH600,2026-05-27T01:49:39.691694+00:00,1779846579.6916935,DOWN,-27.09,623.1,0.04348,-0.00098,False,False,spike_forced_dir: MULTDOWN (Hurst/trend bypassed); boom_crash_bc_escape_blocked_by_profile: CRASH600 no active FVG + block_bc_escape_env=True; geo_optimal: -0.145≤0.000 →+1.0,False,False,,,,
CRASH600,2026-05-27T01:49:39.712241+00:00,1779846579.712241,DOWN,-30.886,51.58,0.59877,-0.00188,True,False,"AI_VETO: The trade meets the minimum score of 5.5, has a Hurst exponent above 0.43, and the volatility regime is compressing, which is not 'volatile'. | tail_veto:n=5 wr=0.0% avg=-0.3760 | adaptive:baseline",False,False,,,,
CRASH600,2026-05-27T01:52:28.940406+00:00,1779846748.9404058,DOWN,-27.09,632.64,0.04282,,False,False,"AI_VETO: The trade signal meets the approval criteria with a score of 5.85, a Hurst exponent of 0.549, and a 'calm' volatility regime, despite the 'symbol_bleed_pnl_window' being negative, as the 'symbol_bleed_bonus' is 0.0. | score_floor:5.45<5.50 | tail_veto:n=5 wr=0.0% avg=-0.3760 | adaptive:baseline [cached]",False,False,,,,
CRASH600,2026-05-27T01:52:28.976931+00:00,1779846748.9769313,DOWN,-30.886,51.59,0.5987,,True,False,spike_forced_dir: MULTDOWN (Hurst/trend bypassed); geo: neutral_extended_down: pos=-1.10 penalty=-1.00; boom_crash_bc_escape_blocked_by_profile: CRASH600 no active FVG + block_bc_escape_env=True; geo_optimal: -1.095≤0.000 →+1.0,False,False,,,,
CRASH600,2026-05-27T01:57:09.252680+00:00,1779847029.2526796,DOWN,-19.444,114.72,0.16949,-0.00068,True,False,post_spike_chase_guard:300t<360t,False,False,,,,
CRASH600,2026-05-27T02:17:44.190465+00:00,1779848264.1904655,DOWN,-8.587,91.04,0.09432,-0.00021,False,False,post_spike_chase_guard:180t<360t,False,False,,,,
CRASH600,2026-05-27T02:20:45.186487+00:00,1779848445.186487,DOWN,-28.845,119.62,0.24113,-0.00112,True,False,post_spike_chase_guard:300t<360t,False,False,,,,
CRASH600,2026-05-27T03:24:10.186368+00:00,1779852250.1863682,DOWN,-20.419,115.11,0.17739,-0.0007,False,False,dynamic_symbol_inactive,False,False,,,,
CRASH600,2026-05-27T03:35:06.207292+00:00,1779852906.2072916,DOWN,-25.097,117.22,0.2141,-0.00089,False,False,dynamic_symbol_inactive,False,False,,,,
CRASH600,2026-05-27T04:08:53.170827+00:00,1779854933.1708267,DOWN,-17.021,103.42,0.16459,-0.00056,False,False,dynamic_symbol_inactive,False,False,,,,
CRASH600,2026-05-27T04:21:28.211330+00:00,1779855688.2113304,DOWN,-4.293,64.33,0.06674,-3e-05,False,False,dynamic_symbol_inactive,False,False,,,,
CRASH600,2026-05-27T04:28:49.182302+00:00,1779856129.1823022,DOWN,-47.828,131.58,0.36349,-0.00184,False,False,dynamic_symbol_inactive,False,False,,,,
CRASH600,2026-05-27T04:36:22.216530+00:00,1779856582.21653,DOWN,-38.553,126.22,0.30544,-0.00144,False,False,dynamic_symbol_inactive,False,False,,,,
CRASH600,2026-05-27T04:52:24.200242+00:00,1779857544.2002423,DOWN,-69.629,133.36,0.52212,-0.00272,False,False,dynamic_symbol_inactive,False,False,,,,
CRASH600,2026-05-27T04:59:39.169189+00:00,1779857979.1691895,DOWN,-28.674,121.42,0.23616,-0.00104,False,False,dynamic_symbol_inactive,False,False,,,,
CRASH600,2026-05-27T05:01:00.243880+00:00,1779858060.24388,DOWN,-40.075,125.83,0.3185,-0.00203,True,False,dynamic_symbol_inactive,False,False,,,,
CRASH600,2026-05-27T05:09:16.198865+00:00,1779858556.198865,DOWN,-44.844,127.62,0.35139,-0.0017,False,False,dynamic_symbol_inactive,False,False,,,,
CRASH600,2026-05-27T05:20:29.163817+00:00,1779859229.1638167,DOWN,-7.41,74.32,0.0997,-0.00017,False,False,dynamic_symbol_inactive,False,False,,,,
CRASH600,2026-05-27T05:44:24.202900+00:00,1779860664.2029002,DOWN,-5.768,73.12,0.07888,-0.0001,False,False,dynamic_symbol_inactive,False,False,,,,
CRASH600,2026-05-27T05:45:05.179872+00:00,1779860705.179872,DOWN,-5.928,79.94,0.07415,-0.00027,True,False,dynamic_symbol_inactive,False,False,,,,
CRASH600,2026-05-27T05:54:28.185919+00:00,1779861268.1859188,DOWN,-6.832,77.95,0.08764,-0.00014,False,False,dynamic_symbol_inactive,False,False,,,,
CRASH600,2026-05-27T06:03:16.208565+00:00,1779861796.2085652,DOWN,-17.318,109.09,0.15874,-0.00057,False,False,dynamic_symbol_inactive,False,False,,,,
CRASH600,2026-05-27T06:18:06.176725+00:00,1779862686.1767251,DOWN,-8.33,84.9,0.09811,-0.0002,False,False,dynamic_symbol_inactive,False,False,,,,
CRASH600,2026-05-27T06:24:22.200235+00:00,1779863062.200235,DOWN,-7.098,75.91,0.0935,-0.00014,True,False,dynamic_symbol_inactive,False,False,,,,
CRASH600,2026-05-27T06:31:21.175545+00:00,1779863481.1755447,DOWN,-10.44,93.36,0.11182,-0.00029,False,False,dynamic_symbol_inactive,False,False,,,,
CRASH600,2026-05-27T06:45:01.214624+00:00,1779864301.2146244,DOWN,-27.084,117.81,0.2299,-0.00097,False,False,dynamic_symbol_inactive,False,False,,,,
CRASH600,2026-05-27T06:45:46.193428+00:00,1779864346.193428,DOWN,-46.551,131.38,0.35433,-0.00249,True,False,dynamic_symbol_inactive,False,False,,,,
CRASH600,2026-05-27T06:55:24.193759+00:00,1779864924.1937594,DOWN,-22.705,111.3,0.20401,-0.00079,False,False,dynamic_symbol_inactive,False,False,,,,
CRASH600,2026-05-27T06:58:32.201882+00:00,1779865112.2018824,DOWN,-17.983,117.17,0.15348,-0.00069,True,False,dynamic_symbol_inactive,False,False,,,,
CRASH600,2026-05-27T07:06:53.197760+00:00,1779865613.1977596,DOWN,-2.04,34.46,0.05921,6e-05,False,False,dynamic_symbol_inactive,False,False,,,,
CRASH600,2026-05-27T07:34:46.213582+00:00,1779867286.2135823,DOWN,-38.042,125.72,0.30259,-0.00141,False,False,dynamic_symbol_inactive,False,False,,,,
CRASH600,2026-05-27T07:40:01.251544+00:00,1779867601.2515442,DOWN,-19.428,111.42,0.17437,-0.00066,True,False,dynamic_symbol_inactive,False,False,,,,
CRASH600,2026-05-27T08:05:53.167608+00:00,1779869153.1676078,DOWN,-32.192,122.23,0.26337,-0.00118,False,False,dynamic_symbol_inactive,False,False,,,,
CRASH600,2026-05-27T08:17:57.206550+00:00,1779869877.2065496,DOWN,-7.528,82.43,0.09132,-0.00018,False,False,dynamic_symbol_inactive,False,False,,,,
CRASH600,2026-05-27T08:18:20.257463+00:00,1779869900.2574632,DOWN,-32.512,62.58,0.51951,-0.00145,True,False,dynamic_symbol_inactive,False,False,,,,
CRASH600,2026-05-27T08:28:57.186013+00:00,1779870537.1860127,DOWN,-32.509,123.71,0.26279,-0.00119,False,False,dynamic_symbol_inactive,False,False,,,,
CRASH600,2026-05-27T08:32:29.219852+00:00,1779870749.2198517,DOWN,-36.807,127.39,0.28894,-0.00137,True,False,dynamic_symbol_inactive,False,False,,,,
CRASH600,2026-05-27T08:50:08.238187+00:00,1779871808.2381866,DOWN,-13.998,105.95,0.13212,-0.00045,False,False,dynamic_symbol_inactive,False,False,,,,
CRASH600,2026-05-27T09:08:49.576263+00:00,1779872929.5762627,DOWN,-21.351,111.67,0.1912,-0.00073,False,False,dynamic_symbol_inactive,False,False,,,,
CRASH600,2026-05-27T09:14:33.223421+00:00,1779873273.2234213,DOWN,-41.208,126.09,0.32682,-0.00155,True,False,dynamic_symbol_inactive,False,False,,,,
CRASH600,2026-05-27T09:20:23.525568+00:00,1779873623.5255678,DOWN,-28.621,123.92,0.23096,-0.00104,True,False,dynamic_symbol_inactive,False,False,,,,
CRASH600,2026-05-27T09:27:54.179672+00:00,1779874074.179672,DOWN,-9.541,90.96,0.10489,-0.00025,False,False,dynamic_symbol_inactive,False,False,,,,
CRASH600,2026-05-27T09:34:56.209229+00:00,1779874496.2092292,DOWN,-18.139,108.04,0.1679,-0.00061,False,False,dynamic_symbol_inactive,False,False,,,,
CRASH600,2026-05-27T09:35:05.226621+00:00,1779874505.2266212,DOWN,-27.336,32.01,0.8541,-0.00166,True,False,dynamic_symbol_inactive,False,False,,,,
CRASH600,2026-05-27T09:42:52.217899+00:00,1779874972.217899,DOWN,-22.55,116.5,0.19357,-0.00079,False,False,dynamic_symbol_inactive,False,False,,,,
CRASH600,2026-05-27T09:43:57.221018+00:00,1779875037.221018,DOWN,-24.079,115.36,0.20873,-0.00134,True,False,dynamic_symbol_inactive,False,False,,,,
CRASH600,2026-05-27T09:45:18.230664+00:00,1779875118.2306638,DOWN,-12.103,104.52,0.1158,-0.00103,True,False,dynamic_symbol_inactive,False,False,,,,
CRASH600,2026-05-27T10:22:12.216443+00:00,1779877332.216443,DOWN,-40.244,123.37,0.32619,-0.0015,False,False,dynamic_symbol_inactive,False,False,,,,
CRASH600,2026-05-27T10:25:52.191703+00:00,1779877552.1917033,DOWN,-53.25,130.49,0.40808,-0.00205,True,False,dynamic_symbol_inactive,False,False,,,,
CRASH600,2026-05-27T10:26:09.218571+00:00,1779877569.2185707,DOWN,-31.582,15.16,2.08287,-0.00301,True,False,dynamic_symbol_inactive,False,False,,,,
CRASH600,2026-05-27T10:32:03.268550+00:00,1779877923.2685502,DOWN,-53.195,131.23,0.40534,-0.00205,True,False,dynamic_symbol_inactive,False,False,,,,
CRASH600,2026-05-27T10:50:34.212421+00:00,1779879034.2124214,DOWN,-2.731,48.24,0.05661,2e-05,False,False,dynamic_symbol_inactive,False,False,,,,
CRASH600,2026-05-27T11:02:20.196956+00:00,1779879740.1969557,DOWN,-25.461,115.77,0.21992,-0.0009,False,False,dynamic_symbol_inactive,False,False,,,,
CRASH600,2026-05-27T11:24:11.173273+00:00,1779881051.1732728,DOWN,-24.96,114.99,0.21706,-0.00087,False,False,dynamic_symbol_inactive,False,False,,,,
CRASH600,2026-05-27T11:44:50.181593+00:00,1779882290.181593,DOWN,-53.847,131.82,0.40849,-0.00207,False,False,dynamic_symbol_inactive,False,False,,,,
CRASH600,2026-05-27T12:04:45.194072+00:00,1779883485.1940715,DOWN,-52.732,130.86,0.40297,-0.00201,False,False,dynamic_symbol_inactive,False,False,,,,
CRASH600,2026-05-27T12:20:08.243351+00:00,1779884408.2433505,DOWN,-8.87,82.45,0.10759,-0.00022,False,False,dynamic_symbol_inactive,False,False,,,,
CRASH600,2026-05-27T12:54:25.199695+00:00,1779886465.199695,DOWN,-12.694,98.34,0.12908,-0.00038,False,False,dynamic_symbol_inactive,False,False,,,,
CRASH600,2026-05-27T12:55:24.201529+00:00,1779886524.2015285,DOWN,-19.233,113.7,0.16916,-0.00094,True,False,dynamic_symbol_inactive,False,False,,,,
CRASH600,2026-05-27T13:02:07.209246+00:00,1779886927.2092462,DOWN,-0.739,14.77,0.05004,0.00011,False,False,dynamic_symbol_inactive,False,False,,,,
CRASH600,2026-05-27T13:10:39.231516+00:00,1779887439.2315164,DOWN,-51.6,129.78,0.3976,-0.00198,False,False,dynamic_symbol_inactive,False,False,,,,
CRASH600,2026-05-27T13:21:40.280048+00:00,1779888100.280048,DOWN,-36.617,125.15,0.29258,-0.00136,False,False,dynamic_symbol_inactive,False,False,,,,
CRASH600,2026-05-27T13:24:26.254537+00:00,1779888266.254537,DOWN,-37.851,127.92,0.2959,-0.00171,True,False,dynamic_symbol_inactive,False,False,,,,
CRASH600,2026-05-27T13:43:33.211945+00:00,1779889413.2119453,DOWN,-6.993,88.36,0.07914,-0.00016,False,False,dynamic_symbol_inactive,False,False,,,,
CRASH600,2026-05-27T13:52:03.618057+00:00,1779889923.6180573,DOWN,-6.993,188.96,0.03701,-0.00016,False,False,dynamic_symbol_inactive,False,False,,,,
CRASH600,2026-05-27T13:52:59.395308+00:00,1779889979.3953078,DOWN,-6.993,181.1,0.03861,-0.00016,False,False,dynamic_symbol_inactive,False,False,,,,
CRASH600,2026-05-27T14:02:43.164846+00:00,1779890563.1648462,DOWN,-25.89,117.6,0.22016,-0.00092,False,False,dynamic_symbol_inactive,False,False,,,,
CRASH900,2026-05-26T14:24:21.363819+00:00,1779805461.3638194,DOWN,-44.757,135.27,0.33088,-0.00234,False,False,post_spike_chase_guard:65t<260t,False,True,win,MULTDOWN,True,835706859
CRASH900,2026-05-26T14:25:34.619524+00:00,1779805534.6195235,DOWN,-44.757,2027.42,0.02208,-0.00234,False,False,post_spike_chase_guard:250t<260t,False,False,,,,
CRASH900,2026-05-26T14:28:41.348220+00:00,1779805721.34822,DOWN,-44.757,2030.59,0.02204,-0.00234,False,False,trade_cooldown,False,False,,,,
CRASH900,2026-05-26T14:38:31.740256+00:00,1779806311.740256,DOWN,-44.757,135.6,0.33007,,False,False,spike_forced_dir: MULTDOWN (Hurst/trend bypassed); dynamic_structural_relax_no_fvg: regime=NORMAL penalty=0.60 score_after=5.80; score 5.80 < min 6.00; geo_optimal: -0.155≤0.000 →+1.0,False,True,win,MULTDOWN,True,836666419
CRASH900,2026-05-26T14:38:42.921913+00:00,1779806322.9219127,DOWN,-44.757,2051.78,0.02181,,False,False,trade_cooldown,False,True,win,MULTDOWN,True,836666419
CRASH900,2026-05-26T14:44:52.234605+00:00,1779806692.2346048,DOWN,-19.461,126.31,0.15408,-0.00096,False,False,post_spike_chase_guard:259t<260t,False,True,win,MULTDOWN,True,836666419
CRASH900,2026-05-26T14:49:18.225953+00:00,1779806958.2259526,DOWN,-32.397,134.77,0.24039,-0.00168,True,False,post_spike_chase_guard:299t<330t,False,True,win,MULTDOWN,True,836666419
CRASH900,2026-05-26T15:00:13.992198+00:00,1779807613.992198,DOWN,-19.461,932.84,0.02086,,False,False,spike_forced_dir: MULTDOWN (Hurst/trend bypassed); geo: neutral_extended_down: pos=-0.76 penalty=-0.50; boom_crash_bc_escape_blocked_by_profile: CRASH900 no active FVG + block_bc_escape_env=True; geo_optimal: -0.758≤0.000 →+1.0,False,True,win,MULTDOWN,True,837964639
CRASH900,2026-05-26T15:00:14.026614+00:00,1779807614.0266142,DOWN,-32.397,1569.52,0.02064,-0.00168,True,False,trade_cooldown,False,True,win,MULTDOWN,True,837964639
CRASH900,2026-05-26T15:02:36.204134+00:00,1779807756.2041337,DOWN,-32.397,1584.34,0.02045,-0.00168,False,False,trade_cooldown,False,True,win,MULTDOWN,True,837964639
CRASH900,2026-05-26T15:13:59.196256+00:00,1779808439.1962557,DOWN,-37.934,137.78,0.27533,-0.00198,False,False,post_spike_chase_guard:163t<260t,False,True,win,MULTDOWN,True,837964639
CRASH900,2026-05-26T15:16:43.192383+00:00,1779808603.1923833,DOWN,-21.877,129.88,0.16844,-0.00151,True,False,post_spike_chase_guard:154t<204t,False,False,,,,
CRASH900,2026-05-26T15:19:25.982504+00:00,1779808765.9825041,DOWN,-37.934,2179.25,0.01741,-0.00198,False,False,post_spike_chase_guard:163t<204t,False,False,,,,
CRASH900,2026-05-26T15:19:26.012207+00:00,1779808766.012207,DOWN,-21.877,1117.75,0.01957,-0.00151,True,False,post_spike_chase_guard:203t<204t,False,False,,,,
CRASH900,2026-05-26T15:23:16.076902+00:00,1779808996.0769017,DOWN,-37.934,2187.05,0.01734,-0.00198,False,False,spike_forced_dir: MULTDOWN (Hurst/trend bypassed); dynamic_structural_relax_no_fvg: regime=FAST penalty=0.60 score_after=5.65; score 5.65 < min 6.00,False,False,,,,
CRASH900,2026-05-26T15:23:16.096090+00:00,1779808996.09609,DOWN,-21.877,1117.35,0.01958,-0.00151,True,False,trade_cooldown,False,False,,,,
CRASH900,2026-05-26T15:54:02.383306+00:00,1779810842.3833055,DOWN,-14.909,122.39,0.12181,-0.00072,False,False,trade_cooldown,False,True,win,MULTDOWN,True,840618179
CRASH900,2026-05-26T16:25:25.208416+00:00,1779812725.208416,DOWN,-5.03,93.63,0.05372,-0.00018,False,False,post_spike_chase_guard:299t<540t,False,True,win,MULTDOWN,True,841903459
CRASH900,2026-05-26T16:37:25.213576+00:00,1779813445.2135758,DOWN,-10.007,114.99,0.08703,-0.00046,False,False,post_spike_chase_guard:95t<540t,False,True,win,MULTDOWN,True,841903459
CRASH900,2026-05-26T16:39:01.246726+00:00,1779813541.2467256,DOWN,-33.662,135.07,0.24922,-0.00196,True,False,post_spike_chase_guard:300t<540t,False,True,win,MULTDOWN,True,841903459
CRASH900,2026-05-26T17:10:22.264198+00:00,1779815422.264198,DOWN,-11.362,110.26,0.10305,-0.00052,False,False,post_spike_chase_guard:299t<540t,False,True,loss,MULTDOWN,True,843113219
CRASH900,2026-05-26T17:17:42.645121+00:00,1779815862.6451206,DOWN,-11.362,593.26,0.01915,-0.00052,False,False,trade_cooldown,False,True,loss,MULTDOWN,True,843113219
CRASH900,2026-05-26T17:32:12.219235+00:00,1779816732.2192352,DOWN,-35.401,133.16,0.26586,-0.00183,False,False,post_spike_chase_guard:299t<540t,False,True,win,MULTDOWN,True,844808859
CRASH900,2026-05-26T17:51:43.196832+00:00,1779817903.1968317,DOWN,-47.461,134.61,0.35259,-0.00248,False,False,post_spike_chase_guard:299t<540t,False,True,win,MULTDOWN,True,845632919
CRASH900,2026-05-26T18:03:06.267909+00:00,1779818586.2679088,DOWN,-28.929,129.9,0.2227,-0.00149,False,False,post_spike_chase_guard:211t<540t,False,True,win,MULTDOWN,True,846655339
CRASH900,2026-05-26T18:06:38.214058+00:00,1779818798.2140577,DOWN,-21.657,126.37,0.17137,-0.0011,True,False,post_spike_chase_guard:299t<540t,False,False,,,,
CRASH900,2026-05-26T18:21:41.191489+00:00,1779819701.1914892,DOWN,-15.214,117.18,0.12983,-0.00073,False,False,post_spike_chase_guard:299t<540t,False,True,win,MULTDOWN,True,847311079
CRASH900,2026-05-26T18:30:12.274032+00:00,1779820212.2740316,DOWN,-31.316,132.61,0.23614,-0.00162,False,False,post_spike_chase_guard:31t<540t,False,True,win,MULTDOWN,True,847311079
CRASH900,2026-05-26T18:30:44.223839+00:00,1779820244.2238386,DOWN,-5.151,18.89,0.27266,-0.00143,True,False,post_spike_chase_guard:299t<540t,False,True,win,MULTDOWN,True,847311079
CRASH900,2026-05-26T18:37:57.225560+00:00,1779820677.2255597,DOWN,-24.871,130.89,0.19001,-0.00127,False,False,post_spike_chase_guard:299t<540t,False,False,,,,
CRASH900,2026-05-26T18:43:53.200068+00:00,1779821033.2000675,DOWN,-24.188,127.55,0.18963,-0.00123,True,False,post_spike_chase_guard:299t<540t,False,False,,,,
CRASH900,2026-05-26T18:56:15.198467+00:00,1779821775.1984665,DOWN,-6.218,103.38,0.06014,-0.00025,False,False,post_spike_chase_guard:299t<540t,False,True,loss,MULTDOWN,True,849200859
CRASH900,2026-05-26T19:33:55.180852+00:00,1779824035.1808517,DOWN,-2.476,65.78,0.03764,-4e-05,False,False,post_spike_chase_guard:299t<540t,False,True,win,MULTDOWN,True,851110459
CRASH900,2026-05-26T19:42:47.178782+00:00,1779824567.178782,DOWN,-35.262,133.68,0.26378,-0.00184,False,False,post_spike_chase_guard:299t<540t,False,True,win,MULTDOWN,True,851110459
CRASH900,2026-05-26T19:47:48.198975+00:00,1779824868.1989746,DOWN,-14.601,120.46,0.12121,-0.00071,True,False,post_spike_chase_guard:299t<540t,False,False,,,,
CRASH900,2026-05-26T20:00:09.204981+00:00,1779825609.2049813,DOWN,-28.455,130.27,0.21843,-0.00146,False,False,post_spike_chase_guard:47t<400t,False,True,win,MULTDOWN,True,852475959
CRASH900,2026-05-26T20:01:05.631175+00:00,1779825665.6311753,DOWN,-14.601,725.05,0.02014,-0.00071,False,False,post_spike_chase_guard:58t<400t,False,True,win,MULTDOWN,True,852475959
CRASH900,2026-05-26T20:01:05.669606+00:00,1779825665.6696062,DOWN,-28.455,1401.01,0.02031,-0.00146,True,False,post_spike_chase_guard:329t<330t,False,True,win,MULTDOWN,True,852475959
CRASH900,2026-05-26T20:07:09.898658+00:00,1779826029.8986578,DOWN,-28.455,131.3,0.21672,-0.00146,False,False,trade_cooldown,False,False,,,,
CRASH900,2026-05-26T20:17:35.202250+00:00,1779826655.2022505,DOWN,-8.228,105.21,0.07821,-0.00036,False,False,trade_cooldown,False,True,win,MULTDOWN,True,853147959
CRASH900,2026-05-26T20:18:00.248807+00:00,1779826680.2488072,DOWN,-20.402,46.19,0.44172,-0.00138,True,False,post_spike_chase_guard:259t<260t,False,True,win,MULTDOWN,True,853147959
CRASH900,2026-05-26T20:22:40.290543+00:00,1779826960.2905426,DOWN,-8.228,403.06,0.02041,-0.00036,False,False,AI_VETO: The trade is not approved because the mathematical score of 5.30 is below the required threshold of 5.5. | adaptive:baseline [cached],False,False,,,,
CRASH900,2026-05-26T20:22:40.322932+00:00,1779826960.3229322,DOWN,-20.402,106.76,0.1911,-0.00138,True,False,trade_cooldown,False,False,,,,
CRASH900,2026-05-26T20:35:23.189558+00:00,1779827723.1895578,DOWN,-1.226,38.33,0.03199,3e-05,False,False,post_spike_chase_guard:160t<260t,False,True,win,MULTDOWN,True,853980539
CRASH900,2026-05-26T20:38:13.075266+00:00,1779827893.0752664,DOWN,-1.226,60.53,0.02026,3e-05,False,False,post_spike_chase_guard:254t<260t,False,True,win,MULTDOWN,True,853980539
CRASH900,2026-05-26T20:39:39.174500+00:00,1779827979.1745,DOWN,-45.383,137.1,0.33101,-0.00239,True,False,post_spike_chase_guard:259t<260t,False,True,win,MULTDOWN,True,853980539
CRASH900,2026-05-26T21:19:36.176914+00:00,1779830376.1769142,DOWN,-37.602,133.66,0.28132,-0.00196,False,False,post_spike_chase_guard:251t<260t,False,True,win,MULTDOWN,True,856180899
CRASH900,2026-05-26T21:23:48.300203+00:00,1779830628.3002028,DOWN,-11.158,115.35,0.09673,-0.00052,True,False,post_spike_chase_guard:259t<260t,False,False,,,,
CRASH900,2026-05-26T21:36:12.194901+00:00,1779831372.1949008,DOWN,-21.457,124.81,0.17192,-0.00108,False,False,AI_VETO: The mathematical score of 5.35 is below the required threshold of 5.5 for approval. | adaptive:baseline [cached],False,True,win,MULTDOWN,True,856654159
CRASH900,2026-05-26T22:06:47.210079+00:00,1779833207.210079,DOWN,-5.241,92.85,0.05645,-0.0002,False,False,post_spike_chase_guard:230t<330t,False,True,win,MULTDOWN,True,857180839
CRASH900,2026-05-26T22:10:38.200951+00:00,1779833438.2009509,DOWN,-58.74,138.59,0.42386,-0.00313,True,False,post_spike_chase_guard:108t<330t,False,True,win,MULTDOWN,True,857180839
CRASH900,2026-05-26T22:12:34.662080+00:00,1779833554.6620803,DOWN,-5.241,298.13,0.01758,-0.0002,False,False,post_spike_chase_guard:117t<330t,False,False,,,,
CRASH900,2026-05-26T22:12:34.688455+00:00,1779833554.6884546,DOWN,-58.74,2824.04,0.0208,-0.00313,True,False,post_spike_chase_guard:329t<330t,False,False,,,,
CRASH900,2026-05-26T22:16:20.207790+00:00,1779833780.20779,DOWN,-14.614,125.41,0.11653,-0.00072,True,False,post_spike_chase_guard:259t<260t,False,False,,,,
CRASH900,2026-05-26T22:21:58.793108+00:00,1779834118.7931082,DOWN,-5.241,290.39,0.01805,,False,False,trade_cooldown,False,False,,,,
CRASH900,2026-05-26T22:21:58.818536+00:00,1779834118.818536,DOWN,-58.74,137.91,0.42594,-0.00313,True,True,,False,False,,,,
CRASH900,2026-05-26T22:21:58.845827+00:00,1779834118.8458269,DOWN,-14.614,878.54,0.01663,-0.00072,True,False,spike_forced_dir: MULTDOWN (Hurst/trend bypassed); dynamic_structural_relax_no_fvg: regime=SLOW penalty=0.60 score_after=5.94; score 5.94 < min 6.00,False,False,,,,
CRASH900,2026-05-26T22:22:21.468103+00:00,1779834141.4681032,DOWN,-5.241,264.79,0.01979,,False,False,spike_forced_dir: MULTDOWN (Hurst/trend bypassed); dynamic_structural_relax_no_fvg: regime=SLOW penalty=0.60 score_after=5.81; score 5.81 < min 6.00,False,False,,,,
CRASH900,2026-05-26T22:22:21.504856+00:00,1779834141.5048563,DOWN,-58.74,2871.65,0.02046,-0.00313,True,False,AI_VETO: The trade is not approved because the mathematical score of 5.32 is below the required threshold of 5.5. | adaptive:baseline [cached],False,False,,,,
CRASH900,2026-05-26T22:22:21.548860+00:00,1779834141.5488596,DOWN,-14.614,125.08,0.11684,-0.00072,True,False,trade_cooldown,False,False,,,,
CRASH900,2026-05-26T22:30:11.187073+00:00,1779834611.1870725,DOWN,-22.277,130.48,0.17073,-0.00113,False,False,post_spike_chase_guard:21t<260t,False,True,win,MULTDOWN,True,858678239
CRASH900,2026-05-26T22:30:33.159240+00:00,1779834633.1592398,DOWN,-13.208,15.05,0.87769,-0.00162,True,False,post_spike_chase_guard:259t<260t,False,False,,,,
CRASH900,2026-05-26T23:04:52.202983+00:00,1779836692.2029831,DOWN,-16.368,122.7,0.13339,-0.0008,False,False,post_spike_chase_guard:169t<223t,False,True,win,MULTDOWN,True,859714179
CRASH900,2026-05-26T23:07:42.215049+00:00,1779836862.2150486,DOWN,-27.719,128.19,0.21624,-0.00159,True,False,post_spike_chase_guard:222t<223t,False,True,win,MULTDOWN,True,859714179
CRASH900,2026-05-26T23:18:06.184640+00:00,1779837486.18464,DOWN,-17.212,125.51,0.13714,-0.00086,False,False,post_spike_chase_guard:222t<223t,False,True,win,MULTDOWN,True,860426639
CRASH900,2026-05-26T23:46:27.165388+00:00,1779839187.1653876,DOWN,-15.805,121.22,0.13039,-0.00077,False,False,trade_cooldown,False,True,win,MULTDOWN,True,861267119
CRASH900,2026-05-27T00:58:58.188885+00:00,1779843538.1888847,DOWN,-25.917,129.96,0.19943,-0.00133,False,False,post_spike_chase_guard:299t<540t,False,True,win,MULTDOWN,True,863110259
CRASH900,2026-05-27T01:24:58.177878+00:00,1779845098.1778777,DOWN,-23.468,127.15,0.18457,-0.00119,False,False,post_spike_chase_guard:299t<540t,False,True,win,MULTDOWN,True,863608039
CRASH900,2026-05-27T01:50:59.165293+00:00,1779846659.165293,DOWN,-35.595,135.66,0.26238,-0.00186,False,False,trade_cooldown,False,True,win,MULTDOWN,True,863896659
CRASH900,2026-05-27T01:52:29.228573+00:00,1779846749.2285733,DOWN,-35.595,2002.05,0.01778,-0.00186,False,False,post_spike_chase_guard:388t<540t,False,False,,,,
CRASH900,2026-05-27T02:08:37.168860+00:00,1779847717.1688604,DOWN,-16.675,126.42,0.1319,-0.00083,False,False,post_spike_chase_guard:247t<540t,False,True,win,MULTDOWN,True,864523319
CRASH900,2026-05-27T02:12:45.177576+00:00,1779847965.1775758,DOWN,-11.643,115.26,0.10101,-0.00054,True,False,post_spike_chase_guard:209t<540t,False,True,win,MULTDOWN,True,864523319
CRASH900,2026-05-27T02:16:15.169930+00:00,1779848175.16993,DOWN,-26.943,131.11,0.2055,-0.00139,True,False,post_spike_chase_guard:269t<540t,False,False,,,,
CRASH900,2026-05-27T02:20:45.164511+00:00,1779848445.164511,DOWN,-7.378,110.03,0.06706,-0.00033,True,False,post_spike_chase_guard:299t<540t,False,False,,,,
CRASH900,2026-05-27T02:31:24.197872+00:00,1779849084.197872,DOWN,-31.011,134.5,0.23057,-0.00161,False,False,post_spike_chase_guard:299t<540t,False,False,,,,
CRASH900,2026-05-27T02:56:22.199211+00:00,1779850582.1992106,DOWN,-21.158,127.46,0.166,-0.00107,False,False,post_spike_chase_guard:240t<540t,False,True,win,MULTDOWN,True,865751999
CRASH900,2026-05-27T03:00:31.111120+00:00,1779850831.1111195,DOWN,-21.158,1099.61,0.01924,-0.00107,False,False,post_spike_chase_guard:371t<540t,False,False,,,,
CRASH900,2026-05-27T03:02:42.429929+00:00,1779850962.429929,DOWN,-21.158,1088.3,0.01944,-0.00107,False,False,spike_forced_dir: MULTDOWN (Hurst/trend bypassed); dynamic_structural_relax_no_fvg: regime=NORMAL penalty=0.60 score_after=5.97; score 5.97 < min 6.00,False,False,,,,
CRASH900,2026-05-27T03:08:15.177186+00:00,1779851295.1771863,DOWN,-7.164,102.67,0.06978,-0.0003,True,False,post_spike_chase_guard:299t<540t,False,False,,,,
CRASH900,2026-05-27T03:48:11.170873+00:00,1779853691.1708732,DOWN,-3.528,73.17,0.04821,-0.0001,False,False,dynamic_symbol_inactive,False,True,win,MULTDOWN,True,867211659
CRASH900,2026-05-27T04:00:44.193093+00:00,1779854444.1930928,DOWN,-8.862,108.33,0.08181,-0.00039,False,False,dynamic_symbol_inactive,False,True,win,MULTDOWN,True,867211659
CRASH900,2026-05-27T04:07:35.198042+00:00,1779854855.1980422,DOWN,-28.168,134.38,0.20962,-0.00145,False,False,dynamic_symbol_inactive,False,True,win,MULTDOWN,True,867211659
CRASH900,2026-05-27T04:13:28.206586+00:00,1779855208.2065856,DOWN,-15.157,127.79,0.11861,-0.00075,True,False,dynamic_symbol_inactive,False,False,,,,
CRASH900,2026-05-27T04:23:54.213799+00:00,1779855834.2137995,DOWN,-14.923,123.85,0.1205,-0.00073,False,False,dynamic_symbol_inactive,False,False,,,,
CRASH900,2026-05-27T04:28:38.198752+00:00,1779856118.1987522,DOWN,-2.096,60.37,0.03472,-2e-05,True,False,dynamic_symbol_inactive,False,False,,,,
CRASH900,2026-05-27T04:30:16.198122+00:00,1779856216.1981218,DOWN,-17.558,124.54,0.14099,-0.00091,True,False,dynamic_symbol_inactive,False,False,,,,
CRASH900,2026-05-27T04:50:04.209765+00:00,1779857404.2097647,DOWN,-23.85,130.81,0.18233,-0.00123,False,False,dynamic_symbol_inactive,False,False,,,,
CRASH900,2026-05-27T05:05:10.202106+00:00,1779858310.202106,DOWN,-42.444,133.82,0.31717,-0.00223,False,False,dynamic_symbol_inactive,False,False,,,,
CRASH900,2026-05-27T05:11:34.199210+00:00,1779858694.1992102,DOWN,-6.147,101.88,0.06034,-0.00024,True,False,dynamic_symbol_inactive,False,False,,,,
CRASH900,2026-05-27T05:47:29.207356+00:00,1779860849.2073565,DOWN,-18.371,125.92,0.1459,-0.00092,False,False,dynamic_symbol_inactive,False,False,,,,
CRASH900,2026-05-27T06:34:36.263809+00:00,1779863676.263809,DOWN,-19.131,129.19,0.14809,-0.00096,False,False,dynamic_symbol_inactive,False,False,,,,
CRASH900,2026-05-27T06:41:30.197129+00:00,1779864090.1971295,DOWN,-15.055,122.21,0.12319,-0.00074,False,False,dynamic_symbol_inactive,False,False,,,,
CRASH900,2026-05-27T06:53:19.182321+00:00,1779864799.182321,DOWN,-36.568,135.45,0.26997,-0.00191,False,False,dynamic_symbol_inactive,False,False,,,,
CRASH900,2026-05-27T06:58:24.182367+00:00,1779865104.182367,DOWN,-20.264,127.78,0.15859,-0.00102,True,False,dynamic_symbol_inactive,False,False,,,,
CRASH900,2026-05-27T07:11:01.177597+00:00,1779865861.1775973,DOWN,-11.305,114.49,0.09874,-0.00052,False,False,dynamic_symbol_inactive,False,False,,,,
CRASH900,2026-05-27T07:15:39.169256+00:00,1779866139.1692562,DOWN,-21.022,130.52,0.16106,-0.00107,True,False,dynamic_symbol_inactive,False,False,,,,
CRASH900,2026-05-27T07:40:37.165692+00:00,1779867637.1656919,DOWN,-18.881,126.94,0.14874,-0.00094,False,False,dynamic_symbol_inactive,False,False,,,,
CRASH900,2026-05-27T07:44:46.191030+00:00,1779867886.1910298,DOWN,-6.867,106.82,0.06428,-0.00028,True,False,dynamic_symbol_inactive,False,False,,,,
CRASH900,2026-05-27T08:10:15.198076+00:00,1779869415.1980762,DOWN,-6.345,105.03,0.06041,-0.00026,False,False,dynamic_symbol_inactive,False,False,,,,
CRASH900,2026-05-27T08:35:56.206259+00:00,1779870956.2062588,DOWN,-12.683,121.39,0.10448,-0.00061,False,False,dynamic_symbol_inactive,False,False,,,,
CRASH900,2026-05-27T09:00:20.245934+00:00,1779872420.2459342,DOWN,-4.365,91.56,0.04768,-0.00015,False,False,dynamic_symbol_inactive,False,False,,,,
CRASH900,2026-05-27T09:00:28.228346+00:00,1779872428.2283456,DOWN,-19.126,63.44,0.30147,-0.00118,True,False,dynamic_symbol_inactive,False,False,,,,
CRASH900,2026-05-27T09:20:41.166312+00:00,1779873641.1663115,DOWN,-19.718,124.4,0.15851,-0.00099,False,False,dynamic_symbol_inactive,False,False,,,,
CRASH900,2026-05-27T09:24:08.204044+00:00,1779873848.2040436,DOWN,-6.344,105.06,0.06039,-0.00026,True,False,dynamic_symbol_inactive,False,False,,,,
CRASH900,2026-05-27T09:28:22.189064+00:00,1779874102.1890638,DOWN,-19.233,124.98,0.15388,-0.00095,True,False,dynamic_symbol_inactive,False,False,,,,
CRASH900,2026-05-27T09:42:38.200448+00:00,1779874958.2004476,DOWN,-27.588,134.08,0.20576,-0.00142,False,False,dynamic_symbol_inactive,False,False,,,,
CRASH900,2026-05-27T10:09:47.203226+00:00,1779876587.2032259,DOWN,-37.914,134.88,0.2811,-0.00198,False,False,dynamic_symbol_inactive,False,False,,,,
CRASH900,2026-05-27T10:38:04.197925+00:00,1779878284.197925,DOWN,-23.194,128.12,0.18103,-0.00118,False,False,dynamic_symbol_inactive,False,False,,,,
CRASH900,2026-05-27T10:47:56.166793+00:00,1779878876.1667929,DOWN,-30.515,133.43,0.2287,-0.00159,False,False,dynamic_symbol_inactive,False,False,,,,
CRASH900,2026-05-27T10:59:30.173300+00:00,1779879570.1733,DOWN,-9.74,112.65,0.08646,-0.00045,False,False,dynamic_symbol_inactive,False,False,,,,
CRASH900,2026-05-27T11:00:22.173060+00:00,1779879622.17306,DOWN,-25.904,131.45,0.19706,-0.00165,True,False,dynamic_symbol_inactive,False,False,,,,
CRASH900,2026-05-27T11:18:43.171687+00:00,1779880723.1716874,DOWN,-25.827,128.93,0.20032,-0.00132,False,False,dynamic_symbol_inactive,False,False,,,,
CRASH900,2026-05-27T11:27:36.246714+00:00,1779881256.246714,DOWN,-4.589,63.9,0.07182,-0.00014,False,False,dynamic_symbol_inactive,False,False,,,,
CRASH900,2026-05-27T11:49:41.186074+00:00,1779882581.1860735,DOWN,-7.589,102.53,0.07401,-0.00033,False,False,dynamic_symbol_inactive,False,False,,,,
CRASH900,2026-05-27T11:58:02.289656+00:00,1779883082.289656,DOWN,-5.706,96.12,0.05937,-0.00021,False,False,dynamic_symbol_inactive,False,False,,,,
CRASH900,2026-05-27T12:08:45.189701+00:00,1779883725.1897013,DOWN,-9.42,110.13,0.08554,-0.00042,False,False,dynamic_symbol_inactive,False,False,,,,
CRASH900,2026-05-27T12:22:14.224743+00:00,1779884534.2247434,DOWN,-48.131,136.96,0.35141,-0.00254,False,False,dynamic_symbol_inactive,False,False,,,,
CRASH900,2026-05-27T12:28:47.228418+00:00,1779884927.2284176,DOWN,-7.726,108.2,0.07141,-0.00034,True,False,dynamic_symbol_inactive,False,False,,,,
CRASH900,2026-05-27T13:05:10.223426+00:00,1779887110.2234256,DOWN,-26.414,128.52,0.20553,-0.00136,False,False,dynamic_symbol_inactive,False,False,,,,
CRASH900,2026-05-27T13:25:16.819936+00:00,1779888316.819936,DOWN,-35.546,133.45,0.26637,-0.00185,False,False,dynamic_symbol_inactive,False,False,,,,
CRASH900,2026-05-27T13:29:39.201939+00:00,1779888579.2019386,DOWN,-27.935,129.74,0.21532,-0.00144,True,False,dynamic_symbol_inactive,False,False,,,,
CRASH900,2026-05-27T13:41:28.487049+00:00,1779889288.487049,DOWN,-27.935,1304.95,0.02141,-0.00144,False,False,dynamic_symbol_inactive,False,False,,,,
CRASH900,2026-05-27T13:43:05.983242+00:00,1779889385.9832416,DOWN,-27.935,1338.59,0.02087,,False,False,dynamic_symbol_inactive,False,False,,,,
CRASH900,2026-05-27T13:50:51.238931+00:00,1779889851.238931,DOWN,-0.897,37.38,0.024,5e-05,False,False,dynamic_symbol_inactive,False,False,,,,
CRASH900,2026-05-27T13:52:03.562747+00:00,1779889923.5627468,DOWN,-0.897,41.53,0.0216,5e-05,False,False,dynamic_symbol_inactive,False,False,,,,
CRASH900,2026-05-27T13:52:59.346408+00:00,1779889979.3464084,DOWN,-0.897,42.86,0.02093,5e-05,False,False,dynamic_symbol_inactive,False,False,,,,
CRASH900,2026-05-27T14:07:35.203617+00:00,1779890855.2036166,DOWN,-0.744,28.26,0.02633,5e-05,False,False,dynamic_symbol_inactive,False,False,,,,
CRASH900,2026-05-27T14:08:47.206542+00:00,1779890927.2065423,DOWN,-23.108,129.37,0.17862,-0.00119,True,False,dynamic_symbol_inactive,False,False,,,,
