symbol,side,entry_time_utc,exit_time_utc,opened_at_ts,closed_at_ts,duration_sec,stake_usdt,pnl_usdt,result,exit_reason,closed_by,contract_id,max_hold_seconds,spread_at_entry,ema200_distance_at_entry_pct,score_raw,effective_min_score,score_margin,trend,momentum,stability,atr_score,atr_pct,hurst,regime,setup_type,fvg_tier,geo_channel_pos,geo_slope_pct,dynamic_score_min,dynamic_score_ceiling,dynamic_cfg_regime,execution_grade,ema200_dev_pct,ema_state,ema_trade_alignment,ctx_regime,ctx_atr,ctx_atr_percentile,ctx_hurst,ctx_ema200_distance_pct,ctx_ticks_since_last_spike,ctx_spike_cluster_active,ctx_delta_s,ai_approved,ai_confidence,ai_score,ai_hurst,ai_autocorr,ai_vol_regime,ai_model,ai_delta_s,spikes_during_trade,favorable_spikes_during,adverse_spikes_during,first_favorable_spike_delay_s,first_adverse_spike_delay_s,spike_cluster_seen_during,last_spike_before_open_delay_s,last_spike_before_open_dir
BOOM1000,MULTUP,2026-05-26T13:58:02.325206+00:00,2026-05-26T14:12:25.375207+00:00,1779803882.3252063,1779804745.3752072,863.05,4.5,0.56,win,timeout_multispike,ws_event,835077739,0.0,1e-05,-0.0084,5.587,3.5,2.0869999999999997,1.5,1.44,0.75,1.0,1e-06,0.532,calm,TREND,dynamic_soft_veto_no_fvg,0.455,-0.0001,5.3,5.3,NORMAL,C,-0.0084,below_ema200,False,,,,,,,,,,,,,,,,,0,0,0,,,False,,
CRASH600,MULTDOWN,2026-05-26T13:59:02.991233+00:00,2026-05-26T14:32:18.293348+00:00,1779803942.9912333,1779805938.2933483,1995.302,2.0,-0.72,loss,broker_sl_hit,ws_event,835122599,0.0,0.0,,,,,,,,,,,,,,,,,,,?,,,,,,,,,,,,,,,,,,,,5,5,0,1204.2206091880798,,True,,
BOOM600,MULTUP,2026-05-26T14:07:29.718961+00:00,2026-05-26T14:25:22.582649+00:00,1779804449.7189612,1779805522.5826485,1072.864,1.5,-0.54,loss,broker_sl_hit,ws_event,835515779,0.0,1e-05,-0.0141,5.905,5.8,0.10500000000000043,1.5,1.07,0.75,1.19,2e-06,0.493,trending,TREND,dynamic_soft_veto_no_fvg,-0.311,-0.00011,5.3,5.3,NORMAL,C,-0.0141,below_ema200,False,,,,,,,,,,,,,,,,,0,0,0,,,False,,
CRASH900,MULTDOWN,2026-05-26T14:11:36.659971+00:00,2026-05-26T14:25:22.724319+00:00,1779804696.6599715,1779805522.7243187,826.064,1.5,0.45,win,timeout_multispike,reaper_poll,835706859,0.0,1e-05,0.0089,5.502,3.5,2.002,1.5,0.57,0.75,1.78,1e-06,0.479,calm,TREND,dynamic_soft_veto_no_fvg,0.284,2e-05,5.3,5.3,NORMAL,C,0.0089,above_ema200,False,,,,,,,,,,,,,,,,,1,1,0,764.7038478851318,,False,,
BOOM900,MULTUP,2026-05-26T14:11:41.421797+00:00,2026-05-26T14:38:02.455874+00:00,1779804701.4217966,1779806282.455874,1581.034,1.5,-0.54,loss,broker_sl_hit,ws_event,835710539,0.0,0.0,,,,,,,,,,,,,,,,,,,?,,,,,,,,,,,,,,,,,,,,0,0,0,,,False,,
CRASH1000,MULTDOWN,2026-05-26T14:12:56.073359+00:00,2026-05-26T14:17:48.429570+00:00,1779804776.0733585,1779805068.42957,292.356,2.0,0.26,win,timeout_multispike,ws_event,835764239,0.0,1e-05,0.0087,5.373,3.5,1.8730000000000002,1.5,1.02,0.75,1.0,1e-06,0.444,calm,TREND,dynamic_soft_veto_no_fvg,-0.082,0.00011,5.3,5.3,NORMAL,C,0.0087,above_ema200,False,,,,,,,,,,,,,,,,,1,1,0,245.14314913749695,,False,,
CRASH500,MULTDOWN,2026-05-26T14:23:47.081298+00:00,2026-05-26T14:54:11.445215+00:00,1779805427.0812984,1779807251.445215,1824.364,1.44,-0.52,loss,broker_sl_hit,ws_event,836237019,0.0,0.0,,,,,,,,,,,,,,,,,,,?,,,,normal,0.005731,64.0,0.4802,0.00015,419.0,True,49.8502984046936,,,,,,,,,11,11,0,107.39578604698181,,True,468.8862247467041,DOWN
CRASH1000,MULTDOWN,2026-05-26T14:27:06.832669+00:00,2026-05-26T14:29:58.478765+00:00,1779805626.8326693,1779805798.4787648,171.646,1.8,0.36,win,timeout_multispike,ws_event,836380379,0.0,0.0,,,,,,,,,,,,,,,,,,,?,,,,normal,0.005407,31.0,0.5001,9e-05,572.0,False,32.391669273376465,,,,,,,,,2,2,0,94.58724164962769,,True,92.0183494091034,DOWN
BOOM1000,MULTUP,2026-05-26T14:30:14.955481+00:00,2026-05-26T14:34:20.434807+00:00,1779805814.9554808,1779806060.4348073,245.479,4.0,0.81,win,timeout_multispike,ws_event,836519799,0.0,1e-05,-0.0084,5.304,3.5,1.8040000000000003,1.5,0.75,0.75,1.65,1e-06,0.453,calm,TREND,dynamic_soft_veto_no_fvg,-0.647,-9e-05,5.3,5.3,SLOW,C,-0.0084,below_ema200,False,normal,0.014255,75.0,0.4531,-9e-05,,False,33.73348093032837,,,,,,,,,1,1,0,233.2699339389801,,False,280.5507621765137,UP
CRASH900,MULTDOWN,2026-05-26T14:33:18.044874+00:00,2026-05-26T14:50:05.309672+00:00,1779805998.0448744,1779807005.309672,1007.265,1.84,0.62,win,timeout_multispike,ws_event,836666419,0.0,0.0,,,,,,,,,,,,,,,,,,,?,,,,normal,0.023703,80.0,0.4985,0.0001,499.0,True,36.71687436103821,,,,,,,,,4,4,0,313.69538164138794,,True,276.6966543197632,DOWN
BOOM600,MULTUP,2026-05-26T14:35:51.312214+00:00,2026-05-26T14:53:19.445443+00:00,1779806151.3122137,1779807199.4454427,1048.133,1.5,-0.54,loss,broker_sl_hit,ws_event,836793039,0.0,0.0,,,,,,,,,,,,,,,,,,,?,,,,normal,0.008538,45.0,0.505,-0.00014,361.0,False,9.876213550567627,,,,,,,,,4,4,0,160.69303274154663,,False,371.0965588092804,UP
CRASH600,MULTDOWN,2026-05-26T14:37:05.539726+00:00,2026-05-26T14:37:35.943372+00:00,1779806225.5397255,1779806255.9433715,30.404,1.2,0.55,win,timeout_multispike,reaper_poll,836858879,0.0,1e-05,0.0138,5.525,3.5,2.0250000000000004,1.5,1.37,0.75,1.0,1e-06,0.471,calm,TREND,dynamic_soft_veto_no_fvg,0.25,0.00015,5.3,5.3,SLOW,C,0.0138,above_ema200,False,normal,0.047469,98.0,0.4704,0.00014,427.0,True,23.792725563049316,,,,,,,,,1,1,0,18.712601900100708,,False,451.2372441291809,DOWN
BOOM900,MULTUP,2026-05-26T14:38:47.481937+00:00,2026-05-26T15:15:28.318148+00:00,1779806327.4819372,1779808528.318148,2200.836,1.5,0.52,win,timeout_multispike,ws_event,836945619,0.0,0.0,,,,,,,,,,,,,,,,,,,?,,,,normal,0.009393,18.0,0.4418,-9e-05,,False,65.88293719291687,,,,,,,,,13,13,0,104.7221736907959,,True,,
CRASH1000,MULTDOWN,2026-05-26T14:40:52.539817+00:00,2026-05-26T15:31:58.590605+00:00,1779806452.5398166,1779809518.5906055,3066.051,2.0,-0.72,loss,broker_sl_hit,ws_event,837063919,0.0,0.0,,,,,,,,,,,,,,,,,,,?,,,,normal,0.004345,3.0,0.4975,9e-05,691.0,True,9.118816614151001,,,,,,,,,8,8,0,124.44985556602478,,True,129.8646638393402,DOWN
BOOM500,MULTUP,2026-05-26T14:42:49.629735+00:00,2026-05-26T14:57:10.524363+00:00,1779806569.6297352,1779807430.524363,860.895,2.5,-0.9,loss,broker_sl_hit,ws_event,837171719,0.0,0.0,,,,,,,,,,,,,,,,,,,?,,,,normal,0.012007,70.0,0.4925,-0.00018,296.0,True,5.895735263824463,,,,,,,,,4,4,0,7.2170422077178955,,True,246.76064324378967,UP
BOOM600,MULTUP,2026-05-26T14:56:22.198574+00:00,2026-05-26T15:16:38.360249+00:00,1779807382.198574,1779808598.3602488,1216.162,1.08,-0.39,loss,broker_sl_hit,ws_event,837902059,0.0,0.0,,,,,,,,,,,,,,,,,,,?,,,,normal,0.008331,33.0,0.4364,-0.00013,1593.0,True,7.454574108123779,,,,,,,,,3,3,0,141.01783514022827,,False,728.0507073402405,UP
CRASH900,MULTDOWN,2026-05-26T14:57:32.090226+00:00,2026-05-26T15:15:01.467619+00:00,1779807452.090226,1779808501.4676192,1049.377,1.5,0.26,win,timeout_multispike,ws_event,837964639,0.0,0.0,,,,,,,,,,,,,,,,,,,?,,,,normal,0.019903,26.0,0.4862,0.0001,476.0,True,17.312225818634033,,,,,,,,,4,4,0,161.90197205543518,,True,493.86427330970764,DOWN
CRASH600,MULTDOWN,2026-05-26T15:00:30.639956+00:00,2026-05-26T15:04:30.563451+00:00,1779807630.639956,1779807870.563451,239.923,2.0,0.78,win,timeout_multispike,heartbeat_poll,838135639,0.0,0.0,,,,,,,,,,,,,,,,,,,?,,,,normal,0.037366,19.0,0.4711,0.00015,411.0,True,75.86995601654053,,,,,,,,,3,3,0,125.63730216026306,,True,16.267317533493042,DOWN
CRASH600,MULTDOWN,2026-05-26T15:11:46.453525+00:00,2026-05-26T15:14:01.421126+00:00,1779808306.4535246,1779808441.4211257,134.968,2.0,0.77,win,timeout_multispike,ws_event,838698599,0.0,1e-05,0.0136,6.613,5.8,0.8130000000000006,1.5,1.47,0.75,1.99,2e-06,0.474,trending,TREND,dynamic_soft_veto_no_fvg,0.221,3e-05,5.3,5.3,NORMAL,B,0.0136,above_ema200,False,normal,0.032938,6.0,0.4739,0.00013,472.0,True,10.076524496078491,,,,,,,,,2,2,0,81.75244140625,,True,482.21602272987366,DOWN
BOOM600,MULTUP,2026-05-26T15:16:41.884270+00:00,2026-05-26T15:56:26.325849+00:00,1779808601.8842704,1779810986.3258493,2384.442,1.08,-0.39,loss,broker_sl_hit,ws_event,838929619,0.0,0.0,,,,,,,,,,,,,,,,,,,?,,,,normal,0.009924,53.0,0.4939,-0.00015,1072.0,True,5.468270540237427,,,,,,,,,3,3,0,649.3509769439697,,True,845.6286380290985,UP
BOOM900,MULTUP,2026-05-26T15:17:43.686578+00:00,2026-05-26T15:48:17.081271+00:00,1779808663.6865783,1779810497.0812714,1833.395,1.5,-0.54,loss,broker_sl_hit,ws_event,838979439,0.0,0.0,,,,,,,,,,,,,,,,,,,?,,,,normal,0.009428,17.0,0.5023,0.0002,175.0,True,7.152578353881836,,,,,,,,,10,10,0,102.02921175956726,,True,182.50101947784424,UP
CRASH500,MULTDOWN,2026-05-26T15:18:39.245704+00:00,2026-05-26T15:32:38.424827+00:00,1779808719.2457044,1779809558.4248273,839.179,1.6,-0.58,loss,broker_sl_hit,ws_event,839026299,0.0,0.0,,,,,,,,,,,,,,,,,,,?,,,,normal,0.006821,60.0,0.4787,0.00018,491.0,False,2.869704484939575,,,,,,,,,2,2,0,46.39461350440979,,False,494.0214259624481,DOWN
CRASH900,MULTDOWN,2026-05-26T15:24:37.367678+00:00,2026-05-26T15:50:21.145056+00:00,1779809077.367678,1779810621.1450555,1543.777,1.84,-0.66,loss,broker_sl_hit,ws_event,839325699,0.0,1e-05,0.0095,6.215,6.0,0.21499999999999986,1.5,1.13,0.75,1.93,1e-06,0.485,calm,TREND,dynamic_soft_veto_no_fvg,0.27,2e-05,5.3,5.3,FAST,B,0.0095,above_ema200,False,normal,0.0192,51.0,0.485,9e-05,452.0,True,20.929677963256836,,,,,,,,,0,0,0,,,False,81.27158784866333,DOWN
CRASH600,MULTDOWN,2026-05-26T15:28:17.563787+00:00,2026-05-26T15:30:54.328213+00:00,1779809297.5637875,1779809454.3282135,156.764,1.8,0.19,win,timeout_multispike,ws_event,839502539,0.0,1e-05,0.015,6.25,5.8,0.4500000000000002,1.5,1.45,0.75,1.65,2e-06,0.549,trending,TREND,dynamic_soft_veto_no_fvg,0.289,7e-05,5.3,5.3,NORMAL,B,0.015,above_ema200,False,normal,0.041034,40.0,0.5488,0.00015,463.0,True,0.9527873992919922,,,,,,,,,1,1,0,109.64929699897766,,False,301.7495174407959,DOWN
CRASH1000,MULTDOWN,2026-05-26T15:32:55.587515+00:00,2026-05-26T16:44:07.811337+00:00,1779809575.587515,1779813847.8113372,4272.224,2.0,-0.72,loss,broker_sl_hit,ws_event,839724839,0.0,1e-05,0.0079,6.286,6.0,0.2859999999999996,1.5,1.26,0.75,1.88,1e-06,0.49,calm,TREND,dynamic_soft_veto_no_fvg,0.251,8e-05,5.3,5.3,NORMAL,B,0.0079,above_ema200,False,normal,0.005117,26.0,0.4898,8e-05,417.0,True,39.015515089035034,,,,,,,,,4,4,0,862.6272759437561,,False,456.3827130794525,DOWN
CRASH500,MULTDOWN,2026-05-26T15:34:51.516819+00:00,2026-05-26T15:48:44.986351+00:00,1779809691.5168192,1779810524.986351,833.47,1.73,-0.62,loss,broker_sl_hit,ws_event,839811399,0.0,1e-05,0.0165,5.848,5.8,0.04800000000000004,1.5,1.07,0.75,1.88,2e-06,0.478,trending,TREND,dynamic_soft_veto_no_fvg,-0.626,0.00021,5.3,5.3,SLOW,C,0.0165,above_ema200,False,normal,0.006428,93.0,0.4774,0.00016,1430.0,True,34.82481932640076,,,,,,,,,0,0,0,,,False,695.534765958786,DOWN
CRASH600,MULTDOWN,2026-05-26T15:46:39.762962+00:00,2026-05-26T16:03:39.867083+00:00,1779810399.762962,1779811419.8670826,1020.104,2.0,-0.72,loss,broker_sl_hit,ws_event,840318139,0.0,1e-05,0.0149,6.61,5.8,0.8100000000000005,1.5,1.5,0.75,1.96,2e-06,0.484,trending,TREND,dynamic_soft_veto_no_fvg,0.186,0.00017,5.3,5.3,NORMAL,B,0.0149,above_ema200,False,normal,0.041572,39.0,0.4837,0.00015,482.0,True,23.374962091445923,,,,,,,,,0,0,0,,,False,505.5235948562622,DOWN
BOOM900,MULTUP,2026-05-26T15:48:34.601164+00:00,2026-05-26T16:30:36.995436+00:00,1779810514.6011643,1779813036.9954364,2522.394,1.5,-0.54,loss,broker_sl_hit,ws_event,840399599,0.0,1e-05,-0.0096,6.254,6.0,0.25399999999999956,1.5,1.41,0.75,1.94,1e-06,0.469,calm,TREND,dynamic_soft_veto_no_fvg,-0.725,-0.00011,5.3,5.3,FAST,B,-0.0096,below_ema200,False,normal,0.010876,49.0,0.5347,-0.0001,1715.0,True,18.301164388656616,,,,,,,,,2,2,0,421.66574144363403,,False,1518.8914153575897,UP
CRASH900,MULTDOWN,2026-05-26T15:53:36.577697+00:00,2026-05-26T15:55:04.294216+00:00,1779810816.5776966,1779810904.2942164,87.717,1.66,0.22,win,timeout_multispike,ws_event,840618179,0.0,1e-05,0.009,4.856,3.5,1.3559999999999999,1.5,0.71,0.75,1.0,1e-06,0.55,calm,TREND,dynamic_soft_veto_no_fvg,-0.038,0.00011,5.3,5.3,FAST,C,0.009,above_ema200,False,normal,0.019759,27.0,0.5245,0.0001,2192.0,True,16.333696603775024,,,,,,,,,1,1,0,25.805608987808228,,False,1820.4816064834595,DOWN
CRASH900,MULTDOWN,2026-05-26T15:57:27.443897+00:00,2026-05-26T16:23:45.822480+00:00,1779811047.4438972,1779812625.8224802,1578.379,2.0,-0.72,loss,broker_sl_hit,ws_event,840789459,0.0,1e-05,0.009,6.451,6.0,0.4509999999999996,1.5,1.35,0.75,1.95,1e-06,0.501,calm,TREND,dynamic_soft_veto_no_fvg,0.24,-0.00013,5.3,5.3,NORMAL,B,0.009,above_ema200,False,normal,0.021738,86.0,0.5012,8e-05,198.0,False,7.200897216796875,,,,,,,,,0,0,0,,,False,205.06059169769287,DOWN
CRASH600,MULTDOWN,2026-05-26T16:05:20.186104+00:00,2026-05-26T16:24:48.524856+00:00,1779811520.1861036,1779812688.5248563,1168.339,1.8,0.82,win,timeout_multispike,ws_event,841120999,0.0,1e-05,0.0144,5.252,3.5,1.7519999999999998,1.5,1.1,0.75,1.0,1e-06,0.472,calm,TREND,dynamic_soft_veto_no_fvg,-0.014,0.00017,5.3,5.3,NORMAL,C,0.0144,above_ema200,False,normal,0.036048,5.0,0.472,0.00014,1622.0,True,0.7151036262512207,,,,,,,,,3,3,0,995.0199768543243,,True,1625.9467363357544,DOWN
CRASH500,MULTDOWN,2026-05-26T16:21:00.804696+00:00,2026-05-26T16:41:36.561698+00:00,1779812460.8046963,1779813696.5616982,1235.757,1.8,0.21,win,timeout_multispike,ws_event,841789419,0.0,1e-05,0.0167,5.9,5.8,0.10000000000000053,1.5,0.86,0.75,1.89,2e-06,0.48,trending,TREND,dynamic_soft_veto_no_fvg,0.3,9e-05,5.3,5.3,NORMAL,C,0.0167,above_ema200,False,normal,0.006993,91.0,0.4795,0.00017,418.0,False,41.59969639778137,,,,,,,,,3,3,0,725.4620568752289,,True,459.5645091533661,DOWN
CRASH900,MULTDOWN,2026-05-26T16:23:49.606677+00:00,2026-05-26T16:39:13.387201+00:00,1779812629.6066773,1779813553.3872008,923.781,1.6,0.51,win,timeout_multispike,ws_event,841903459,0.0,1e-05,0.0092,5.322,3.5,1.822,1.5,1.17,0.75,1.0,1e-06,0.492,calm,TREND,dynamic_soft_veto_no_fvg,-0.103,0.00011,5.3,5.3,SLOW,C,0.0092,above_ema200,False,normal,0.018428,14.0,0.5131,9e-05,1758.0,False,29.36467719078064,,,,,,,,,3,3,0,95.60173869132996,,True,1787.2233717441559,DOWN
CRASH600,MULTDOWN,2026-05-26T16:30:53.573565+00:00,2026-05-26T16:32:22.366743+00:00,1779813053.573565,1779813142.3667433,88.793,1.53,0.19,win,timeout_multispike,ws_event,842233759,0.0,1e-05,0.0126,7.591,5.8,1.7910000000000004,1.5,1.12,0.75,1.82,2e-06,0.568,trending,TREND,dynamic_soft_veto_no_fvg,0.444,-0.00041,5.3,5.3,NORMAL,A,0.0126,above_ema200,False,normal,0.033745,44.0,0.5674,0.00012,377.0,True,34.11356496810913,,,,,,,,,1,1,0,41.619717597961426,,False,411.1872913837433,DOWN
BOOM900,MULTUP,2026-05-26T16:31:24.452783+00:00,2026-05-26T17:28:34.623501+00:00,1779813084.4527826,1779816514.6235008,3430.171,1.2,0.21,win,timeout_multispike,heartbeat_poll,842259219,0.0,0.0,,,,,,,,,,,,,,,,,,,?,,,,normal,0.010897,86.0,0.4809,-9e-05,1068.0,False,4.956782579421997,,,,,,,,,7,7,0,407.78327083587646,,True,1073.2340052127838,UP
CRASH600,MULTDOWN,2026-05-26T16:39:55.905440+00:00,2026-05-26T16:47:13.296977+00:00,1779813595.9054399,1779814033.296977,437.392,2.0,0.19,win,timeout_multispike,ws_event,842689619,0.0,1e-05,0.0137,6.134,5.8,0.3340000000000005,1.5,1.47,0.75,1.51,2e-06,0.556,trending,TREND,dynamic_soft_veto_no_fvg,-0.002,0.00017,5.3,5.3,NORMAL,C,0.0137,above_ema200,False,normal,0.033972,4.0,0.5553,0.00014,464.0,False,36.526439905166626,,,,,,,,,1,1,0,390.3329288959503,,False,500.7121572494507,DOWN
CRASH1000,MULTDOWN,2026-05-26T16:44:35.528480+00:00,2026-05-26T17:01:53.392832+00:00,1779813875.5284803,1779814913.3928323,1037.864,1.8,0.28,win,timeout_multispike,ws_event,842915599,0.0,1e-05,0.0088,5.582,3.5,2.082,1.5,1.04,0.75,1.39,1e-06,0.488,calm,TREND,dynamic_soft_veto_no_fvg,0.246,0.0001,5.3,5.3,NORMAL,C,0.0088,above_ema200,False,normal,0.005959,41.0,0.4877,9e-05,753.0,False,16.13748025894165,,,,,,,,,3,3,0,793.6928884983063,,True,769.2860515117645,DOWN
CRASH900,MULTDOWN,2026-05-26T16:48:34.483805+00:00,2026-05-26T17:23:07.267793+00:00,1779814114.4838052,1779816187.267793,2072.784,1.8,-0.65,loss,broker_sl_hit,ws_event,843113219,0.0,0.0,,,,,,,,,,,,,,,,,,,?,,,,normal,0.022331,83.0,0.5037,0.0001,559.0,True,14.253805160522461,,,,,,,,,2,2,0,1307.7803928852081,,False,573.2370796203613,DOWN
CRASH600,MULTDOWN,2026-05-26T16:56:44.658551+00:00,2026-05-26T16:59:57.347778+00:00,1779814604.6585515,1779814797.3477778,192.689,2.0,0.66,win,timeout_multispike,ws_event,843485999,0.0,1e-05,0.0145,6.64,5.8,0.8399999999999999,1.5,1.5,0.75,1.99,2e-06,0.499,trending,TREND,dynamic_soft_veto_no_fvg,0.273,0.00017,5.3,5.3,NORMAL,B,0.0145,above_ema200,False,normal,0.038262,3.0,0.4991,0.00015,593.0,False,24.950551509857178,,,,,,,,,1,1,0,145.57818746566772,,False,618.4201827049255,DOWN
CRASH500,MULTDOWN,2026-05-26T17:01:52.630869+00:00,2026-05-26T17:06:50.422417+00:00,1779814912.6308694,1779815210.422417,297.792,2.0,0.27,win,timeout_multispike,ws_event,843731379,0.0,1e-05,0.0174,5.871,5.8,0.07100000000000062,1.5,0.85,0.75,1.87,2e-06,0.497,trending,TREND,dynamic_soft_veto_no_fvg,-0.057,0.00021,5.3,5.3,NORMAL,C,0.0174,above_ema200,False,normal,0.006545,57.0,0.4969,0.00017,463.0,True,33.13586950302124,,,,,,,,,1,1,0,250.65126585960388,,False,496.35748648643494,DOWN
CRASH600,MULTDOWN,2026-05-26T17:06:58.778678+00:00,2026-05-26T17:13:31.468873+00:00,1779815218.7786782,1779815611.4688733,392.69,1.6,0.27,win,timeout_multispike,ws_event,843965939,0.0,1e-05,0.0146,6.556,5.8,0.7560000000000002,1.5,1.47,0.75,1.94,2e-06,0.499,trending,TREND,dynamic_soft_veto_no_fvg,0.265,2e-05,5.3,5.3,SLOW,B,0.0146,above_ema200,False,normal,0.044621,97.0,0.499,0.00014,429.0,False,39.24767827987671,,,,,,,,,1,1,0,345.4374842643738,,False,468.54193925857544,DOWN
CRASH1000,MULTDOWN,2026-05-26T17:08:52.595208+00:00,2026-05-26T17:59:51.750343+00:00,1779815332.5952082,1779818391.750343,3059.155,1.5,-0.54,loss,broker_sl_hit,ws_event,844057659,0.0,0.0,,,,,,,,,,,,,,,,,,,?,,,,normal,0.006276,77.0,0.4979,8e-05,433.0,True,32.51920819282532,,,,,,,,,1,1,0,1585.6594705581665,,False,466.32854175567627,DOWN
BOOM1000,MULTUP,2026-05-26T17:19:15.418293+00:00,2026-05-26T17:30:44.453846+00:00,1779815955.418293,1779816644.453846,689.036,4.14,0.41,win,timeout_multispike,ws_event,844553939,0.0,1e-05,-0.0083,5.295,3.5,1.795,1.5,1.14,0.75,1.0,1e-06,0.451,calm,TREND,dynamic_soft_veto_no_fvg,-0.524,-9e-05,5.3,5.3,FAST,C,-0.0083,below_ema200,False,normal,0.014531,63.0,0.4572,-9e-05,,False,32.82529306411743,,,,,,,,,1,1,0,626.7988433837891,,False,1797.1985077857971,UP
CRASH600,MULTDOWN,2026-05-26T17:23:12.600921+00:00,2026-05-26T17:27:55.320422+00:00,1779816192.6009214,1779816475.3204224,282.72,1.8,0.57,win,timeout_multispike,ws_event,844740539,0.0,1e-05,0.0137,6.22,5.8,0.41999999999999993,1.5,1.5,0.75,1.57,2e-06,0.501,trending,TREND,dynamic_soft_veto_no_fvg,0.287,8e-05,5.3,5.3,NORMAL,B,0.0137,above_ema200,False,normal,0.044062,97.0,0.508,0.00014,428.0,True,30.039921283721924,,,,,,,,,1,1,0,235.5981674194336,,False,329.9946529865265,DOWN
CRASH900,MULTDOWN,2026-05-26T17:24:34.567714+00:00,2026-05-26T17:32:24.474668+00:00,1779816274.5677145,1779816744.474668,469.907,1.73,0.46,win,timeout_multispike,ws_event,844808859,0.0,1e-05,0.0099,5.597,3.5,2.0970000000000004,1.5,1.45,0.75,1.0,1e-06,0.498,calm,TREND,dynamic_soft_veto_no_fvg,-0.178,0.00012,5.3,5.3,SLOW,C,0.0099,above_ema200,False,normal,0.024221,76.0,0.4978,0.0001,799.0,False,52.27571439743042,,,,,,,,,1,1,0,457.65152072906494,,False,411.922593832016,DOWN
CRASH500,MULTDOWN,2026-05-26T17:28:06.895616+00:00,2026-05-26T17:31:17.441825+00:00,1779816486.8956163,1779816677.4418247,190.546,1.8,0.18,win,timeout_multispike,ws_event,844984099,0.0,1e-05,0.0166,5.922,5.8,0.12199999999999989,1.5,0.96,0.75,1.61,2e-06,0.447,trending,TREND,dynamic_soft_veto_no_fvg,0.286,0.0002,5.3,5.3,NORMAL,C,0.0166,above_ema200,False,normal,0.005207,5.0,0.5197,0.00017,482.0,True,24.565616369247437,,,,,,,,,1,1,0,143.30673623085022,,False,506.68971848487854,DOWN
CRASH600,MULTDOWN,2026-05-26T17:37:08.333390+00:00,2026-05-26T17:37:43.395860+00:00,1779817028.3333902,1779817063.3958602,35.062,1.73,0.35,win,timeout_multispike,ws_event,845413919,0.0,1e-05,0.0144,6.07,5.8,0.27000000000000046,1.5,1.5,0.75,1.42,2e-06,0.499,trending,TREND,dynamic_soft_veto_no_fvg,-0.597,0.00018,5.3,5.3,SLOW,C,0.0144,above_ema200,False,normal,0.036372,23.0,0.499,0.00014,574.0,False,25.892390251159668,,,,,,,,,1,1,0,21.856889963150024,,False,600.1343014240265,DOWN
CRASH500,MULTDOWN,2026-05-26T17:38:51.123319+00:00,2026-05-26T17:39:44.733443+00:00,1779817131.1233187,1779817184.7334425,53.61,1.8,0.61,win,timeout_multispike,reaper_poll,845495339,0.0,1e-05,0.0154,4.93,3.5,1.4299999999999997,1.5,0.78,0.75,1.0,1e-06,0.498,calm,TREND,dynamic_soft_veto_no_fvg,-0.003,0.00019,5.3,5.3,NORMAL,C,0.0154,above_ema200,False,normal,0.005207,19.0,0.4976,0.00016,492.0,False,8.71531867980957,,,,,,,,,1,1,0,7.104217767715454,,False,500.92096614837646,DOWN
CRASH900,MULTDOWN,2026-05-26T17:41:35.738749+00:00,2026-05-26T17:51:55.371297+00:00,1779817295.7387493,1779817915.371297,619.633,1.73,0.64,win,timeout_multispike,ws_event,845632919,0.0,1e-05,0.0088,6.015,6.0,0.01499999999999968,1.5,1.27,0.75,1.84,1e-06,0.498,calm,TREND,dynamic_soft_veto_no_fvg,-0.698,0.00011,5.3,5.3,SLOW,C,0.0088,above_ema200,False,normal,0.020545,93.0,0.4978,9e-05,510.0,False,53.00674915313721,,,,,,,,,1,1,0,607.4580824375153,,False,563.5195140838623,DOWN
CRASH500,MULTDOWN,2026-05-26T17:51:53.638135+00:00,2026-05-26T18:02:42.027023+00:00,1779817913.6381347,1779818562.0270233,648.389,2.0,0.15,win,ratchet_hit,heartbeat_poll,846157139,0.0,1e-05,0.0149,6.15,6.0,0.15000000000000036,1.5,1.5,0.75,1.0,1e-06,0.488,calm,TREND,dynamic_soft_veto_no_fvg,0.297,9e-05,5.3,5.3,NORMAL,C,0.0149,above_ema200,False,normal,0.004559,2.0,0.4879,0.00015,434.0,True,11.396134614944458,,,,,,,,,2,2,0,158.5534851551056,,False,445.40770983695984,DOWN
BOOM900,MULTUP,2026-05-26T17:52:11.391521+00:00,2026-05-26T18:18:13.645756+00:00,1779817931.3915215,1779819493.6457562,1562.254,1.08,0.38,win,timeout_multispike,reaper_poll,846171359,0.0,1e-05,-0.0092,5.169,3.5,1.6689999999999996,1.5,1.02,0.75,1.0,1e-06,0.488,calm,TREND,dynamic_soft_veto_no_fvg,-0.044,-0.00011,5.3,5.3,SLOW,C,-0.0092,below_ema200,False,normal,0.010483,95.0,0.4874,-8e-05,643.0,True,29.0575213432312,,,,,,,,,2,2,0,1476.8236796855927,,True,672.1970636844635,UP
CRASH600,MULTDOWN,2026-05-26T17:54:26.485848+00:00,2026-05-26T18:23:56.001755+00:00,1779818066.4858484,1779819836.0017555,1769.516,2.0,-0.72,loss,broker_sl_hit,ws_event,846281919,0.0,1e-05,0.014,5.568,3.5,2.0679999999999996,1.5,1.42,0.75,1.0,1e-06,0.503,calm,TREND,dynamic_soft_veto_no_fvg,-0.372,0.00017,5.3,5.3,NORMAL,C,0.014,above_ema200,False,normal,0.041552,61.0,0.5025,0.00014,587.0,True,43.57584834098816,,,,,,,,,2,2,0,667.7612800598145,,False,631.2921862602234,DOWN
CRASH1000,MULTDOWN,2026-05-26T17:59:52.530736+00:00,2026-05-26T18:30:03.990451+00:00,1779818392.5307362,1779820203.9904506,1811.46,2.0,-0.72,loss,broker_sl_hit,ws_event,846556739,0.0,1e-05,0.008,5.608,3.5,2.1079999999999997,1.5,0.96,0.75,1.0,1e-06,0.561,calm,TREND,dynamic_soft_veto_no_fvg,-0.609,0.0001,5.3,5.3,NORMAL,C,0.008,above_ema200,False,normal,0.005483,42.0,0.5615,8e-05,1464.0,False,9.983736276626587,,,,,,,,,1,1,0,1341.7056670188904,,False,1474.2760574817657,DOWN
CRASH900,MULTDOWN,2026-05-26T18:01:48.477726+00:00,2026-05-26T18:03:53.339673+00:00,1779818508.4777262,1779818633.3396728,124.862,1.5,0.42,win,timeout_multispike,ws_event,846655339,0.0,1e-05,0.0079,4.5,3.5,1.0,1.5,1.35,0.75,1.0,1e-06,0.497,calm,TREND,dynamic_soft_veto_no_fvg,-1.187,0.00011,5.3,5.3,NORMAL,C,0.0079,above_ema200,False,normal,0.015124,4.0,0.4974,8e-05,599.0,False,6.131726264953613,,,,,,,,,1,1,0,77.79018259048462,,False,605.2808945178986,DOWN
CRASH500,MULTDOWN,2026-05-26T18:13:34.948225+00:00,2026-05-26T18:16:00.460178+00:00,1779819214.9482248,1779819360.4601777,145.512,2.0,0.47,win,timeout_multispike,ws_event,847204819,0.0,1e-05,0.0166,6.473,5.8,0.673,1.5,1.12,0.75,1.7,2e-06,0.478,trending,TREND,dynamic_soft_veto_no_fvg,0.208,0.00015,5.3,5.3,NORMAL,B,0.0166,above_ema200,False,normal,0.006372,76.0,0.4738,0.00016,433.0,True,52.359224796295166,,,,,,,,,1,1,0,98.25944900512695,,False,485.68806982040405,DOWN
CRASH900,MULTDOWN,2026-05-26T18:15:45.550495+00:00,2026-05-26T18:31:31.112719+00:00,1779819345.5504947,1779820291.1127193,945.562,1.8,0.62,win,timeout_multispike,reaper_poll,847311079,0.0,1e-05,0.0091,5.598,3.5,2.098,1.5,1.2,0.75,1.25,1e-06,0.484,calm,TREND,dynamic_soft_veto_no_fvg,0.116,0.00011,5.3,5.3,NORMAL,C,0.0091,above_ema200,False,normal,0.020069,60.0,0.4838,9e-05,544.0,True,2.7484946250915527,,,,,,,,,3,3,0,355.6409945487976,,True,547.3364369869232,DOWN
CRASH500,MULTDOWN,2026-05-26T18:25:36.559597+00:00,2026-05-26T18:40:55.891717+00:00,1779819936.559597,1779820855.8917172,919.332,1.8,-0.65,loss,broker_sl_hit,ws_event,847800959,0.0,1e-05,0.0161,5.867,5.8,0.06700000000000017,1.5,1.28,0.0,1.69,2e-06,0.481,trending,TREND,dynamic_soft_veto_no_fvg,0.288,6e-05,5.3,5.3,NORMAL,C,0.0161,above_ema200,False,normal,0.005717,55.0,0.48,0.00016,405.0,True,53.84359693527222,,,,,,,,,1,1,0,578.6548492908478,,False,459.3288719654083,DOWN
BOOM900,MULTUP,2026-05-26T18:26:08.626266+00:00,2026-05-26T18:34:49.343651+00:00,1779819968.626266,1779820489.343651,520.717,1.2,0.24,win,timeout_multispike,ws_event,847828719,0.0,1e-05,-0.0097,5.18,3.5,1.6799999999999997,1.5,1.17,0.0,1.11,1e-06,0.517,calm,TREND,dynamic_soft_veto_no_fvg,-0.176,-5e-05,5.3,5.3,SLOW,C,-0.0097,below_ema200,False,normal,0.011317,70.0,0.5166,-0.0001,460.0,True,26.081265926361084,,,,,,,,,1,1,0,508.57113122940063,,False,486.27604627609253,UP
CRASH600,MULTDOWN,2026-05-26T18:26:22.503848+00:00,2026-05-26T18:43:19.956779+00:00,1779819982.503848,1779820999.9567795,1017.453,1.6,-0.58,loss,broker_sl_hit,ws_event,847840519,0.0,1e-05,0.0148,5.89,5.8,0.08999999999999986,1.5,0.96,0.75,1.78,2e-06,0.496,trending,TREND,dynamic_soft_veto_no_fvg,-0.027,0.00018,5.3,5.3,SLOW,C,0.0148,above_ema200,False,normal,0.044014,55.0,0.4962,0.00015,615.0,False,40.251847982406616,,,,,,,,,0,0,0,,,False,655.3002679347992,DOWN
CRASH1000,MULTDOWN,2026-05-26T18:30:12.827711+00:00,2026-05-26T18:59:05.815449+00:00,1779820212.8277109,1779821945.815449,1732.988,1.5,-0.54,loss,broker_sl_hit,ws_event,848044159,0.0,1e-05,0.0085,5.518,3.5,2.018,1.5,0.68,0.75,1.69,1e-06,0.535,calm,TREND,dynamic_soft_veto_no_fvg,0.283,0.0001,5.3,5.3,NORMAL,C,0.0085,above_ema200,False,normal,0.005221,12.0,0.5353,9e-05,448.0,False,29.78671097755432,,,,,,,,,0,0,0,,,False,478.5913076400757,DOWN
CRASH500,MULTDOWN,2026-05-26T18:42:18.522315+00:00,2026-05-26T18:56:29.941943+00:00,1779820938.5223145,1779821789.9419427,851.42,1.8,-0.65,loss,broker_sl_hit,ws_event,848657499,0.0,1e-05,0.0161,5.843,5.8,0.04300000000000015,1.5,0.91,0.75,1.28,2e-06,0.493,trending,TREND,dynamic_soft_veto_no_fvg,0.288,0.00018,5.3,5.3,NORMAL,C,0.0161,above_ema200,False,normal,0.006179,57.0,0.493,0.00017,387.0,False,35.852314472198486,,,,,,,,,0,0,0,,,False,423.3078682422638,DOWN
BOOM900,MULTUP,2026-05-26T18:42:46.437866+00:00,2026-05-26T18:47:38.393921+00:00,1779820966.4378662,1779821258.3939214,291.956,1.37,0.3,win,timeout_multispike,ws_event,848679719,0.0,1e-05,-0.0091,6.162,6.0,0.16199999999999992,1.5,0.95,0.75,1.56,1e-06,0.499,calm,TREND,dynamic_soft_veto_no_fvg,-0.157,-6e-05,5.3,5.3,SLOW,C,-0.0091,below_ema200,False,normal,0.010497,54.0,0.4992,-9e-05,485.0,False,4.0308661460876465,,,,,,,,,2,2,0,105.80912256240845,,True,489.24046897888184,UP
CRASH600,MULTDOWN,2026-05-26T18:46:03.821698+00:00,2026-05-26T18:49:04.372900+00:00,1779821163.821698,1779821344.3728998,180.551,1.82,0.31,win,timeout_multispike,ws_event,848851479,0.0,1e-05,0.0129,6.991,5.8,1.1909999999999998,1.5,1.26,0.75,1.58,2e-06,0.441,trending,TREND,dynamic_soft_veto_no_fvg,-1.14,0.00017,5.3,5.3,SLOW,B,0.0129,above_ema200,False,mean_reverting,0.037745,73.0,0.4268,0.00013,1815.0,False,20.81569790840149,,,,,,,,,1,1,0,168.4145483970642,,False,1836.6181178092957,DOWN
CRASH900,MULTDOWN,2026-05-26T18:52:55.011608+00:00,2026-05-26T19:24:51.874146+00:00,1779821575.011608,1779823491.8741465,1916.863,2.0,-0.72,loss,broker_sl_hit,ws_event,849200859,0.0,1e-05,0.0102,6.5,6.0,0.5,1.5,1.5,0.75,1.35,1e-06,0.486,calm,TREND,dynamic_soft_veto_no_fvg,0.293,0.00012,5.3,5.3,NORMAL,B,0.0102,above_ema200,False,normal,0.01969,9.0,0.4859,0.0001,529.0,True,12.57260799407959,,,,,,,,,1,1,0,200.18685865402222,,False,541.8115403652191,DOWN
CRASH500,MULTDOWN,2026-05-26T18:56:48.369464+00:00,2026-05-26T19:01:05.425753+00:00,1779821808.3694644,1779822065.4257534,257.056,2.0,0.7,win,timeout_multispike,ws_event,849419899,0.0,1e-05,0.0163,5.192,3.5,1.6920000000000002,1.5,0.54,0.75,1.0,1e-06,0.471,calm,TREND,dynamic_soft_veto_no_fvg,-0.183,0.0002,5.3,5.3,NORMAL,C,0.0163,above_ema200,False,normal,0.004766,2.0,0.4707,0.00016,1287.0,False,5.614464282989502,,,,,,,,,1,1,0,209.89168310165405,,False,1293.1550180912018,DOWN
CRASH600,MULTDOWN,2026-05-26T19:00:23.605156+00:00,2026-05-26T19:17:29.965305+00:00,1779822023.6051562,1779823049.9653053,1026.36,1.73,-0.62,loss,broker_sl_hit,ws_event,849604779,0.0,1e-05,0.0136,6.168,5.8,0.3680000000000003,1.5,1.31,0.75,1.96,2e-06,0.495,trending,TREND,dynamic_soft_veto_no_fvg,-0.683,0.00017,5.3,5.3,SLOW,C,0.0136,above_ema200,False,normal,0.032366,3.0,0.4949,0.00013,650.0,False,40.96315622329712,,,,,,,,,0,0,0,,,False,691.3689098358154,DOWN
BOOM900,MULTUP,2026-05-26T19:01:17.074201+00:00,2026-05-26T19:27:22.506631+00:00,1779822077.074201,1779823642.506631,1565.432,1.5,-0.54,loss,broker_sl_hit,ws_event,849650199,0.0,1e-05,-0.0096,5.561,3.5,2.061,1.5,0.91,0.75,1.0,1e-06,0.494,calm,TREND,dynamic_soft_veto_no_fvg,-0.275,-0.00011,5.3,5.3,NORMAL,C,-0.0096,below_ema200,False,normal,0.010055,70.0,0.4935,-9e-05,454.0,True,34.08920121192932,,,,,,,,,0,0,0,,,False,488.8327136039734,UP
CRASH1000,MULTDOWN,2026-05-26T19:01:23.859277+00:00,2026-05-26T19:47:43.801042+00:00,1779822083.859277,1779824863.8010416,2779.942,1.66,-0.6,loss,broker_sl_hit,ws_event,849655719,0.0,1e-05,0.0082,4.702,3.5,1.202,1.5,0.55,0.75,1.0,1e-06,0.485,calm,TREND,dynamic_soft_veto_no_fvg,-0.032,0.0001,5.3,5.3,FAST,C,0.0082,above_ema200,False,normal,0.005524,31.0,0.4894,9e-05,2308.0,False,41.08627700805664,,,,,,,,,1,1,0,1690.3783841133118,,False,2349.6228737831116,DOWN
CRASH600,MULTDOWN,2026-05-26T19:18:57.372497+00:00,2026-05-26T19:21:22.718542+00:00,1779823137.3724966,1779823282.718542,145.346,1.8,0.16,win,timeout_multispike,heartbeat_poll,850541799,0.0,1e-05,0.0144,5.415,3.5,1.915,1.5,1.27,0.75,1.0,1e-06,0.471,calm,TREND,dynamic_soft_veto_no_fvg,-0.0,0.00017,5.3,5.3,NORMAL,C,0.0144,above_ema200,False,normal,0.035593,3.0,0.4677,0.00015,1790.0,False,15.165496587753296,,,,,,,,,1,1,0,98.88934683799744,,False,1805.136250257492,DOWN
CRASH500,MULTDOWN,2026-05-26T19:22:27.895861+00:00,2026-05-26T19:38:57.916891+00:00,1779823347.895861,1779824337.916891,990.021,2.0,-0.72,loss,broker_sl_hit,ws_event,850721979,0.0,1e-05,0.0167,6.596,5.8,0.7960000000000003,1.5,1.4,0.75,1.55,2e-06,0.476,trending,TREND,dynamic_soft_veto_no_fvg,0.293,0.00016,5.3,5.3,NORMAL,B,0.0167,above_ema200,False,normal,0.006048,42.0,0.4746,0.00017,404.0,True,44.887861013412476,,,,,,,,,2,2,0,41.30330276489258,,True,449.70816349983215,DOWN
BOOM900,MULTUP,2026-05-26T19:28:34.764445+00:00,2026-05-26T19:39:01.371186+00:00,1779823714.7644448,1779824341.3711865,626.607,1.46,0.24,win,timeout_multispike,ws_event,851045539,0.0,1e-05,-0.009,6.789,6.0,0.7889999999999997,1.5,1.32,0.75,1.82,1e-06,0.505,calm,TREND,dynamic_soft_veto_no_fvg,0.123,-0.00011,5.3,5.3,NORMAL,B,-0.009,below_ema200,False,normal,0.009759,63.0,0.4957,-9e-05,2074.0,True,51.82444477081299,,,,,,,,,2,2,0,178.42589211463928,,False,2126.5229573249817,UP
CRASH900,MULTDOWN,2026-05-26T19:29:51.764400+00:00,2026-05-26T19:43:34.411533+00:00,1779823791.7643995,1779824614.411533,822.647,1.53,0.34,win,timeout_multispike,ws_event,851110459,0.0,1e-05,0.0099,7.556,3.5,4.056,1.5,0.79,0.75,1.12,1e-06,0.43,calm,TREND,dynamic_soft_veto_no_fvg,0.987,0.00011,5.3,5.3,NORMAL,A,0.0099,above_ema200,False,mean_reverting,0.022572,65.0,0.4273,0.0001,2007.0,False,9.268399477005005,,,,,,,,,2,2,0,243.41645216941833,,False,2016.5659329891205,DOWN
CRASH500,MULTDOWN,2026-05-26T19:40:29.135031+00:00,2026-05-26T19:42:55.369335+00:00,1779824429.1350312,1779824575.3693347,146.234,2.0,0.46,win,timeout_multispike,ws_event,851668479,0.0,1e-05,0.0162,5.805,5.8,0.004999999999999893,1.5,1.39,0.75,0.76,2e-06,0.5,trending,TREND,dynamic_soft_veto_no_fvg,-0.27,0.0002,5.3,5.3,NORMAL,C,0.0162,above_ema200,False,normal,0.005586,5.0,0.5,0.00018,935.0,True,46.24803113937378,,,,,,,,,1,1,0,99.04723000526428,,False,981.9697060585022,DOWN
CRASH600,MULTDOWN,2026-05-26T19:45:29.611105+00:00,2026-05-26T20:10:39.339344+00:00,1779824729.6111054,1779826239.339344,1509.728,1.8,-0.65,loss,broker_sl_hit,ws_event,851927459,0.0,0.0,,,,,,,,,,,,,,,,,,,?,,,,normal,0.0358,11.0,0.5431,0.00014,446.0,True,47.41410541534424,,,,,,,,,6,6,0,725.6066732406616,,True,493.3722548484802,DOWN
BOOM900,MULTUP,2026-05-26T19:46:21.995735+00:00,2026-05-26T20:42:39.314488+00:00,1779824781.9957347,1779828159.3144882,3377.319,1.5,-0.54,loss,broker_sl_hit,ws_event,851970179,0.0,0.0,,,,,,,,,,,,,,,,,,,?,,,,normal,0.009772,65.0,0.4853,-9e-05,448.0,False,39.55273461341858,,,,,,,,,5,5,0,829.1916258335114,,False,487.82030725479126,UP
CRASH1000,MULTDOWN,2026-05-26T19:49:35.324350+00:00,2026-05-26T19:58:29.464753+00:00,1779824975.3243499,1779825509.4647534,534.14,1.73,0.19,win,timeout_multispike,ws_event,852141419,0.0,1e-05,0.0077,6.0,6.0,0.0,1.5,1.5,0.75,1.6,1e-06,0.5,calm,TREND,dynamic_soft_veto_no_fvg,-0.74,0.0001,5.3,5.3,SLOW,C,0.0077,above_ema200,False,normal,0.004745,36.0,0.4819,8e-05,1148.0,False,52.98034977912903,,,,,,,,,1,1,0,521.896824836731,,False,1201.0866887569427,DOWN
CRASH900,MULTDOWN,2026-05-26T19:56:05.949811+00:00,2026-05-26T20:01:11.747095+00:00,1779825365.9498107,1779825671.7470953,305.797,1.84,0.42,win,timeout_multispike,reaper_poll,852475959,0.0,0.0,,,,,,,,,,,,,,,,,,,?,,,,normal,0.022731,96.0,0.4879,9e-05,474.0,True,23.107810735702515,,,,,,,,,3,3,0,243.25517058372498,,True,497.7508361339569,DOWN
BOOM1000,MULTUP,2026-05-26T20:02:56.136513+00:00,2026-05-26T20:38:13.634484+00:00,1779825776.1365128,1779827893.6344838,2117.498,4.56,-1.64,loss,broker_sl_hit,ws_event,852846919,0.0,0.0,,,,,,,,,,,,,,,,,,,?,,,,mean_reverting,0.01331,44.0,0.4281,-9e-05,,False,49.50751280784607,,,,,,,,,2,2,0,1469.052034854889,,False,1188.950397491455,UP
CRASH1000,MULTDOWN,2026-05-26T20:06:49.724840+00:00,2026-05-26T20:36:56.363657+00:00,1779826009.7248402,1779827816.3636568,1806.639,1.6,-0.58,loss,broker_sl_hit,ws_event,853043139,0.0,0.0,,,,,,,,,,,,,,,,,,,?,,,,normal,0.004766,29.0,0.4982,8e-05,468.0,True,42.63684010505676,,,,,,,,,1,1,0,20.253401279449463,,False,343.5960805416107,DOWN
CRASH900,MULTDOWN,2026-05-26T20:09:06.017741+00:00,2026-05-26T20:19:02.293307+00:00,1779826146.0177412,1779826742.2933068,596.276,1.99,0.35,win,timeout_multispike,ws_event,853147959,0.0,1e-05,0.0092,6.08,6.0,0.08000000000000007,1.5,1.5,0.75,1.93,1e-06,0.498,calm,TREND,dynamic_soft_veto_no_fvg,-0.871,0.00012,5.3,5.3,FAST,C,0.0092,above_ema200,False,normal,0.0208,66.0,0.4978,9e-05,480.0,True,55.65874123573303,,,,,,,,,2,2,0,509.18450927734375,,True,116.11908340454102,DOWN
CRASH500,MULTDOWN,2026-05-26T20:12:56.747175+00:00,2026-05-26T20:25:35.353118+00:00,1779826376.747175,1779827135.3531184,758.606,2.0,0.29,win,timeout_multispike,ws_event,853343719,0.0,0.0,,,,,,,,,,,,,,,,,,,?,,,,normal,0.004772,5.0,0.471,0.00016,459.0,True,46.43217492103577,,,,,,,,,4,4,0,372.4633526802063,,True,346.4942424297333,DOWN
CRASH600,MULTDOWN,2026-05-26T20:13:25.474522+00:00,2026-05-26T20:20:55.412260+00:00,1779826405.4745219,1779826855.4122598,449.938,1.6,0.23,win,timeout_multispike,ws_event,853368319,0.0,1e-05,0.0137,6.6,5.8,0.7999999999999998,1.5,1.5,0.75,1.95,2e-06,0.485,trending,TREND,dynamic_soft_veto_no_fvg,0.255,0.00016,5.3,5.3,SLOW,B,0.0137,above_ema200,False,normal,0.035903,28.0,0.4852,0.00013,803.0,True,14.52252197265625,,,,,,,,,1,1,0,437.72761583328247,,False,375.42380380630493,DOWN
CRASH900,MULTDOWN,2026-05-26T20:26:10.955044+00:00,2026-05-26T20:40:25.585608+00:00,1779827170.9550443,1779828025.5856085,854.631,2.0,0.62,win,timeout_multispike,reaper_poll,853980539,0.0,0.0,,,,,,,,,,,,,,,,,,,?,,,,normal,0.017869,10.0,0.5538,9e-05,459.0,True,30.381044387817383,,,,,,,,,3,3,0,552.2345135211945,,True,210.6321120262146,DOWN
CRASH600,MULTDOWN,2026-05-26T20:28:47.424437+00:00,2026-05-26T20:39:54.385264+00:00,1779827327.424437,1779827994.3852637,666.961,1.44,0.3,win,timeout_multispike,ws_event,854100099,0.0,0.0,,,,,,,,,,,,,,,,,,,?,,,,normal,0.03429,31.0,0.4962,0.00013,476.0,True,6.774436950683594,,,,,,,,,3,3,0,345.76167368888855,,True,366.851113319397,DOWN
CRASH500,MULTDOWN,2026-05-26T20:34:48.042581+00:00,2026-05-26T20:49:25.117904+00:00,1779827688.042581,1779828565.1179044,877.075,2.0,-0.72,loss,broker_sl_hit,ws_event,854376319,0.0,0.0,,,,,,,,,,,,,,,,,,,?,,,,normal,0.00531,6.0,0.4855,0.00017,224.0,True,7.331581115722656,,,,,,,,,3,3,0,204.70336365699768,,True,231.83356142044067,DOWN
CRASH1000,MULTDOWN,2026-05-26T20:41:49.384719+00:00,2026-05-26T21:11:19.893101+00:00,1779828109.384719,1779829879.8931005,1770.508,1.6,-0.58,loss,broker_sl_hit,ws_event,854714779,0.0,1e-05,0.0084,5.168,3.5,1.6680000000000001,1.5,0.52,0.75,1.0,1e-06,0.588,calm,TREND,dynamic_soft_veto_no_fvg,-0.403,0.00011,5.3,5.3,SLOW,C,0.0084,above_ema200,False,trending,0.006559,76.0,0.5929,9e-05,,False,35.378718852996826,,,,,,,,,0,0,0,,,False,2079.4064774513245,DOWN
CRASH900,MULTDOWN,2026-05-26T20:47:29.470636+00:00,2026-05-26T21:14:35.877744+00:00,1779828449.470636,1779830075.8777444,1626.407,2.0,-0.72,loss,broker_sl_hit,ws_event,854958439,0.0,1e-05,0.0088,6.73,6.0,0.7300000000000004,1.5,1.5,0.75,1.58,1e-06,0.498,calm,TREND,dynamic_soft_veto_no_fvg,0.246,-6e-05,5.3,5.3,NORMAL,B,0.0088,above_ema200,False,normal,0.018276,75.0,0.4978,8e-05,454.0,True,16.180635929107666,,,,,,,,,0,0,0,,,False,470.2961359024048,DOWN
CRASH500,MULTDOWN,2026-05-26T20:50:18.610782+00:00,2026-05-26T21:04:50.855497+00:00,1779828618.610782,1779829490.8554971,872.245,2.0,-0.72,loss,broker_sl_hit,ws_event,855066439,0.0,1e-05,0.0155,6.107,5.8,0.3070000000000004,1.5,1.17,0.75,1.99,2e-06,0.448,trending,TREND,dynamic_soft_veto_no_fvg,-0.54,0.00019,5.3,5.3,NORMAL,C,0.0155,above_ema200,False,normal,0.005972,98.0,0.4464,0.00016,1156.0,True,5.176781892776489,,,,,,,,,0,0,0,,,False,725.7818925380707,DOWN
BOOM900,MULTUP,2026-05-26T20:51:45.474955+00:00,2026-05-26T21:00:38.289283+00:00,1779828705.4749546,1779829238.2892828,532.814,1.3,0.44,win,timeout_multispike,ws_event,855121299,0.0,1e-05,-0.0091,5.532,3.5,2.032,1.5,0.73,0.75,1.65,1e-06,0.499,calm,TREND,dynamic_soft_veto_no_fvg,0.027,-0.00011,5.3,5.3,SLOW,C,-0.0091,below_ema200,False,normal,0.009903,56.0,0.4989,-9e-05,509.0,True,32.2679545879364,,,,,,,,,2,2,0,511.67246413230896,,True,541.2843596935272,UP
CRASH600,MULTDOWN,2026-05-26T21:00:51.604265+00:00,2026-05-26T21:03:33.285976+00:00,1779829251.6042647,1779829413.2859764,161.682,1.8,0.42,win,timeout_multispike,ws_event,855473259,0.0,1e-05,0.0131,5.475,3.5,1.9749999999999996,1.5,1.32,0.75,1.0,1e-06,0.531,calm,TREND,dynamic_soft_veto_no_fvg,-0.507,0.00016,5.3,5.3,NORMAL,C,0.0131,above_ema200,False,normal,0.039566,67.0,0.53,0.00014,604.0,True,37.817264795303345,,,,,,,,,1,1,0,114.5731132030487,,False,642.4025602340698,DOWN
BOOM900,MULTUP,2026-05-26T21:09:41.840322+00:00,2026-05-26T21:35:21.796347+00:00,1779829781.840322,1779831321.7963467,1539.956,1.3,-0.47,loss,broker_sl_hit,ws_event,855824759,0.0,1e-05,-0.0093,6.01,6.0,0.009999999999999787,1.5,1.5,0.75,1.86,1e-06,0.578,calm,TREND,dynamic_soft_veto_no_fvg,-0.755,-0.0001,5.3,5.3,SLOW,C,-0.0093,below_ema200,False,trending,0.011193,70.0,0.5776,-9e-05,527.0,True,28.113322019577026,,,,,,,,,0,0,0,,,False,555.6809592247009,UP
CRASH1000,MULTDOWN,2026-05-26T21:12:04.660661+00:00,2026-05-26T21:18:33.447278+00:00,1779829924.6606605,1779830313.4472778,388.787,1.6,0.16,win,timeout_multispike,ws_event,855927819,0.0,1e-05,0.0087,6.22,6.0,0.21999999999999975,1.5,1.5,0.75,1.57,1e-06,0.502,calm,TREND,dynamic_soft_veto_no_fvg,0.26,0.0001,5.3,5.3,SLOW,B,0.0087,above_ema200,False,normal,0.005641,39.0,0.5017,9e-05,,False,51.48766040802002,,,,,,,,,1,1,0,376.49765491485596,,False,3894.6824190616608,DOWN
CRASH900,MULTDOWN,2026-05-26T21:18:26.722162+00:00,2026-05-26T21:20:23.350528+00:00,1779830306.7221625,1779830423.3505285,116.628,1.53,0.57,win,timeout_multispike,ws_event,856180899,0.0,1e-05,0.0099,7.664,6.0,1.6639999999999997,1.5,1.31,0.75,1.9,1e-06,0.435,calm,TREND,dynamic_soft_veto_no_fvg,0.734,0.00011,5.3,5.3,NORMAL,A,0.0099,above_ema200,False,mean_reverting,0.019386,43.0,0.4205,0.0001,2314.0,True,13.05516242980957,,,,,,,,,1,1,0,69.45475172996521,,False,2327.5476624965668,DOWN
CRASH600,MULTDOWN,2026-05-26T21:24:47.514263+00:00,2026-05-26T21:37:35.026484+00:00,1779830687.5142627,1779831455.0264835,767.512,1.8,0.15,win,ratchet_hit,reaper_poll,856444879,0.0,1e-05,0.0133,5.056,3.5,1.556,1.5,0.91,0.75,1.0,1e-06,0.473,calm,TREND,dynamic_soft_veto_no_fvg,-0.291,0.00016,5.3,5.3,NORMAL,C,0.0133,above_ema200,False,normal,0.041131,68.0,0.4721,0.00014,474.0,False,34.33526277542114,,,,,,,,,1,1,0,723.6578192710876,,False,508.3462858200073,DOWN
CRASH1000,MULTDOWN,2026-05-26T21:26:22.504143+00:00,2026-05-26T22:15:37.268311+00:00,1779830782.504143,1779833737.2683113,2954.764,1.44,-0.52,loss,broker_sl_hit,ws_event,856509799,0.0,0.0,,,,,,,,,,,,,,,,,,,?,,,,normal,0.008138,85.0,0.5169,0.0001,424.0,True,8.991142988204956,,,,,,,,,2,2,0,1110.723469734192,,True,433.34424090385437,DOWN
CRASH900,MULTDOWN,2026-05-26T21:29:50.942596+00:00,2026-05-26T21:36:59.308403+00:00,1779830990.9425962,1779831419.3084033,428.366,1.27,0.17,win,timeout_multispike,ws_event,856654159,0.0,1e-05,0.0092,7.005,6.0,1.005,1.5,1.48,0.75,1.87,1e-06,0.489,calm,TREND,dynamic_soft_veto_no_fvg,0.562,-4e-05,5.3,5.3,NORMAL,B,0.0092,above_ema200,False,normal,0.01771,19.0,0.4887,9e-05,325.0,True,37.637596130371094,,,,,,,,,1,1,0,381.2523045539856,,False,362.6423933506012,DOWN
BOOM900,MULTUP,2026-05-26T21:36:05.497308+00:00,2026-05-26T22:18:52.225496+00:00,1779831365.4973085,1779833932.2254956,2566.728,1.5,0.26,win,timeout_multispike,reaper_poll,856900959,0.0,0.0,,,,,,,,,,,,,,,,,,,?,,,,normal,0.011786,88.0,0.4932,-0.0001,2087.0,True,51.617308378219604,,,,,,,,,7,7,0,761.6920907497406,,True,2139.3379456996918,UP
CRASH500,MULTDOWN,2026-05-26T21:38:35.114874+00:00,2026-05-26T21:53:00.919048+00:00,1779831515.1148736,1779832380.9190478,865.804,2.0,-0.72,loss,broker_sl_hit,ws_event,856997619,0.0,1e-05,0.0161,6.193,5.8,0.3929999999999998,1.5,1.14,0.75,1.9,2e-06,0.46,trending,TREND,dynamic_soft_veto_no_fvg,0.26,0.00011,5.3,5.3,NORMAL,C,0.0161,above_ema200,False,normal,0.006055,69.0,0.489,0.00016,442.0,False,21.12087368965149,,,,,,,,,0,0,0,,,False,463.94242763519287,DOWN
CRASH900,MULTDOWN,2026-05-26T21:42:55.401638+00:00,2026-05-26T22:10:50.386969+00:00,1779831775.4016376,1779833450.386969,1674.985,1.53,0.49,win,timeout_multispike,ws_event,857180839,0.0,1e-05,0.0101,7.064,6.0,1.064,1.5,1.42,0.75,1.99,1e-06,0.486,calm,TREND,dynamic_soft_veto_no_fvg,0.48,-0.00011,5.3,5.3,NORMAL,B,0.0101,above_ema200,False,normal,0.0188,3.0,0.4852,0.0001,361.0,False,42.21763753890991,,,,,,,,,2,2,0,1431.808441400528,,True,403.2067368030548,DOWN
CRASH600,MULTDOWN,2026-05-26T21:52:38.468273+00:00,2026-05-26T22:04:47.862397+00:00,1779832358.468273,1779833087.862397,729.394,2.0,1.54,win,timeout_multispike,reaper_poll,857576019,0.0,1e-05,0.0155,6.827,5.8,1.0270000000000001,1.5,1.39,0.75,1.79,2e-06,0.488,trending,TREND,dynamic_soft_veto_no_fvg,0.175,0.00017,5.3,5.3,NORMAL,B,0.0155,above_ema200,False,normal,0.041483,27.0,0.4874,0.00015,474.0,False,24.443272829055786,,,,,,,,,3,3,0,659.7366437911987,,True,499.2964165210724,DOWN
CRASH500,MULTDOWN,2026-05-26T21:56:32.415240+00:00,2026-05-26T22:01:19.930190+00:00,1779832592.4152403,1779832879.9301896,287.515,1.8,0.5,win,timeout_multispike,reaper_poll,857723139,0.0,1e-05,0.0172,6.02,5.8,0.21999999999999975,1.5,0.98,0.75,1.89,2e-06,0.53,trending,TREND,dynamic_soft_veto_no_fvg,0.243,0.0002,5.3,5.3,NORMAL,C,0.0172,above_ema200,False,normal,0.005945,27.0,0.5308,0.00017,1522.0,False,18.66524028778076,,,,,,,,,2,2,0,232.7796187400818,,True,1541.2427942752838,DOWN
CRASH600,MULTDOWN,2026-05-26T22:14:46.067519+00:00,2026-05-26T22:18:51.368316+00:00,1779833686.067519,1779833931.3683157,245.301,1.56,0.2,win,timeout_multispike,ws_event,858358999,0.0,1e-05,0.0147,8.12,5.8,2.3199999999999994,1.5,1.5,0.75,1.97,2e-06,0.581,trending,TREND,dynamic_soft_veto_no_fvg,0.725,-0.00024,5.3,5.3,FAST,A,0.0147,above_ema200,False,trending,0.039821,44.0,0.5809,0.00014,301.0,True,11.251518964767456,,,,,,,,,1,1,0,183.19461965560913,,True,131.48637199401855,DOWN
CRASH600,MULTDOWN,2026-05-26T22:21:39.515503+00:00,2026-05-26T22:30:30.517649+00:00,1779834099.5155034,1779834630.5176487,531.002,1.56,0.15,win,ratchet_hit,heartbeat_poll,858597999,0.0,0.0,,,,,,,,,,,,,,,,,,,?,,,,normal,0.037938,11.0,0.569,0.00014,225.0,True,5.014503479003906,,,,,,,,,8,8,0,19.4293110370636,,True,230.25336480140686,DOWN
CRASH900,MULTDOWN,2026-05-26T22:23:57.905759+00:00,2026-05-26T22:30:23.395353+00:00,1779834237.9057586,1779834623.3953533,385.49,2.0,0.3,win,timeout_multispike,ws_event,858678239,0.0,1e-05,0.0087,6.263,6.0,0.2629999999999999,1.5,1.25,0.75,1.86,1e-06,0.488,calm,TREND,dynamic_soft_veto_no_fvg,0.283,3e-05,5.3,5.3,SLOW,B,0.0087,above_ema200,False,normal,0.013848,3.0,0.4878,9e-05,420.0,True,36.484758615493774,,,,,,,,,1,1,0,373.2813138961792,,False,96.35689902305603,DOWN
CRASH500,MULTDOWN,2026-05-26T22:24:15.398329+00:00,2026-05-26T22:30:03.514151+00:00,1779834255.3983285,1779834603.5141509,348.116,2.0,0.16,win,timeout_multispike,ws_event,858688659,0.0,1e-05,0.0175,6.051,5.8,0.25100000000000033,1.5,0.98,0.75,1.92,2e-06,0.484,trending,TREND,dynamic_soft_veto_no_fvg,0.059,0.00021,5.3,5.3,NORMAL,C,0.0175,above_ema200,False,normal,0.007028,92.0,0.4825,0.00018,477.0,True,53.745328426361084,,,,,,,,,2,2,0,68.7841854095459,,True,114.03783440589905,DOWN
BOOM900,MULTUP,2026-05-26T22:35:05.570488+00:00,2026-05-26T22:46:59.284477+00:00,1779834905.5704882,1779835619.2844772,713.714,1.5,-0.26,loss,open_prob_exit:prob=0.216<=0.220|pnl=-0.2600<=0.0200|atr_ratio=0.603|cycle=1.39,ws_event,859064719,0.0,1e-05,-0.0102,4.511,3.5,1.0110000000000001,1.5,1.07,0.75,1.29,1e-06,0.516,calm,TREND,dynamic_soft_veto_no_fvg,-0.909,-0.00012,5.3,5.3,NORMAL,C,-0.0102,below_ema200,False,normal,0.010407,46.0,0.515,-0.0001,497.0,True,44.414488315582275,,,,,,,,,0,0,0,,,False,541.3694517612457,UP
CRASH900,MULTDOWN,2026-05-26T22:37:25.609135+00:00,2026-05-26T22:51:55.278785+00:00,1779835045.6091354,1779835915.2787848,869.67,2.0,-0.41,loss,open_prob_exit:prob=0.219<=0.220|pnl=-0.4100<=0.0200|atr_ratio=0.618|cycle=1.42,ws_event,859145579,0.0,1e-05,0.0093,7.024,3.5,3.524,1.5,0.88,0.75,1.49,1e-06,0.568,calm,TREND,dynamic_soft_veto_no_fvg,0.433,-0.00019,5.3,5.3,NORMAL,B,0.0093,above_ema200,False,normal,0.021697,91.0,0.5385,9e-05,408.0,True,3.967135429382324,,,,,,,,,0,0,0,,,False,412.44989562034607,DOWN
CRASH500,MULTDOWN,2026-05-26T22:37:53.270709+00:00,2026-05-26T22:40:24.506047+00:00,1779835073.2707086,1779835224.5060465,151.235,2.0,0.15,win,ratchet_hit,reaper_poll,859163919,0.0,1e-05,0.0161,5.817,5.8,0.017000000000000348,1.5,0.96,0.75,1.71,2e-06,0.482,trending,TREND,dynamic_soft_veto_no_fvg,-0.168,0.0002,5.3,5.3,SLOW,C,0.0161,above_ema200,False,normal,0.006683,85.0,0.4875,0.00017,485.0,True,31.979708671569824,,,,,,,,,1,1,0,148.88383173942566,,False,517.0942990779877,DOWN
CRASH600,MULTDOWN,2026-05-26T22:43:34.598651+00:00,2026-05-26T22:48:54.375605+00:00,1779835414.5986512,1779835734.3756046,319.777,1.6,0.45,win,timeout_multispike,ws_event,859367959,0.0,1e-05,-0.0221,7.752,5.8,1.952,1.5,1.3,0.75,1.7,2e-06,0.481,trending,SMC_FVG,fvg_mitigated,0.108,-0.00049,5.3,5.3,FAST,A,-0.0221,below_ema200,True,normal,0.037745,1.0,0.481,-0.00029,169.0,False,12.905651092529297,,,,,,,,,1,1,0,272.56187915802,,False,182.44234371185303,DOWN
CRASH600,MULTDOWN,2026-05-26T22:51:09.399817+00:00,2026-05-26T23:25:11.268475+00:00,1779835869.399817,1779837911.268475,2041.869,1.6,-0.13,loss,open_prob_exit:prob=0.220<=0.220|pnl=-0.1300<=0.0200|atr_ratio=0.036|cycle=0.87,ws_event,859627839,0.0,0.0,,,,,,,,,,,,,,,,,,,?,,,,normal,0.039428,78.0,0.4832,-0.00038,134.0,False,47.894816875457764,,,,,,,,,8,8,0,245.68024230003357,,True,182.23928666114807,DOWN
CRASH900,MULTDOWN,2026-05-26T22:53:41.020032+00:00,2026-05-26T23:08:29.315439+00:00,1779836021.0200324,1779836909.3154395,888.295,2.0,0.55,win,timeout_multispike,ws_event,859714179,0.0,0.0,,,,,,,,,,,,,,,,,,,?,,,,normal,0.018414,41.0,0.4657,0.0001,1368.0,True,19.15603232383728,,,,,,,,,2,2,0,671.1829507350922,,True,1387.8607926368713,DOWN
CRASH500,MULTDOWN,2026-05-26T22:57:22.080163+00:00,2026-05-26T23:02:08.717596+00:00,1779836242.0801632,1779836528.7175956,286.637,2.0,0.3,win,timeout_multispike,reaper_poll,859833739,0.0,0.0,,,,,,,,,,,,,,,,,,,?,,,,normal,0.006338,46.0,0.465,0.00018,472.0,True,6.797163248062134,,,,,,,,,2,2,0,227.87748312950134,,True,126.82009148597717,DOWN
BOOM900,MULTUP,2026-05-26T23:01:18.900741+00:00,2026-05-26T23:16:36.360347+00:00,1779836478.9007413,1779837396.3603468,917.46,1.5,0.31,win,timeout_multispike,ws_event,859957159,0.0,1e-05,-0.0093,4.898,3.5,1.3979999999999997,1.5,0.75,0.75,1.0,1e-06,0.498,calm,TREND,dynamic_soft_veto_no_fvg,0.046,-0.00011,5.3,5.3,NORMAL,C,-0.0093,below_ema200,False,normal,0.008717,25.0,0.4989,-9e-05,552.0,True,63.22774124145508,,,,,,,,,2,2,0,442.2556800842285,,False,8.751919746398926,UP
CRASH500,MULTDOWN,2026-05-26T23:12:22.500876+00:00,2026-05-26T23:23:41.265550+00:00,1779837142.5008757,1779837821.2655497,678.765,2.0,0.02,win,open_prob_exit:prob=0.206<=0.220|pnl=0.0200<=0.0200|atr_ratio=0.532|cycle=2.00,ws_event,860298599,0.0,1e-05,0.0159,5.863,5.8,0.06300000000000061,1.5,1.29,0.0,1.67,2e-06,0.497,trending,TREND,dynamic_soft_veto_no_fvg,-0.104,0.00019,5.3,5.3,NORMAL,C,0.0159,above_ema200,False,normal,0.005966,57.0,0.4974,0.00016,648.0,True,12.324875593185425,,,,,,,,,2,2,0,645.6843550205231,,True,660.3006472587585,DOWN
CRASH900,MULTDOWN,2026-05-26T23:16:31.502264+00:00,2026-05-26T23:18:52.958317+00:00,1779837391.5022645,1779837532.9583166,141.456,2.0,0.29,win,timeout_multispike,reaper_poll,860426639,0.0,1e-05,0.01,6.49,6.0,0.4900000000000002,1.5,1.37,0.75,1.97,1e-06,0.483,calm,TREND,dynamic_soft_veto_no_fvg,0.05,0.00012,5.3,5.3,NORMAL,B,0.01,above_ema200,False,normal,0.019876,25.0,0.4881,0.0001,508.0,True,20.958264589309692,,,,,,,,,1,1,0,94.68237543106079,,False,529.2872159481049,DOWN
BOOM900,MULTUP,2026-05-26T23:24:52.526829+00:00,2026-05-26T23:30:35.270988+00:00,1779837892.5268288,1779838235.270988,342.744,1.5,0.26,win,timeout_multispike,ws_event,860670819,0.0,1e-05,-0.0096,4.967,3.5,1.4669999999999996,1.5,0.8,0.75,1.02,1e-06,0.486,calm,TREND,dynamic_soft_veto_no_fvg,-0.336,-0.00011,5.3,5.3,NORMAL,C,-0.0096,below_ema200,False,normal,0.010283,35.0,0.4856,-0.0001,501.0,False,41.773828744888306,,,,,,,,,1,1,0,295.6343894004822,,False,543.3538620471954,UP
CRASH900,MULTDOWN,2026-05-26T23:26:03.491177+00:00,2026-05-26T23:38:39.275484+00:00,1779837963.4911768,1779838719.275484,755.784,2.0,-0.36,loss,open_prob_exit:prob=0.216<=0.220|pnl=-0.3600<=0.0200|atr_ratio=0.595|cycle=1.37,ws_event,860708059,0.0,1e-05,0.01,6.025,6.0,0.025000000000000355,1.5,1.37,0.75,1.0,1e-06,0.46,calm,TREND,dynamic_soft_veto_no_fvg,0.228,6e-05,5.3,5.3,NORMAL,C,0.01,above_ema200,False,normal,0.019428,40.0,0.4595,0.0001,424.0,False,53.19017672538757,,,,,,,,,0,0,0,,,False,477.3065369129181,DOWN
CRASH600,MULTDOWN,2026-05-26T23:26:55.510055+00:00,2026-05-26T23:33:48.325672+00:00,1779838015.5100548,1779838428.3256717,412.816,1.6,-0.24,loss,open_prob_exit:prob=0.213<=0.220|pnl=-0.2400<=0.0200|atr_ratio=0.593|cycle=1.73,ws_event,860738039,0.0,1e-05,0.0136,5.227,3.5,1.7270000000000003,1.5,1.08,0.75,1.0,1e-06,0.484,calm,TREND,dynamic_soft_veto_no_fvg,-0.135,0.00016,5.3,5.3,NORMAL,C,0.0136,above_ema200,False,normal,0.036303,13.0,0.4767,0.00014,580.0,True,45.33305478096008,,,,,,,,,0,0,0,,,False,625.3172671794891,DOWN
CRASH500,MULTDOWN,2026-05-26T23:34:13.293151+00:00,2026-05-26T23:41:49.274181+00:00,1779838453.2931514,1779838909.2741814,455.981,2.0,-0.16,loss,open_prob_exit:prob=0.213<=0.220|pnl=-0.1600<=0.0200|atr_ratio=0.570|cycle=1.52,ws_event,860950119,0.0,1e-05,0.0176,6.968,5.8,1.1680000000000001,1.5,1.38,0.75,1.94,2e-06,0.543,trending,TREND,dynamic_soft_veto_no_fvg,0.3,0.00013,5.3,5.3,NORMAL,B,0.0176,above_ema200,False,normal,0.006483,71.0,0.5433,0.00018,454.0,True,2.7521514892578125,,,,,,,,,1,1,0,47.86652636528015,,False,457.10164499282837,DOWN
CRASH600,MULTDOWN,2026-05-26T23:35:13.641444+00:00,2026-05-26T23:41:06.362562+00:00,1779838513.6414444,1779838866.3625624,352.721,1.6,-0.22,loss,open_prob_exit:prob=0.213<=0.220|pnl=-0.2200<=0.0200|atr_ratio=0.589|cycle=2.00,ws_event,860976819,0.0,1e-05,0.0135,5.859,5.8,0.05900000000000016,1.5,1.24,0.75,1.47,2e-06,0.486,trending,TREND,dynamic_soft_veto_no_fvg,-0.497,0.00016,5.3,5.3,NORMAL,C,0.0135,above_ema200,False,normal,0.036917,59.0,0.4858,0.00013,1120.0,True,2.8154444694519043,,,,,,,,,0,0,0,,,False,1123.448656797409,DOWN
CRASH600,MULTDOWN,2026-05-26T23:41:15.455444+00:00,2026-05-26T23:44:37.369846+00:00,1779838875.4554439,1779839077.3698459,201.914,1.6,0.77,win,timeout_multispike,ws_event,861152759,0.0,1e-05,0.0132,5.289,3.5,1.7889999999999997,1.5,1.39,0.75,1.0,1e-06,0.517,calm,TREND,dynamic_soft_veto_no_fvg,-0.691,0.00017,5.3,5.3,NORMAL,C,0.0132,above_ema200,False,normal,0.028897,3.0,0.5176,0.00013,1480.0,True,4.8524439334869385,,,,,,,,,1,1,0,154.7502419948578,,False,1485.262656211853,DOWN
BOOM900,MULTUP,2026-05-26T23:41:21.369318+00:00,2026-05-26T23:49:16.611872+00:00,1779838881.3693178,1779839356.6118722,475.243,1.5,0.15,win,ratchet_hit,reaper_poll,861155799,0.0,1e-05,-0.009,6.06,6.0,0.05999999999999961,1.5,1.23,0.75,1.68,1e-06,0.503,calm,TREND,dynamic_soft_veto_no_fvg,0.312,-0.00011,5.3,5.3,NORMAL,C,-0.009,below_ema200,False,normal,0.009903,52.0,0.5073,-9e-05,586.0,True,10.591317653656006,,,,,,,,,1,1,0,473.8038148880005,,False,597.1836626529694,UP
CRASH500,MULTDOWN,2026-05-26T23:43:24.231685+00:00,2026-05-26T23:53:22.299655+00:00,1779839004.2316854,1779839602.2996552,598.068,2.0,0.25,win,timeout_multispike,ws_event,861218639,0.0,1e-05,0.0165,6.902,5.8,1.1020000000000003,1.5,1.31,0.75,1.94,2e-06,0.48,trending,TREND,dynamic_soft_veto_no_fvg,0.159,0.00019,5.3,5.3,NORMAL,B,0.0165,above_ema200,False,normal,0.004938,38.0,0.4802,0.00016,489.0,False,13.298685312271118,,,,,,,,,2,2,0,557.9648199081421,,True,503.0720076560974,DOWN
CRASH900,MULTDOWN,2026-05-26T23:44:54.424398+00:00,2026-05-26T23:47:14.315933+00:00,1779839094.4243977,1779839234.3159332,139.892,2.0,0.26,win,timeout_multispike,ws_event,861267119,0.0,1e-05,0.0102,8.625,6.0,2.625,1.5,1.35,0.75,1.62,1e-06,0.433,calm,TREND,dynamic_soft_veto_no_fvg,0.819,0.00011,5.3,5.3,NORMAL,A,0.0102,above_ema200,False,mean_reverting,0.021421,46.0,0.4261,0.0001,1564.0,False,44.0893976688385,,,,,,,,,1,1,0,92.74098992347717,,False,1608.2397577762604,DOWN
CRASH600,MULTDOWN,2026-05-26T23:46:51.796676+00:00,2026-05-26T23:50:57.317124+00:00,1779839211.796676,1779839457.3171244,245.52,1.6,0.31,win,timeout_multispike,ws_event,861331699,0.0,1e-05,-0.0318,9.03,3.5,5.529999999999999,1.5,1.05,0.75,1.23,1e-06,0.5,calm,SMC_FVG,fvg_mitigated,0.092,-0.00062,5.3,5.3,NORMAL,A,-0.0318,below_ema200,True,normal,0.029076,10.0,0.5004,-0.00056,140.0,False,41.204675912857056,,,,,,,,,1,1,0,198.65634393692017,,True,181.59099006652832,DOWN
CRASH900,MULTDOWN,2026-05-26T23:50:58.291935+00:00,2026-05-27T00:07:18.345312+00:00,1779839458.2919352,1779840438.3453124,980.053,2.0,-0.45,loss,open_prob_exit:prob=0.217<=0.220|pnl=-0.4500<=0.0200|atr_ratio=0.612|cycle=1.39,ws_event,861467239,0.0,1e-05,0.0095,7.04,6.0,1.04,1.5,1.5,0.75,1.89,1e-06,0.499,calm,TREND,dynamic_soft_veto_no_fvg,0.559,-0.00015,5.3,5.3,NORMAL,B,0.0095,above_ema200,False,normal,0.022407,79.0,0.4987,0.0001,223.0,False,47.5749351978302,,,,,,,,,0,0,0,,,False,271.12654757499695,DOWN
CRASH600,MULTDOWN,2026-05-26T23:53:12.002819+00:00,2026-05-27T00:12:52.357176+00:00,1779839592.0028186,1779840772.357176,1180.354,1.6,-0.34,loss,open_prob_exit:prob=0.220<=0.220|pnl=-0.3400<=0.0200|atr_ratio=0.057|cycle=0.79,ws_event,861536759,0.0,1e-05,-0.0082,8.608,5.8,2.8080000000000007,1.5,0.79,0.75,1.07,2e-06,0.486,trending,SMC_FVG,fvg_mitigated,0.123,-0.00024,5.3,5.3,NORMAL,A,-0.0082,below_ema200,True,normal,0.041524,54.0,0.4862,-8e-05,180.0,True,1.7878186702728271,,,,,,,,,2,2,0,456.22551441192627,,True,181.54979872703552,DOWN
BOOM900,MULTUP,2026-05-26T23:54:46.440468+00:00,2026-05-26T23:58:17.266491+00:00,1779839686.4404683,1779839897.266491,210.826,1.5,0.64,win,timeout_multispike,ws_event,861585959,0.0,1e-05,-0.0099,8.35,6.0,2.3499999999999996,1.5,0.99,0.75,1.96,1e-06,0.497,calm,TREND,dynamic_soft_veto_no_fvg,-0.612,0.00019,5.3,5.3,FAST,A,-0.0099,below_ema200,False,normal,0.011062,58.0,0.4971,-0.0001,295.0,False,35.76946830749512,,,,,,,,,3,3,0,78.7289297580719,,True,331.26733565330505,UP
CRASH500,MULTDOWN,2026-05-27T00:01:09.460421+00:00,2026-05-27T00:09:45.278561+00:00,1779840069.460421,1779840585.2785609,515.818,2.0,-0.45,loss,open_prob_exit:prob=0.217<=0.220|pnl=-0.4500<=0.0200|atr_ratio=0.616|cycle=1.72,ws_event,861783959,0.0,1e-05,0.0151,6.113,5.8,0.3130000000000006,1.5,1.33,0.75,1.13,2e-06,0.543,trending,TREND,dynamic_soft_veto_no_fvg,0.176,0.00013,5.3,5.3,SLOW,C,0.0151,above_ema200,False,normal,0.006869,96.0,0.5428,0.00017,420.0,True,58.99442100524902,,,,,,,,,0,0,0,,,False,479.1221833229065,DOWN
BOOM900,MULTUP,2026-05-27T00:01:36.560109+00:00,2026-05-27T00:22:53.844470+00:00,1779840096.5601091,1779841373.8444703,1277.284,1.5,-0.45,loss,open_prob_exit:prob=0.220<=0.220|pnl=-0.4500<=0.0200|atr_ratio=0.626|cycle=1.71,reaper_poll,861795459,0.0,1e-05,-0.0097,7.263,3.5,3.763,1.5,0.78,0.75,1.08,1e-06,0.537,calm,TREND,dynamic_soft_veto_no_fvg,-0.699,0.00056,5.3,5.3,FAST,B,-0.0097,below_ema200,False,normal,0.010931,79.0,0.5434,-0.0001,235.0,True,26.010109186172485,,,,,,,,,0,0,0,,,False,261.3583390712738,UP
CRASH900,MULTDOWN,2026-05-27T00:07:22.420495+00:00,2026-05-27T00:14:42.291607+00:00,1779840442.4204946,1779840882.2916074,439.871,2.0,-0.22,loss,open_prob_exit:prob=0.220<=0.220|pnl=-0.2200<=0.0200|atr_ratio=0.589|cycle=1.88,ws_event,861947399,0.0,1e-05,0.0092,6.15,6.0,0.15000000000000036,1.5,1.5,0.75,1.0,1e-06,0.498,calm,TREND,dynamic_soft_veto_no_fvg,-0.055,0.00011,5.3,5.3,NORMAL,C,0.0092,above_ema200,False,normal,0.018517,2.0,0.4975,0.0001,1243.0,False,11.711494445800781,,,,,,,,,0,0,0,,,False,1255.2551069259644,DOWN
CRASH500,MULTDOWN,2026-05-27T00:11:39.224475+00:00,2026-05-27T00:20:45.275834+00:00,1779840699.224475,1779841245.275834,546.051,2.0,-0.47,loss,open_prob_exit:prob=0.215<=0.220|pnl=-0.4700<=0.0200|atr_ratio=0.615|cycle=1.82,ws_event,862052479,0.0,1e-05,0.0158,6.199,5.8,0.399,1.5,1.47,0.75,1.28,2e-06,0.449,trending,TREND,dynamic_soft_veto_no_fvg,-0.586,0.00019,5.3,5.3,SLOW,C,0.0158,above_ema200,False,normal,0.005697,57.0,0.5435,0.00016,1080.0,True,28.658474922180176,,,,,,,,,0,0,0,,,False,1108.8862371444702,DOWN
CRASH600,MULTDOWN,2026-05-27T00:13:40.519819+00:00,2026-05-27T00:18:56.246140+00:00,1779840820.5198185,1779841136.2461405,315.726,1.6,-0.19,loss,open_prob_exit:prob=0.218<=0.220|pnl=-0.1900<=0.0200|atr_ratio=0.588|cycle=1.40,reaper_poll,862099159,0.0,1e-05,0.0146,6.12,5.8,0.3200000000000003,1.5,1.06,0.75,1.91,2e-06,0.484,trending,TREND,dynamic_soft_veto_no_fvg,0.13,0.00017,5.3,5.3,NORMAL,C,0.0146,above_ema200,False,normal,0.039738,28.0,0.4837,0.00015,492.0,True,30.045818567276,,,,,,,,,0,0,0,,,False,522.3383212089539,DOWN
CRASH900,MULTDOWN,2026-05-27T00:18:18.295418+00:00,2026-05-27T00:28:43.392587+00:00,1779841098.2954175,1779841723.3925867,625.097,2.0,-0.31,loss,open_prob_exit:prob=0.215<=0.220|pnl=-0.3100<=0.0200|atr_ratio=0.597|cycle=2.00,ws_event,862203899,0.0,1e-05,0.0098,5.543,3.5,2.043,1.5,0.89,0.75,1.0,1e-06,0.47,calm,TREND,dynamic_soft_veto_no_fvg,0.137,0.00011,5.3,5.3,NORMAL,C,0.0098,above_ema200,False,normal,0.0212,44.0,0.4701,0.0001,1903.0,False,8.095417499542236,,,,,,,,,0,0,0,,,False,1911.1300299167633,DOWN
CRASH500,MULTDOWN,2026-05-27T00:28:59.395402+00:00,2026-05-27T00:38:45.650756+00:00,1779841739.3954024,1779842325.6507561,586.255,2.0,-0.34,loss,open_prob_exit:prob=0.115<=0.220|pnl=-0.3400<=0.0200|atr_ratio=0.472|cycle=1.95,reaper_poll,862452839,0.0,1e-05,0.0167,5.955,5.8,0.15500000000000025,1.5,1.45,0.75,1.05,2e-06,0.5,trending,TREND,dynamic_soft_veto_no_fvg,0.299,0.00014,5.3,5.3,SLOW,C,0.0167,above_ema200,False,normal,0.007028,85.0,0.4994,0.00018,409.0,False,48.73740243911743,,,,,,,,,1,1,0,554.7889115810394,,False,458.22026801109314,DOWN
CRASH600,MULTDOWN,2026-05-27T00:31:15.436810+00:00,2026-05-27T00:46:38.372782+00:00,1779841875.4368105,1779842798.372782,922.936,1.6,-0.33,loss,open_prob_exit:prob=0.219<=0.220|pnl=-0.3300<=0.0200|atr_ratio=0.078|cycle=0.79,ws_event,862506899,0.0,1e-05,0.0141,6.925,5.8,1.125,1.5,1.5,0.75,1.98,2e-06,0.494,trending,TREND,dynamic_soft_veto_no_fvg,0.295,6e-05,5.3,5.3,NORMAL,B,0.0141,above_ema200,False,normal,0.036055,47.0,0.494,0.00013,305.0,True,4.631810426712036,,,,,,,,,1,1,0,447.7457308769226,,False,310.271000623703,DOWN
BOOM900,MULTUP,2026-05-27T00:31:42.403455+00:00,2026-05-27T00:35:14.887684+00:00,1779841902.4034545,1779842114.8876839,212.484,1.5,0.27,win,timeout_multispike,reaper_poll,862517759,0.0,1e-05,-0.0093,7.95,6.0,1.9500000000000002,1.5,1.5,0.75,1.0,1e-06,0.498,calm,TREND,dynamic_soft_veto_no_fvg,-0.508,0.00018,5.3,5.3,NORMAL,A,-0.0093,below_ema200,False,normal,0.009807,31.0,0.4988,-0.0001,223.0,False,31.715454578399658,,,,,,,,,1,1,0,165.78602027893066,,False,255.21374583244324,UP
CRASH900,MULTDOWN,2026-05-27T00:38:54.416377+00:00,2026-05-27T00:45:17.401325+00:00,1779842334.4163766,1779842717.4013255,382.985,2.0,-0.2,loss,open_prob_exit:prob=0.219<=0.220|pnl=-0.2000<=0.0200|atr_ratio=0.584|cycle=2.00,ws_event,862676239,0.0,1e-05,0.009,6.11,6.0,0.11000000000000032,1.5,0.98,0.75,1.88,1e-06,0.43,calm,TREND,dynamic_soft_veto_no_fvg,-0.654,0.00011,5.3,5.3,SLOW,C,0.009,above_ema200,False,mean_reverting,0.022331,86.0,0.4132,9e-05,3103.0,False,44.1013765335083,,,,,,,,,0,0,0,,,False,3147.250988960266,DOWN
BOOM900,MULTUP,2026-05-27T00:41:21.403945+00:00,2026-05-27T00:46:41.365639+00:00,1779842481.4039447,1779842801.3656387,319.962,1.5,0.34,win,timeout_multispike,ws_event,862730079,0.0,1e-05,-0.0101,6.317,5.8,0.5170000000000003,1.5,1.04,0.75,0.08,2e-06,0.475,trending,TREND,dynamic_soft_veto_no_fvg,-0.668,0.00025,5.3,5.3,NORMAL,B,-0.0101,below_ema200,False,normal,0.011276,98.0,0.4749,-0.0001,244.0,True,10.745944738388062,,,,,,,,,1,1,0,272.7989890575409,,False,255.21580743789673,UP
CRASH900,MULTDOWN,2026-05-27T00:47:47.383501+00:00,2026-05-27T00:54:26.844397+00:00,1779842867.3835006,1779843266.844397,399.461,2.0,-0.2,loss,open_prob_exit:prob=0.215<=0.220|pnl=-0.2000<=0.0200|atr_ratio=0.579|cycle=2.00,reaper_poll,862876219,0.0,1e-05,0.0096,6.081,6.0,0.0810000000000004,1.5,0.55,0.75,1.88,1e-06,0.436,calm,TREND,dynamic_soft_veto_no_fvg,0.077,0.00011,5.3,5.3,SLOW,C,0.0096,above_ema200,False,mean_reverting,0.02311,53.0,0.4279,0.0001,3643.0,False,37.073500633239746,,,,,,,,,0,0,0,,,False,3680.2181129455566,DOWN
CRASH600,MULTDOWN,2026-05-27T00:48:42.453648+00:00,2026-05-27T01:08:49.315408+00:00,1779842922.4536476,1779844129.3154082,1206.862,1.6,-0.5,loss,open_prob_exit:prob=0.220<=0.220|pnl=-0.5000<=0.0200|atr_ratio=0.114|cycle=0.77,ws_event,862895979,0.0,1e-05,0.0136,4.553,3.5,1.053,1.5,1.1,0.75,1.0,1e-06,0.505,calm,TREND,dynamic_soft_veto_no_fvg,-1.016,0.00017,5.3,5.3,FAST,C,0.0136,above_ema200,False,normal,0.042179,80.0,0.5052,0.00014,567.0,False,32.271647691726685,,,,,,,,,2,2,0,273.7716841697693,,False,599.2711062431335,DOWN
BOOM900,MULTUP,2026-05-27T00:51:32.494500+00:00,2026-05-27T01:08:16.279803+00:00,1779843092.4945004,1779844096.2798026,1003.785,1.5,-0.37,loss,open_prob_exit:prob=0.216<=0.220|pnl=-0.3700<=0.0200|atr_ratio=0.599|cycle=1.35,ws_event,862968059,0.0,1e-05,-0.01,7.203,6.0,1.2030000000000003,1.5,1.25,0.75,1.0,1e-06,0.473,calm,TREND,dynamic_soft_veto_no_fvg,-0.77,0.00087,5.3,5.3,FAST,B,-0.01,below_ema200,False,normal,0.010814,62.0,0.4665,2e-05,192.0,True,21.905500411987305,,,,,,,,,0,0,0,,,False,214.2938413619995,UP
CRASH900,MULTDOWN,2026-05-27T00:57:30.575565+00:00,2026-05-27T00:59:45.279559+00:00,1779843450.5755653,1779843585.2795587,134.704,2.0,0.49,win,timeout_multispike,ws_event,863110259,0.0,1e-05,0.0087,5.43,3.5,1.9299999999999997,1.5,1.5,0.75,1.48,1e-06,0.51,calm,TREND,dynamic_soft_veto_no_fvg,-0.192,0.00011,5.3,5.3,SLOW,C,0.0087,above_ema200,False,normal,0.014159,16.0,0.5058,8e-05,4243.0,False,19.95856523513794,,,,,,,,,1,1,0,87.61331939697266,,False,4263.410177707672,DOWN
CRASH500,MULTDOWN,2026-05-27T01:04:39.288474+00:00,2026-05-27T01:08:53.396954+00:00,1779843879.2884736,1779844133.3969536,254.108,2.0,-0.24,loss,open_prob_exit:prob=0.219<=0.220|pnl=-0.2400<=0.0200|atr_ratio=0.098|cycle=0.84,ws_event,863260279,0.0,1e-05,0.0171,5.813,5.8,0.0129999999999999,1.5,1.33,0.75,1.03,2e-06,0.483,trending,TREND,dynamic_soft_veto_no_fvg,-0.109,0.0002,5.3,5.3,SLOW,C,0.0171,above_ema200,False,normal,0.006648,73.0,0.4831,0.00018,486.0,True,29.08047366142273,,,,,,,,,0,0,0,,,False,1.0854313373565674,DOWN
CRASH600,MULTDOWN,2026-05-27T01:09:03.591459+00:00,2026-05-27T01:24:21.344220+00:00,1779844143.5914586,1779845061.3442202,917.753,1.6,-0.52,loss,open_prob_exit:prob=0.215<=0.220|pnl=-0.5200<=0.0200|atr_ratio=0.622|cycle=2.00,ws_event,863352719,0.0,1e-05,0.0124,5.4,3.5,1.9000000000000004,1.5,0.95,0.75,1.0,1e-06,0.496,calm,TREND,dynamic_soft_veto_no_fvg,-0.0,0.00015,5.3,5.3,NORMAL,C,0.0124,above_ema200,False,normal,0.038662,57.0,0.4953,0.00014,425.0,False,53.371458530426025,,,,,,,,,0,0,0,,,False,478.402480840683,DOWN
CRASH900,MULTDOWN,2026-05-27T01:09:09.301276+00:00,2026-05-27T01:20:16.289914+00:00,1779844149.3012762,1779844816.2899137,666.989,2.0,-0.32,loss,open_prob_exit:prob=0.213<=0.220|pnl=-0.3200<=0.0200|atr_ratio=0.596|cycle=1.42,ws_event,863354639,0.0,1e-05,0.0097,6.032,6.0,0.03200000000000003,1.5,1.12,0.75,1.46,1e-06,0.498,calm,TREND,dynamic_soft_veto_no_fvg,0.293,0.00011,5.3,5.3,SLOW,C,0.0097,above_ema200,False,normal,0.024345,61.0,0.4978,0.0001,552.0,False,58.706276178359985,,,,,,,,,0,0,0,,,False,611.1123914718628,DOWN
CRASH500,MULTDOWN,2026-05-27T01:12:21.313801+00:00,2026-05-27T01:16:45.007932+00:00,1779844341.3138013,1779844605.0079317,263.694,2.0,-0.13,loss,open_prob_exit:prob=0.220<=0.220|pnl=-0.1300<=0.0200|atr_ratio=0.198|cycle=0.88,reaper_poll,863419099,0.0,1e-05,0.0148,6.08,5.8,0.28000000000000025,1.5,1.5,0.75,1.13,2e-06,0.487,trending,TREND,dynamic_soft_veto_no_fvg,0.25,8e-05,5.3,5.3,SLOW,C,0.0148,above_ema200,False,normal,0.004993,18.0,0.4874,0.00015,452.0,False,11.110801219940186,,,,,,,,,1,1,0,137.864755153656,,False,463.1107590198517,DOWN
BOOM900,MULTUP,2026-05-27T01:12:31.772045+00:00,2026-05-27T01:14:27.294277+00:00,1779844351.7720447,1779844467.2942774,115.522,1.5,0.18,win,timeout_multispike,ws_event,863422519,0.0,1e-05,-0.0092,5.511,3.5,2.011,1.5,1.04,0.75,1.02,1e-06,0.49,calm,TREND,dynamic_soft_veto_no_fvg,0.297,-0.00011,5.3,5.3,FAST,C,-0.0092,below_ema200,False,normal,0.010752,74.0,0.4905,-9e-05,1452.0,True,21.455044746398926,,,,,,,,,1,1,0,53.40274214744568,,False,1473.5713856220245,UP
BOOM900,MULTUP,2026-05-27T01:16:26.610255+00:00,2026-05-27T01:43:16.404709+00:00,1779844586.610255,1779846196.4047093,1609.794,1.5,-0.52,loss,open_prob_exit:prob=0.220<=0.220|pnl=-0.5200<=0.0200|atr_ratio=0.296|cycle=0.77,ws_event,863506659,0.0,1e-05,0.0021,10.0,3.5,6.5,1.5,0.98,0.75,1.0,1e-06,0.498,calm,SMC_FVG,fvg_mitigated,-0.136,0.00011,5.3,5.3,FAST,A,0.0021,above_ema200,True,normal,0.012462,94.0,0.4979,5e-05,165.0,False,16.252254962921143,,,,,,,,,2,2,0,727.5701010227203,,True,181.4354681968689,UP
CRASH900,MULTDOWN,2026-05-27T01:21:17.305487+00:00,2026-05-27T01:25:44.781599+00:00,1779844877.3054867,1779845144.7815988,267.476,2.0,0.37,win,timeout_multispike,heartbeat_poll,863608039,0.0,1e-05,0.0085,4.993,3.5,1.4930000000000003,1.5,1.04,0.75,1.0,1e-06,0.509,calm,TREND,dynamic_soft_veto_no_fvg,-0.876,0.00011,5.3,5.3,NORMAL,C,0.0085,above_ema200,False,normal,0.019207,58.0,0.508,9e-05,1332.0,False,6.137486696243286,,,,,,,,,1,1,0,220.8723909854889,,False,1339.1166019439697,DOWN
CRASH500,MULTDOWN,2026-05-27T01:28:16.523414+00:00,2026-05-27T01:38:12.294353+00:00,1779845296.5234137,1779845892.2943535,595.771,2.0,-0.19,loss,open_prob_exit:prob=0.107<=0.220|pnl=-0.1900<=0.0200|atr_ratio=0.437|cycle=1.98,ws_event,863766739,0.0,1e-05,0.0163,6.17,5.8,0.3700000000000001,1.5,1.5,0.75,1.22,2e-06,0.487,trending,TREND,dynamic_soft_veto_no_fvg,-0.559,0.0002,5.3,5.3,NORMAL,C,0.0163,above_ema200,False,normal,0.005193,5.0,0.4867,0.00016,512.0,True,6.223413705825806,,,,,,,,,1,1,0,563.692379951477,,False,518.3362367153168,DOWN
CRASH900,MULTDOWN,2026-05-27T01:34:06.855756+00:00,2026-05-27T01:51:46.324400+00:00,1779845646.8557558,1779846706.3244002,1059.469,2.0,0.3,win,timeout_multispike,ws_event,863896659,0.0,1e-05,0.0096,6.226,6.0,0.22599999999999998,1.5,1.14,0.75,1.64,1e-06,0.498,calm,TREND,dynamic_soft_veto_no_fvg,-0.312,0.00011,5.3,5.3,NORMAL,B,0.0096,above_ema200,False,normal,0.021248,66.0,0.4975,0.0001,492.0,False,56.525755882263184,,,,,,,,,1,1,0,1012.3095371723175,,False,548.6778781414032,DOWN
BOOM900,MULTUP,2026-05-27T01:43:27.590896+00:00,2026-05-27T01:54:25.340015+00:00,1779846207.5908964,1779846865.3400152,657.749,1.5,0.46,win,timeout_multispike,ws_event,864093519,0.0,1e-05,-0.0102,4.531,3.5,1.0309999999999997,1.5,1.07,0.0,1.01,1e-06,0.478,calm,TREND,dynamic_soft_veto_no_fvg,-0.722,-0.00012,5.3,5.3,FAST,C,-0.0102,below_ema200,False,normal,0.010869,65.0,0.4774,-0.0001,685.0,True,17.283896446228027,,,,,,,,,1,1,0,595.5815944671631,,False,702.4043211936951,UP
CRASH500,MULTDOWN,2026-05-27T01:54:02.869578+00:00,2026-05-27T01:56:03.644833+00:00,1779846842.8695776,1779846963.6448333,120.775,2.0,0.22,win,timeout_multispike,reaper_poll,864370279,0.0,1e-05,0.0172,6.44,5.8,0.6400000000000006,1.5,1.5,0.75,1.99,2e-06,0.509,trending,TREND,dynamic_soft_veto_no_fvg,-0.023,0.00021,5.3,5.3,SLOW,B,0.0172,above_ema200,False,normal,0.006276,50.0,0.508,0.00017,475.0,True,33.55957770347595,,,,,,,,,1,1,0,109.32197308540344,,True,93.9911539554596,DOWN
BOOM900,MULTUP,2026-05-27T01:56:24.654884+00:00,2026-05-27T02:01:00.470371+00:00,1779846984.6548839,1779847260.4703708,275.815,1.5,0.44,win,timeout_multispike,ws_event,864430779,0.0,1e-05,0.0271,10.0,3.5,6.5,1.5,0.83,0.75,1.55,1e-06,0.5,calm,SMC_FVG,fvg_mitigated,-0.1,0.00053,5.3,5.3,FAST,A,0.0271,above_ema200,True,normal,0.009145,29.0,0.4992,0.00056,126.0,False,55.21588397026062,,,,,,,,,1,1,0,213.53522276878357,,True,181.48239302635193,UP
CRASH900,MULTDOWN,2026-05-27T02:00:18.535685+00:00,2026-05-27T02:12:57.246517+00:00,1779847218.535685,1779847977.2465174,758.711,2.0,0.26,win,timeout_multispike,ws_event,864523319,0.0,1e-05,0.0094,5.597,3.5,2.0970000000000004,1.5,0.98,0.75,1.67,1e-06,0.5,calm,TREND,dynamic_soft_veto_no_fvg,-0.563,0.00012,5.3,5.3,NORMAL,C,0.0094,above_ema200,False,normal,0.018862,12.0,0.4996,0.0001,509.0,True,48.77668499946594,,,,,,,,,2,2,0,498.6331753730774,,True,469.3071117401123,DOWN
BOOM900,MULTUP,2026-05-27T02:02:59.535318+00:00,2026-05-27T02:20:57.286952+00:00,1779847379.5353184,1779848457.2869518,1077.752,1.5,-0.37,loss,open_prob_exit:prob=0.217<=0.220|pnl=-0.3700<=0.0200|atr_ratio=0.618|cycle=1.40,ws_event,864584279,0.0,1e-05,0.0193,8.701,3.5,5.2010000000000005,1.5,1.15,0.75,1.0,1e-06,0.48,calm,SMC_FVG,fvg_mitigated,-0.102,0.00039,5.3,5.3,FAST,A,0.0193,above_ema200,True,normal,0.009117,21.0,0.4862,0.00031,151.0,True,30.169318437576294,,,,,,,,,0,0,0,,,False,181.34521174430847,UP
CRASH500,MULTDOWN,2026-05-27T02:07:30.203542+00:00,2026-05-27T02:09:09.093622+00:00,1779847650.2035418,1779847749.0936224,98.89,2.0,0.61,win,timeout_multispike,reaper_poll,864675839,0.0,1e-05,0.0189,6.431,5.8,0.6310000000000002,1.5,1.21,0.75,1.77,2e-06,0.49,trending,TREND,dynamic_soft_veto_no_fvg,0.244,0.00011,5.3,5.3,NORMAL,B,0.0189,above_ema200,False,normal,0.0068,37.0,0.4903,0.00019,473.0,True,0.8955416679382324,,,,,,,,,1,1,0,51.98606872558594,,False,474.0168581008911,DOWN
CRASH500,MULTDOWN,2026-05-27T02:16:27.373799+00:00,2026-05-27T02:23:28.578578+00:00,1779848187.373799,1779848608.5785775,421.205,2.0,-0.37,loss,open_prob_exit:prob=0.209<=0.220|pnl=-0.3700<=0.0200|atr_ratio=0.598|cycle=1.40,reaper_poll,864879039,0.0,1e-05,0.018,5.971,5.8,0.17100000000000026,1.5,0.58,0.75,1.94,2e-06,0.484,trending,TREND,dynamic_soft_veto_no_fvg,0.194,0.00014,5.3,5.3,NORMAL,C,0.018,above_ema200,False,normal,0.006676,58.0,0.483,0.00017,427.0,False,57.68079900741577,,,,,,,,,0,0,0,,,False,485.18418860435486,DOWN
CRASH500,MULTDOWN,2026-05-27T02:23:31.468944+00:00,2026-05-27T02:27:52.247519+00:00,1779848611.4689438,1779848872.2475185,260.779,2.0,0.17,win,timeout_multispike,ws_event,865039859,0.0,1e-05,0.016,4.544,3.5,1.0439999999999996,1.5,1.09,0.75,1.0,1e-06,0.496,calm,TREND,dynamic_soft_veto_no_fvg,-0.474,0.0002,5.3,5.3,NORMAL,C,0.016,above_ema200,False,normal,0.004655,2.0,0.496,0.00016,907.0,False,1.8419437408447266,,,,,,,,,1,1,0,248.72644448280334,,False,909.2793333530426,DOWN
BOOM900,MULTUP,2026-05-27T02:24:57.599119+00:00,2026-05-27T02:32:37.366318+00:00,1779848697.5991194,1779849157.3663177,459.767,1.5,-0.18,loss,open_prob_exit:prob=0.217<=0.220|pnl=-0.1800<=0.0200|atr_ratio=0.589|cycle=2.00,ws_event,865073059,0.0,1e-05,-0.0106,7.271,3.5,3.771,1.5,1.32,0.75,1.0,1e-06,0.431,calm,TREND,dynamic_soft_veto_no_fvg,-1.784,-0.00011,5.3,5.3,FAST,B,-0.0106,below_ema200,False,mean_reverting,0.010338,26.0,0.4242,-0.0001,1471.0,True,28.034119367599487,,,,,,,,,0,0,0,,,False,1499.4090127944946,UP
BOOM900,MULTUP,2026-05-27T02:36:17.301368+00:00,2026-05-27T02:42:49.312081+00:00,1779849377.3013678,1779849769.3120806,392.011,1.5,0.46,win,timeout_multispike,ws_event,865347119,0.0,1e-05,-0.0095,5.45,3.5,1.9500000000000002,1.5,1.5,0.75,1.0,1e-06,0.5,calm,TREND,dynamic_soft_veto_no_fvg,0.006,-0.00011,5.3,5.3,NORMAL,C,-0.0095,below_ema200,False,normal,0.009897,29.0,0.506,-9e-05,2131.0,True,47.751367807388306,,,,,,,,,1,1,0,344.98234701156616,,False,2179.1112611293793,UP
CRASH900,MULTDOWN,2026-05-27T02:40:33.290351+00:00,2026-05-27T02:51:19.293757+00:00,1779849633.290351,1779850279.2937567,646.003,2.0,-0.32,loss,open_prob_exit:prob=0.214<=0.220|pnl=-0.3200<=0.0200|atr_ratio=0.517|cycle=1.19,ws_event,865441519,0.0,1e-05,0.0089,4.691,3.5,1.1909999999999998,1.5,0.74,0.75,1.0,1e-06,0.498,calm,TREND,dynamic_soft_veto_no_fvg,-0.132,0.00011,5.3,5.3,SLOW,C,0.0089,above_ema200,False,normal,0.019779,61.0,0.4982,9e-05,545.0,False,3.975350856781006,,,,,,,,,0,0,0,,,False,549.0924789905548,DOWN
CRASH500,MULTDOWN,2026-05-27T02:43:03.399132+00:00,2026-05-27T02:50:36.370028+00:00,1779849783.3991325,1779850236.3700283,452.971,2.0,0.02,win,open_prob_exit:prob=0.066<=0.220|pnl=0.0200<=0.0200|atr_ratio=0.044|cycle=1.51,ws_event,865499599,0.0,1e-05,0.0173,6.235,5.8,0.4350000000000005,1.5,1.31,0.75,1.47,2e-06,0.526,trending,TREND,dynamic_soft_veto_no_fvg,0.188,0.00018,5.3,5.3,SLOW,B,0.0173,above_ema200,False,normal,0.006179,48.0,0.5309,0.00017,431.0,True,33.735132455825806,,,,,,,,,6,6,0,327.7168207168579,,True,465.20867252349854,DOWN
BOOM900,MULTUP,2026-05-27T02:45:58.599161+00:00,2026-05-27T03:13:16.869618+00:00,1779849958.599161,1779851596.8696177,1638.27,1.5,-0.42,loss,open_prob_exit:prob=0.220<=0.220|pnl=-0.4200<=0.0200|atr_ratio=0.066|cycle=0.78,reaper_poll,865572899,0.0,1e-05,0.0348,10.0,3.5,6.5,1.5,1.5,0.75,1.0,1e-06,0.533,calm,SMC_FVG,fvg_mitigated,-0.292,0.00129,5.3,5.3,NORMAL,A,0.0348,above_ema200,True,normal,0.01231,78.0,0.5333,0.00051,152.0,True,28.845160961151123,,,,,,,,,8,8,0,152.34222412109375,,True,181.43032050132751,UP
CRASH900,MULTDOWN,2026-05-27T02:53:15.594857+00:00,2026-05-27T02:57:09.264630+00:00,1779850395.5948565,1779850629.2646303,233.67,2.0,0.34,win,timeout_multispike,ws_event,865751999,0.0,1e-05,0.0087,5.008,3.5,1.508,1.5,0.86,0.75,1.7,1e-06,0.522,calm,TREND,dynamic_soft_veto_no_fvg,-0.868,0.00011,5.3,5.3,NORMAL,C,0.0087,above_ema200,False,normal,0.019117,94.0,0.5213,8e-05,,False,12.246856451034546,,,,,,,,,1,1,0,186.6043541431427,,False,1311.396984577179,DOWN
CRASH500,MULTDOWN,2026-05-27T02:58:43.416326+00:00,2026-05-27T03:01:00.501732+00:00,1779850723.416326,1779850860.5017323,137.085,2.0,0.32,win,timeout_multispike,ws_event,865881699,0.0,1e-05,0.0183,5.823,5.8,0.023000000000000576,1.5,1.09,0.75,1.78,2e-06,0.483,trending,TREND,dynamic_soft_veto_no_fvg,0.283,0.00015,5.3,5.3,NORMAL,C,0.0183,above_ema200,False,normal,0.006655,49.0,0.4822,0.00018,436.0,True,40.09632611274719,,,,,,,,,4,4,0,88.75880789756775,,True,476.23777866363525,DOWN
BOOM900,MULTUP,2026-05-27T03:14:07.905812+00:00,2026-05-27T03:27:23.326498+00:00,1779851647.9058118,1779852443.3264976,795.421,1.5,0.27,win,timeout_multispike,ws_event,866277919,0.0,1e-05,-0.0091,4.742,3.5,1.242,1.5,1.29,0.75,1.0,1e-06,0.513,calm,TREND,dynamic_soft_veto_no_fvg,-0.064,-0.00011,5.3,5.3,SLOW,C,-0.0091,below_ema200,False,normal,0.009807,58.0,0.5125,-9e-05,726.0,True,25.486811876296997,,,,,,,,,1,1,0,783.26171708107,,False,685.6821646690369,UP
CRASH900,MULTDOWN,2026-05-27T03:17:48.585725+00:00,2026-05-27T03:33:10.293210+00:00,1779851868.585725,1779852790.2932098,921.707,2.0,-0.43,loss,open_prob_exit:prob=0.213<=0.220|pnl=-0.4300<=0.0200|atr_ratio=0.610|cycle=1.66,ws_event,866382359,0.0,1e-05,0.0091,4.7,3.5,1.2000000000000002,1.5,1.0,0.75,1.0,1e-06,0.5,calm,TREND,dynamic_soft_veto_no_fvg,-0.681,0.00011,5.3,5.3,NORMAL,C,0.0091,above_ema200,False,mean_reverting,0.018007,30.0,0.3158,9e-05,567.0,True,5.806725025177002,,,,,,,,,0,0,0,,,False,573.4085388183594,DOWN
CRASH500,MULTDOWN,2026-05-27T03:22:15.968527+00:00,2026-05-27T03:34:09.328155+00:00,1779852135.9685268,1779852849.3281546,713.36,2.0,-0.07,loss,open_prob_exit:prob=0.112<=0.220|pnl=-0.0700<=0.0200|atr_ratio=0.424|cycle=2.00,ws_event,866509419,0.0,1e-05,0.0175,6.052,5.8,0.2519999999999998,1.5,1.46,0.75,1.64,2e-06,0.492,trending,TREND,dynamic_soft_veto_no_fvg,0.238,0.0002,5.3,5.3,SLOW,C,0.0175,above_ema200,False,normal,0.00609,16.0,0.4915,0.00018,545.0,True,33.40252685546875,,,,,,,,,1,1,0,681.2323369979858,,False,578.7927272319794,DOWN
CRASH900,MULTDOWN,2026-05-27T03:33:43.011708+00:00,2026-05-27T03:45:31.331205+00:00,1779852823.011708,1779853531.3312047,708.319,2.0,-0.33,loss,open_prob_exit:prob=0.209<=0.220|pnl=-0.3300<=0.0200|atr_ratio=0.593|cycle=2.00,ws_event,866840119,0.0,1e-05,0.0096,6.24,6.0,0.2400000000000002,1.5,1.5,0.75,1.79,1e-06,0.489,calm,TREND,dynamic_soft_veto_no_fvg,0.105,0.00011,5.3,5.3,SLOW,B,0.0096,above_ema200,False,normal,0.019779,37.0,0.4895,0.0001,1527.0,True,0.6927080154418945,,,,,,,,,0,0,0,,,False,1527.8345217704773,DOWN
CRASH500,MULTDOWN,2026-05-27T03:36:38.501975+00:00,2026-05-27T03:38:28.383505+00:00,1779852998.5019746,1779853108.3835049,109.882,2.0,0.33,win,timeout_multispike,ws_event,866921779,0.0,1e-05,-0.0048,8.412,5.8,2.612000000000001,1.5,0.9,0.75,0.96,2e-06,0.499,trending,SMC_FVG,fvg_mitigated,0.086,-0.00017,5.3,5.3,SLOW,A,-0.0048,below_ema200,True,normal,0.005103,27.0,0.498,-0.00023,125.0,False,55.69397449493408,,,,,,,,,1,1,0,97.68506383895874,,True,181.30111074447632,DOWN
BOOM600,MULTUP,2026-05-27T03:40:41.590543+00:00,2026-05-27T03:53:53.271876+00:00,1779853241.5905426,1779854033.271876,791.681,1.5,-0.27,loss,open_prob_exit:prob=0.220<=0.220|pnl=-0.2700<=0.0200|atr_ratio=0.074|cycle=0.80,ws_event,867044199,0.0,1e-05,-0.0158,6.08,5.8,0.28000000000000025,1.5,1.5,0.75,1.88,2e-06,0.489,trending,TREND,dynamic_soft_veto_no_fvg,-0.658,-3e-05,5.3,5.3,SLOW,C,-0.0158,below_ema200,False,normal,0.010103,86.0,0.488,-0.00014,236.0,False,58.8415424823761,,,,,,,,,1,1,0,308.5983371734619,,False,295.3871009349823,UP
CRASH500,MULTDOWN,2026-05-27T03:41:29.443259+00:00,2026-05-27T03:46:55.339779+00:00,1779853289.4432588,1779853615.3397794,325.897,2.0,0.81,win,timeout_multispike,ws_event,867067359,0.0,1e-05,0.0102,7.465,5.8,1.665,1.5,1.27,0.75,1.65,2e-06,0.484,trending,SMC_FVG,fvg_mitigated,0.36,-0.00021,5.3,5.3,SLOW,B,0.0102,above_ema200,False,normal,0.005628,30.0,0.4829,-0.0001,146.0,True,46.79625868797302,,,,,,,,,2,2,0,264.75400710105896,,True,193.25622034072876,DOWN
BOOM900,MULTUP,2026-05-27T03:42:36.622146+00:00,2026-05-27T03:49:39.322764+00:00,1779853356.6221457,1779853779.3227644,422.701,1.5,-0.17,loss,open_prob_exit:prob=0.215<=0.220|pnl=-0.1700<=0.0200|atr_ratio=0.527|cycle=1.25,ws_event,867099119,0.0,1e-05,-0.0091,6.63,6.0,0.6299999999999999,1.5,1.5,0.75,1.68,1e-06,0.51,calm,TREND,dynamic_soft_veto_no_fvg,0.301,-0.00011,5.3,5.3,SLOW,B,-0.0091,below_ema200,False,normal,0.01069,93.0,0.5086,-9e-05,652.0,True,54.09514570236206,,,,,,,,,0,0,0,,,False,706.4183435440063,UP
CRASH900,MULTDOWN,2026-05-27T03:46:27.605627+00:00,2026-05-27T04:08:22.372638+00:00,1779853587.6056268,1779854902.3726382,1314.767,2.0,0.29,win,timeout_multispike,ws_event,867211659,0.0,1e-05,0.0089,5.005,3.5,1.505,1.5,0.98,0.75,1.58,1e-06,0.506,calm,TREND,dynamic_soft_veto_no_fvg,-0.871,0.00011,5.3,5.3,SLOW,C,0.0089,above_ema200,False,normal,0.0162,15.0,0.502,9e-05,2247.0,True,44.96162676811218,,,,,,,,,3,3,0,103.56524634361267,,False,2292.4284405708313,DOWN
CRASH500,MULTDOWN,2026-05-27T03:49:44.506855+00:00,2026-05-27T04:02:57.357732+00:00,1779853784.5068555,1779854577.3577316,792.851,2.0,-0.67,loss,open_prob_exit:prob=0.218<=0.220|pnl=-0.6700<=0.0200|atr_ratio=0.627|cycle=2.00,ws_event,867301179,0.0,1e-05,-0.0251,6.832,5.8,1.032,1.5,0.61,0.75,1.67,2e-06,0.471,trending,SMC_FVG,fvg_mitigated,0.114,-0.00056,5.3,5.3,NORMAL,B,-0.0251,below_ema200,True,normal,0.005883,25.0,0.4706,-0.00027,179.0,True,2.149855375289917,,,,,,,,,0,0,0,,,False,181.33200407028198,DOWN
BOOM600,MULTUP,2026-05-27T03:58:16.406570+00:00,2026-05-27T04:06:17.762387+00:00,1779854296.4065697,1779854777.762387,481.356,1.5,0.2,win,timeout_multispike,heartbeat_poll,867549839,0.0,1e-05,-0.0023,9.166,5.8,3.3660000000000005,1.5,1.43,0.75,1.19,2e-06,0.478,trending,SMC_FVG,fvg_mitigated,-0.115,4e-05,5.3,5.3,NORMAL,A,-0.0023,below_ema200,False,normal,0.009986,65.0,0.4835,2e-05,147.0,False,33.865569829940796,,,,,,,,,1,1,0,434.8113696575165,,False,181.23799347877502,UP
BOOM900,MULTUP,2026-05-27T04:00:01.401837+00:00,2026-05-27T04:02:00.239925+00:00,1779854401.4018373,1779854520.239925,118.838,1.5,0.32,win,timeout_multispike,reaper_poll,867602339,0.0,1e-05,-0.009,6.519,6.0,0.5190000000000001,1.5,1.09,0.75,1.98,1e-06,0.499,calm,TREND,dynamic_soft_veto_no_fvg,0.288,-0.00011,5.3,5.3,SLOW,B,-0.009,below_ema200,False,normal,0.010476,73.0,0.4995,-9e-05,550.0,False,18.615837335586548,,,,,,,,,1,1,0,106.80029726028442,,False,569.1888647079468,UP
BOOM600,MULTUP,2026-05-27T04:10:57.813670+00:00,2026-05-27T04:25:50.390743+00:00,1779855057.8136704,1779855950.3907433,892.577,1.5,-0.36,loss,open_prob_exit:prob=0.220<=0.220|pnl=-0.3600<=0.0200|atr_ratio=0.092|cycle=0.78,ws_event,867948519,0.0,1e-05,-0.0053,7.412,5.8,1.612,1.5,0.85,0.75,0.51,2e-06,0.473,trending,SMC_FVG,fvg_mitigated,-0.751,0.00044,5.3,5.3,NORMAL,B,-0.0053,below_ema200,False,normal,0.010359,48.0,0.4729,-3e-05,166.0,True,15.274670362472534,,,,,,,,,1,1,0,421.38337898254395,,False,181.59015774726868,UP
CRASH500,MULTDOWN,2026-05-27T04:24:26.146171+00:00,2026-05-27T04:28:58.685986+00:00,1779855866.1461713,1779856138.6859856,272.54,2.0,-0.04,loss,open_prob_exit:prob=0.219<=0.220|pnl=-0.0400<=0.0200|atr_ratio=0.214|cycle=0.91,heartbeat_poll,868393359,0.0,1e-05,-0.012,7.601,5.8,1.8010000000000002,1.5,0.76,0.75,0.29,2e-06,0.465,trending,SMC_FVG,fvg_mitigated,0.453,-0.00057,5.3,5.3,NORMAL,A,-0.012,below_ema200,True,normal,0.004793,3.0,0.4631,-0.0003,138.0,True,43.71917128562927,,,,,,,,,2,2,0,182.05723452568054,,True,181.95856308937073,DOWN
BOOM900,MULTUP,2026-05-27T04:25:25.126230+00:00,2026-05-27T04:39:16.300901+00:00,1779855925.1262305,1779856756.3009014,831.175,1.5,-0.29,loss,open_prob_exit:prob=0.220<=0.220|pnl=-0.2900<=0.0200|atr_ratio=0.616|cycle=1.52,ws_event,868423479,0.0,1e-05,-0.0092,5.515,3.5,2.0149999999999997,1.5,1.06,0.75,1.0,1e-06,0.502,calm,TREND,dynamic_soft_veto_no_fvg,0.169,-0.00011,5.3,5.3,SLOW,C,-0.0092,below_ema200,False,normal,0.011428,96.0,0.5015,-0.0001,498.0,True,42.43423056602478,,,,,,,,,0,0,0,,,False,540.9152140617371,UP
BOOM600,MULTUP,2026-05-27T04:32:04.808578+00:00,2026-05-27T04:41:24.938596+00:00,1779856324.8085778,1779856884.938596,560.13,1.5,0.25,win,timeout_multispike,reaper_poll,868640979,0.0,1e-05,-0.0132,6.026,5.8,0.22599999999999998,1.5,1.19,0.75,1.89,2e-06,0.49,trending,TREND,dynamic_soft_veto_no_fvg,-0.539,-0.00015,5.3,5.3,NORMAL,C,-0.0132,below_ema200,False,normal,0.008772,44.0,0.4902,-0.00013,823.0,False,22.604577779769897,,,,,,,,,2,2,0,302.3755922317505,,True,845.6115283966064,UP
CRASH500,MULTDOWN,2026-05-27T04:33:05.515872+00:00,2026-05-27T04:40:18.316910+00:00,1779856385.515872,1779856818.3169096,432.801,2.0,0.02,win,open_prob_exit:prob=0.066<=0.220|pnl=0.0200<=0.0200|atr_ratio=0.059|cycle=1.44,ws_event,868673539,0.0,1e-05,0.0076,7.939,5.8,2.1390000000000002,1.5,1.04,0.75,0.6,2e-06,0.453,trending,SMC_FVG,fvg_mitigated,0.676,-0.00025,5.3,5.3,NORMAL,A,0.0076,above_ema200,False,normal,0.005766,38.0,0.4505,3e-05,161.0,True,22.732872009277344,,,,,,,,,1,1,0,356.75973892211914,,False,184.2917459011078,DOWN
BOOM600,MULTUP,2026-05-27T04:43:39.692972+00:00,2026-05-27T04:56:56.395055+00:00,1779857019.6929722,1779857816.3950553,796.702,1.5,-0.23,loss,open_prob_exit:prob=0.219<=0.220|pnl=-0.2300<=0.0200|atr_ratio=0.081|cycle=0.82,ws_event,868986179,0.0,1e-05,0.0123,8.61,5.8,2.8099999999999996,1.5,0.99,0.75,1.57,2e-06,0.495,trending,SMC_FVG,fvg_mitigated,-0.145,0.00033,5.3,5.3,NORMAL,A,0.0123,above_ema200,True,normal,0.010283,45.0,0.4941,0.00034,124.0,True,57.107972145080566,,,,,,,,,1,1,0,302.51737427711487,,False,181.47445511817932,UP
CRASH500,MULTDOWN,2026-05-27T04:47:09.241240+00:00,2026-05-27T04:51:48.360567+00:00,1779857229.2412403,1779857508.3605669,279.119,2.0,0.02,win,open_prob_exit:prob=0.219<=0.220|pnl=0.0200<=0.0200|atr_ratio=0.067|cycle=0.93,ws_event,869091139,0.0,1e-05,0.0179,6.14,5.8,0.33999999999999986,1.5,1.4,0.75,1.79,2e-06,0.493,trending,TREND,dynamic_soft_veto_no_fvg,0.236,0.00015,5.3,5.3,NORMAL,C,0.0179,above_ema200,False,normal,0.007483,98.0,0.4923,0.00018,460.0,False,26.697240352630615,,,,,,,,,1,1,0,241.92396712303162,,False,486.96562933921814,DOWN
BOOM900,MULTUP,2026-05-27T04:48:45.218919+00:00,2026-05-27T04:59:43.072294+00:00,1779857325.2189193,1779857983.072294,657.853,1.5,0.41,win,timeout_multispike,ws_event,869141019,0.0,1e-05,-0.0088,6.48,6.0,0.4800000000000004,1.5,1.35,0.75,1.68,1e-06,0.499,calm,TREND,dynamic_soft_veto_no_fvg,0.269,-0.00011,5.3,5.3,SLOW,B,-0.0088,below_ema200,False,normal,0.010097,49.0,0.4992,-9e-05,538.0,False,2.608919382095337,,,,,,,,,2,2,0,347.95301151275635,,True,541.0068528652191,UP
CRASH500,MULTDOWN,2026-05-27T04:54:21.375262+00:00,2026-05-27T05:03:52.357133+00:00,1779857661.3752618,1779858232.3571332,570.982,2.0,0.02,win,open_prob_exit:prob=0.066<=0.220|pnl=0.0200<=0.0200|atr_ratio=0.039|cycle=1.90,ws_event,869318199,0.0,1e-05,0.0097,8.54,5.8,2.7399999999999993,1.5,1.5,0.75,0.49,2e-06,0.482,trending,SMC_FVG,fvg_mitigated,0.098,-0.0,5.3,5.3,NORMAL,A,0.0097,above_ema200,False,normal,0.006138,72.0,0.4817,-0.0,151.0,False,38.95026183128357,,,,,,,,,1,1,0,457.8009853363037,,False,190.210054397583,DOWN
BOOM600,MULTUP,2026-05-27T04:58:04.853463+00:00,2026-05-27T05:10:24.488170+00:00,1779857884.8534634,1779858624.4881701,739.635,1.5,0.6,win,timeout_multispike,heartbeat_poll,869425319,0.0,1e-05,-0.0146,5.32,3.5,1.8200000000000003,1.5,1.12,0.75,1.0,1e-06,0.498,calm,TREND,dynamic_soft_veto_no_fvg,-0.63,-0.00016,5.3,5.3,NORMAL,C,-0.0146,below_ema200,False,normal,0.013359,91.0,0.4891,-0.00016,540.0,False,22.04546332359314,,,,,,,,,3,3,0,151.3510925769806,,True,562.6431169509888,UP
CRASH500,MULTDOWN,2026-05-27T05:05:13.523441+00:00,2026-05-27T05:13:06.516501+00:00,1779858313.5234413,1779858786.5165014,472.993,2.0,-0.34,loss,open_prob_exit:prob=0.184<=0.220|pnl=-0.3400<=0.0200|atr_ratio=0.561|cycle=1.58,heartbeat_poll,869639179,0.0,1e-05,-0.004,6.994,5.8,1.194,1.5,0.96,0.75,1.48,2e-06,0.488,trending,SMC_FVG,fvg_mitigated,0.084,-0.00015,5.3,5.3,NORMAL,B,-0.004,below_ema200,True,normal,0.005172,27.0,0.4874,-9e-05,163.0,False,31.13344120979309,,,,,,,,,1,1,0,441.65815591812134,,False,194.3471941947937,DOWN
BOOM600,MULTUP,2026-05-27T05:12:49.766179+00:00,2026-05-27T05:23:48.362406+00:00,1779858769.7661788,1779859428.3624055,658.596,1.5,-0.36,loss,open_prob_exit:prob=0.218<=0.220|pnl=-0.3600<=0.0200|atr_ratio=0.502|cycle=1.10,ws_event,869878099,0.0,1e-05,0.0279,10.0,5.8,4.2,1.5,1.5,0.75,1.33,2e-06,0.494,trending,SMC_FVG,fvg_mitigated,-0.101,0.00058,5.3,5.3,NORMAL,A,0.0279,above_ema200,True,normal,0.009821,28.0,0.4936,0.00019,184.0,False,7.567178964614868,,,,,,,,,0,0,0,,,False,1.574366807937622,UP
BOOM900,MULTUP,2026-05-27T05:17:22.587402+00:00,2026-05-27T05:20:37.382583+00:00,1779859042.5874023,1779859237.382583,194.795,1.5,0.21,win,timeout_multispike,ws_event,870033039,0.0,1e-05,-0.0097,6.19,6.0,0.1900000000000004,1.5,1.5,0.75,1.24,1e-06,0.471,calm,TREND,dynamic_soft_veto_no_fvg,-0.552,-0.00011,5.3,5.3,SLOW,C,-0.0097,below_ema200,False,normal,0.011683,97.0,0.4695,-0.0001,501.0,True,40.26640224456787,,,,,,,,,1,1,0,182.56664633750916,,False,541.4287827014923,UP
CRASH500,MULTDOWN,2026-05-27T05:22:34.397480+00:00,2026-05-27T05:28:13.303576+00:00,1779859354.39748,1779859693.3035762,338.906,2.0,-0.25,loss,open_prob_exit:prob=0.211<=0.220|pnl=-0.2500<=0.0200|atr_ratio=0.475|cycle=1.13,ws_event,870194859,0.0,1e-05,-0.0033,5.947,5.8,0.14700000000000024,1.5,1.4,0.75,0.0,3e-06,0.454,trending,SMC_FVG,fvg_mitigated,0.127,-0.0002,5.3,5.3,NORMAL,C,-0.0033,below_ema200,True,normal,0.006234,96.0,0.4533,-0.00022,130.0,False,51.586479902267456,,,,,,,,,1,1,0,121.79245114326477,,True,182.20961833000183,DOWN
BOOM600,MULTUP,2026-05-27T05:29:25.688209+00:00,2026-05-27T05:39:09.363504+00:00,1779859765.688209,1779860349.3635044,583.675,1.5,-0.32,loss,open_prob_exit:prob=0.214<=0.220|pnl=-0.3200<=0.0200|atr_ratio=0.562|cycle=1.27,ws_event,870414259,0.0,1e-05,-0.0013,9.55,6.0,3.5500000000000007,1.5,1.5,0.75,1.0,1e-06,0.496,calm,SMC_FVG,fvg_mitigated,-0.093,5e-05,5.3,5.3,NORMAL,A,-0.0013,below_ema200,False,normal,0.010634,87.0,0.4957,5e-05,138.0,False,43.12220907211304,,,,,,,,,0,0,0,,,False,181.44291186332703,UP
CRASH500,MULTDOWN,2026-05-27T05:32:25.374715+00:00,2026-05-27T05:37:32.341773+00:00,1779859945.3747153,1779860252.3417733,306.967,2.0,0.32,win,timeout_multispike,ws_event,870509899,0.0,1e-05,0.0147,5.061,3.5,1.561,1.5,1.11,0.75,1.0,1e-06,0.496,calm,TREND,dynamic_soft_veto_no_fvg,-0.043,0.00018,5.3,5.3,NORMAL,C,0.0147,above_ema200,False,normal,0.006531,83.0,0.4957,0.00016,426.0,True,42.75771522521973,,,,,,,,,1,1,0,259.79861211776733,,False,469.18478417396545,DOWN
BOOM600,MULTUP,2026-05-27T05:40:35.397982+00:00,2026-05-27T06:01:08.305914+00:00,1779860435.3979824,1779861668.3059137,1232.908,1.5,-0.42,loss,open_prob_exit:prob=0.219<=0.220|pnl=-0.4200<=0.0200|atr_ratio=0.062|cycle=0.78,ws_event,870769759,0.0,1e-05,-0.0143,6.69,5.8,0.8900000000000006,1.5,1.5,0.75,1.74,2e-06,0.499,trending,TREND,dynamic_soft_veto_no_fvg,0.229,-0.00017,5.3,5.3,NORMAL,B,-0.0143,below_ema200,False,normal,0.010193,80.0,0.4992,-0.00014,798.0,False,52.78698229789734,,,,,,,,,1,1,0,764.8228859901428,,False,851.1526851654053,UP
BOOM900,MULTUP,2026-05-27T05:45:10.599053+00:00,2026-05-27T06:14:29.890764+00:00,1779860710.5990531,1779862469.8907635,1759.292,1.5,-0.2,loss,open_prob_exit:prob=0.220<=0.220|pnl=-0.2000<=0.0200|atr_ratio=0.039|cycle=0.83,reaper_poll,870935039,0.0,1e-05,-0.0103,5.573,3.5,2.0730000000000004,1.5,1.12,0.75,1.0,1e-06,0.503,calm,TREND,dynamic_soft_veto_no_fvg,-0.574,-0.00012,5.3,5.3,SLOW,C,-0.0103,below_ema200,False,normal,0.011324,57.0,0.503,-0.0001,514.0,False,28.277053117752075,,,,,,,,,3,3,0,577.6145875453949,,True,542.3981566429138,UP
CRASH500,MULTDOWN,2026-05-27T05:47:19.364122+00:00,2026-05-27T05:56:13.296099+00:00,1779860839.364122,1779861373.2960987,533.932,2.0,-0.08,loss,open_prob_exit:prob=0.113<=0.220|pnl=-0.0800<=0.0200|atr_ratio=0.427|cycle=1.78,ws_event,871005599,0.0,1e-05,0.0176,6.222,5.8,0.4220000000000006,1.5,1.48,0.75,1.79,2e-06,0.49,trending,TREND,dynamic_soft_veto_no_fvg,0.289,0.00017,5.3,5.3,NORMAL,B,0.0176,above_ema200,False,normal,0.006793,64.0,0.4893,0.00018,425.0,True,36.72512197494507,,,,,,,,,1,1,0,501.8030524253845,,False,462.0682461261749,DOWN
CRASH500,MULTDOWN,2026-05-27T05:58:43.144669+00:00,2026-05-27T06:07:51.286554+00:00,1779861523.1446688,1779862071.286554,548.142,2.0,-0.5,loss,open_prob_exit:prob=0.218<=0.220|pnl=-0.5000<=0.0200|atr_ratio=0.620|cycle=1.82,ws_event,871418599,0.0,1e-05,0.0034,7.442,5.8,1.6420000000000003,1.5,0.89,0.75,0.0,2e-06,0.498,trending,SMC_FVG,fvg_mitigated,0.125,-6e-05,5.3,5.3,NORMAL,B,0.0034,above_ema200,False,normal,0.007655,90.0,0.4985,4e-05,181.0,False,0.7066688537597656,,,,,,,,,0,0,0,,,False,181.9774944782257,DOWN
BOOM600,MULTUP,2026-05-27T06:02:46.039239+00:00,2026-05-27T06:04:08.352069+00:00,1779861766.0392394,1779861848.3520694,82.313,1.5,0.33,win,timeout_multispike,ws_event,871567599,0.0,1e-05,-0.0156,5.914,5.8,0.11399999999999988,1.5,0.56,0.75,1.9,2e-06,0.493,trending,TREND,dynamic_soft_veto_no_fvg,-0.518,-0.00018,5.3,5.3,NORMAL,C,-0.0156,below_ema200,False,normal,0.010841,42.0,0.4932,-0.00016,562.0,False,3.619239330291748,,,,,,,,,1,1,0,35.13442850112915,,False,565.8183710575104,UP
BOOM600,MULTUP,2026-05-27T06:06:22.501575+00:00,2026-05-27T06:08:09.331382+00:00,1779861982.501575,1779862089.331382,106.83,1.5,0.46,win,timeout_multispike,ws_event,871689079,0.0,1e-05,0.007,9.685,5.8,3.8850000000000007,1.5,1.39,0.75,1.24,2e-06,0.486,trending,SMC_FVG,fvg_mitigated,-0.075,0.00019,5.3,5.3,NORMAL,A,0.007,above_ema200,True,normal,0.00629,6.0,0.4854,0.00019,141.0,False,40.30357503890991,,,,,,,,,1,1,0,59.68113350868225,,True,181.3279070854187,UP
CRASH500,MULTDOWN,2026-05-27T06:08:24.869845+00:00,2026-05-27T06:12:57.311571+00:00,1779862104.8698452,1779862377.3115711,272.442,2.0,0.44,win,timeout_multispike,ws_event,871751659,0.0,1e-05,0.0182,5.863,5.8,0.06300000000000061,1.5,0.93,0.75,1.98,2e-06,0.5,trending,TREND,dynamic_soft_veto_no_fvg,0.085,0.00021,5.3,5.3,NORMAL,C,0.0182,above_ema200,False,normal,0.005959,16.0,0.5004,0.00018,721.0,False,35.08584523200989,,,,,,,,,2,2,0,185.2993767261505,,True,763.7026708126068,DOWN
BOOM600,MULTUP,2026-05-27T06:10:23.409264+00:00,2026-05-27T06:11:53.268206+00:00,1779862223.4092643,1779862313.2682064,89.859,1.5,0.3,win,timeout_multispike,ws_event,871819079,0.0,1e-05,0.0129,8.685,5.8,2.8850000000000007,1.5,1.1,0.75,0.53,2e-06,0.47,trending,SMC_FVG,fvg_mitigated,-0.494,0.00055,5.3,5.3,NORMAL,A,0.0129,above_ema200,True,normal,0.011186,95.0,0.4692,0.00027,147.0,True,33.84326434135437,,,,,,,,,1,1,0,42.85265326499939,,True,181.22655582427979,UP
BOOM600,MULTUP,2026-05-27T06:16:02.598901+00:00,2026-05-27T06:26:51.335386+00:00,1779862562.5989008,1779863211.3353863,648.736,1.5,0.15,win,ratchet_hit,ws_event,872011019,0.0,1e-05,0.0199,10.0,6.0,4.0,1.5,1.5,0.75,1.0,1e-06,0.458,calm,SMC_FVG,fvg_mitigated,-0.435,0.00077,5.3,5.3,NORMAL,A,0.0199,above_ema200,True,normal,0.00909,78.0,0.4574,0.00026,168.0,True,12.995900869369507,,,,,,,,,2,2,0,67.57771277427673,,True,181.42932891845703,UP
BOOM900,MULTUP,2026-05-27T06:23:16.160793+00:00,2026-05-27T06:28:58.329654+00:00,1779862996.1607928,1779863338.3296542,342.169,1.5,0.3,win,timeout_multispike,ws_event,872271419,0.0,1e-05,-0.0089,6.59,6.0,0.5899999999999999,1.5,1.2,0.75,1.94,1e-06,0.473,calm,TREND,dynamic_soft_veto_no_fvg,0.155,-0.00011,5.3,5.3,SLOW,B,-0.0089,below_ema200,False,mean_reverting,0.009531,61.0,0.2916,-9e-05,1249.0,True,26.70179271697998,,,,,,,,,1,1,0,330.0321478843689,,False,1282.954402923584,UP
BOOM600,MULTUP,2026-05-27T06:32:16.999296+00:00,2026-05-27T06:42:29.300166+00:00,1779863536.9992962,1779864149.3001661,612.301,1.5,-0.33,loss,open_prob_exit:prob=0.204<=0.220|pnl=-0.3300<=0.0200|atr_ratio=0.569|cycle=1.32,ws_event,872597539,0.0,1e-05,0.0208,10.0,5.8,4.2,1.5,0.64,0.75,1.69,2e-06,0.466,trending,SMC_FVG,fvg_mitigated,-0.583,0.00087,5.3,5.3,NORMAL,A,0.0208,above_ema200,True,normal,0.010462,71.0,0.4647,0.00035,154.0,True,27.826296091079712,,,,,,,,,0,0,0,,,False,181.81350207328796,UP
BOOM900,MULTUP,2026-05-27T06:38:50.125651+00:00,2026-05-27T06:49:28.352129+00:00,1779863930.1256506,1779864568.3521285,638.226,1.5,0.35,win,timeout_multispike,ws_event,872846839,0.0,1e-05,-0.0096,5.465,3.5,1.9649999999999999,1.5,1.02,0.75,1.0,1e-06,0.499,calm,TREND,dynamic_soft_veto_no_fvg,0.016,-0.00011,5.3,5.3,SLOW,C,-0.0096,below_ema200,False,normal,0.013407,97.0,0.4988,-0.0001,603.0,False,0.6946506500244141,,,,,,,,,1,1,0,626.0665903091431,,False,603.9327099323273,UP
CRASH500,MULTDOWN,2026-05-27T06:39:34.757133+00:00,2026-05-27T06:48:07.541672+00:00,1779863974.7571332,1779864487.5416718,512.785,2.0,-0.43,loss,open_prob_exit:prob=0.216<=0.220|pnl=-0.4300<=0.0200|atr_ratio=0.613|cycle=1.71,reaper_poll,872874019,0.0,1e-05,0.0032,7.315,5.8,1.5150000000000006,1.5,1.05,0.75,1.71,2e-06,0.463,trending,SMC_FVG,fvg_mitigated,0.092,-5e-05,5.3,5.3,NORMAL,B,0.0032,above_ema200,False,normal,0.007448,89.0,0.4613,-5e-05,136.0,False,45.45313334465027,,,,,,,,,0,0,0,,,False,181.56149005889893,DOWN
BOOM600,MULTUP,2026-05-27T06:46:27.543988+00:00,2026-05-27T06:46:43.835549+00:00,1779864387.543988,1779864403.8355489,16.292,1.5,0.15,win,ratchet_hit,reaper_poll,873132199,0.0,1e-05,-0.0135,6.637,5.8,0.8369999999999997,1.5,1.31,0.75,1.88,2e-06,0.504,trending,TREND,dynamic_soft_veto_no_fvg,0.235,-0.00016,5.3,5.3,NORMAL,B,-0.0135,below_ema200,False,normal,0.008345,35.0,0.5039,-0.00013,994.0,True,37.74598789215088,True,0.78,6.637,0.5039226967598528,-0.002138297714064814,compressing,google/gemini-2.5-flash,0.27089595794677734,1,1,0,6.641815423965454,,False,1032.3581938743591,UP
BOOM600,MULTUP,2026-05-27T06:49:35.480605+00:00,2026-05-27T07:02:35.502850+00:00,1779864575.4806046,1779865355.50285,780.022,1.5,-0.43,loss,open_prob_exit:prob=0.217<=0.220|pnl=-0.4300<=0.0200|atr_ratio=0.621|cycle=1.60,ws_event,873252319,0.0,1e-05,-0.0044,8.337,5.8,2.537,1.5,1.04,0.75,1.25,2e-06,0.499,trending,SMC_FVG,fvg_mitigated,-0.142,2e-05,5.3,5.3,NORMAL,A,-0.0044,below_ema200,False,normal,0.011076,91.0,0.4985,2e-05,135.0,False,45.88660454750061,True,0.9,9.305,0.4987283129023428,-0.0034030470016218413,compressing,google/gemini-2.5-flash,0.22030067443847656,0,0,0,,,False,181.29480123519897,UP
CRASH500,MULTDOWN,2026-05-27T06:54:50.122941+00:00,2026-05-27T07:01:31.483123+00:00,1779864890.122941,1779865291.4831226,401.36,2.0,-0.33,loss,open_prob_exit:prob=0.177<=0.220|pnl=-0.3300<=0.0200|atr_ratio=0.526|cycle=1.34,reaper_poll,873450739,0.0,1e-05,0.0052,5.837,5.8,0.03699999999999992,1.5,0.67,0.75,0.12,2e-06,0.502,trending,SMC_FVG,fvg_mitigated,0.129,-4e-05,5.3,5.3,NORMAL,C,0.0052,above_ema200,False,normal,0.007352,94.0,0.5025,7e-05,184.0,False,0.808941125869751,True,0.78,5.837,0.5024681256088877,-0.0005838377606893181,compressing,google/gemini-2.5-flash,0.20168089866638184,1,1,0,368.10931849479675,,False,184.95142126083374,DOWN
CRASH500,MULTDOWN,2026-05-27T07:05:18.623400+00:00,2026-05-27T07:12:17.868608+00:00,1779865518.6234004,1779865937.8686082,419.245,2.0,-0.33,loss,open_prob_exit:prob=0.219<=0.220|pnl=-0.3300<=0.0200|atr_ratio=0.604|cycle=1.40,reaper_poll,873856739,0.0,1e-05,0.0017,8.05,5.8,2.250000000000001,1.5,1.15,0.75,0.85,2e-06,0.482,trending,SMC_FVG,fvg_mitigated,0.133,-9e-05,5.3,5.3,NORMAL,A,0.0017,above_ema200,False,normal,0.006241,58.0,0.481,-5e-05,152.0,True,28.913400411605835,True,0.85,8.041,0.48166623670216707,-0.00395839688386797,compressing,google/gemini-2.5-flash,0.23689055442810059,1,1,0,84.56876802444458,,True,181.41719722747803,DOWN
BOOM600,MULTUP,2026-05-27T07:06:01.798893+00:00,2026-05-27T07:18:31.045113+00:00,1779865561.7988935,1779866311.045113,749.246,1.5,-0.39,loss,open_prob_exit:prob=0.219<=0.220|pnl=-0.3900<=0.0200|atr_ratio=0.379|cycle=0.84,reaper_poll,873883259,0.0,1e-05,-0.0136,6.096,5.8,0.29600000000000026,1.5,1.45,0.75,1.2,2e-06,0.511,trending,TREND,dynamic_soft_veto_no_fvg,0.273,-0.00016,5.3,5.3,NORMAL,C,-0.0136,below_ema200,False,normal,0.010193,78.0,0.5105,-0.00014,1155.0,False,11.975893497467041,True,0.75,6.096,0.510939875907597,0.017505050184399674,normal,google/gemini-2.5-flash,0.3942713737487793,1,1,0,243.38103556632996,,False,1167.6130900382996,UP
BOOM900,MULTUP,2026-05-27T07:08:53.441311+00:00,2026-05-27T07:11:10.095722+00:00,1779865733.441311,1779865870.0957224,136.654,1.5,0.84,win,timeout_multispike,reaper_poll,873989839,0.0,1e-05,-0.0095,5.54,3.5,2.04,1.5,1.09,0.75,1.0,1e-06,0.489,calm,TREND,dynamic_soft_veto_no_fvg,-0.516,-0.00011,5.3,5.3,SLOW,C,-0.0095,below_ema200,False,normal,0.010434,28.0,0.4885,-9e-05,568.0,True,4.225310802459717,False,0.6,6.371,0.4885305277307976,-0.0009917333819483966,compressing,google/gemini-2.5-flash,2.5308239459991455,1,1,0,124.7614574432373,,False,572.2756369113922,UP
CRASH500,MULTDOWN,2026-05-27T07:17:04.812449+00:00,2026-05-27T07:20:52.365554+00:00,1779866224.8124487,1779866452.3655543,227.553,2.0,0.49,win,timeout_multispike,ws_event,874294339,0.0,1e-05,0.0092,6.49,5.8,0.6900000000000004,1.5,0.57,0.75,1.87,2e-06,0.482,trending,SMC_FVG,fvg_mitigated,0.101,6e-05,5.3,5.3,NORMAL,B,0.0092,above_ema200,False,normal,0.006476,74.0,0.482,8e-05,166.0,False,15.498448848724365,True,0.85,6.49,0.4822686845376601,-0.004898088760529326,compressing,google/gemini-2.5-flash,0.19730782508850098,1,1,0,180.360497713089,,True,181.64399552345276,DOWN
BOOM900,MULTUP,2026-05-27T07:20:06.458854+00:00,2026-05-27T07:30:44.925392+00:00,1779866406.4588542,1779867044.9253924,638.467,1.5,-0.23,loss,open_prob_exit:prob=0.219<=0.220|pnl=-0.2300<=0.0200|atr_ratio=0.570|cycle=1.32,heartbeat_poll,874409819,0.0,1e-05,-0.0089,6.219,6.0,0.2190000000000003,1.5,0.77,0.75,2.0,1e-06,0.498,calm,TREND,dynamic_soft_veto_no_fvg,0.327,-0.00011,5.3,5.3,SLOW,B,-0.0089,below_ema200,False,normal,0.01129,97.0,0.4977,-9e-05,531.0,False,17.133854150772095,True,0.78,6.219,0.49775827283032836,-0.0014734677962461597,compressing,google/gemini-2.5-flash,0.35717320442199707,0,0,0,,,False,548.2560858726501,UP
CRASH500,MULTDOWN,2026-05-27T07:23:08.889604+00:00,2026-05-27T07:30:41.302029+00:00,1779866588.8896039,1779867041.3020291,452.412,2.0,-0.4,loss,open_prob_exit:prob=0.211<=0.220|pnl=-0.4000<=0.0200|atr_ratio=0.607|cycle=1.50,ws_event,874530459,0.0,1e-05,-0.0108,7.656,5.8,1.8559999999999999,1.5,0.9,0.75,1.71,2e-06,0.465,trending,SMC_FVG,fvg_mitigated,0.097,-0.00029,5.3,5.3,NORMAL,A,-0.0108,below_ema200,True,normal,0.005724,23.0,0.4648,-0.00018,164.0,True,19.245603799819946,True,0.85,7.655,0.4650877578411956,-0.0026968072019136614,compressing,google/gemini-2.5-flash,0.21831083297729492,0,0,0,,,False,183.71665740013123,DOWN
BOOM600,MULTUP,2026-05-27T07:24:57.494403+00:00,2026-05-27T07:36:38.392090+00:00,1779866697.4944034,1779867398.3920903,700.898,1.5,-0.35,loss,open_prob_exit:prob=0.219<=0.220|pnl=-0.3500<=0.0200|atr_ratio=0.358|cycle=0.81,ws_event,874597519,0.0,1e-05,-0.0144,5.8,5.8,0.0,1.5,1.5,0.75,0.85,2e-06,0.467,trending,TREND,dynamic_soft_veto_no_fvg,-0.485,-0.00016,5.3,5.3,NORMAL,C,-0.0144,below_ema200,False,normal,0.010683,74.0,0.4669,-0.00014,884.0,False,8.02440333366394,True,0.75,6.8,0.4668851471212057,0.022632184804093368,normal,google/gemini-2.5-flash,0.21562647819519043,1,1,0,216.7044849395752,,False,892.3144743442535,UP
BOOM900,MULTUP,2026-05-27T07:30:52.003628+00:00,2026-05-27T07:38:47.287221+00:00,1779867052.0036278,1779867527.287221,475.284,1.5,0.31,win,timeout_multispike,ws_event,874838679,0.0,1e-05,-0.0091,5.595,3.5,2.0949999999999998,1.5,1.15,0.75,1.0,1e-06,0.46,calm,TREND,dynamic_soft_veto_no_fvg,-0.129,-0.00011,5.3,5.3,SLOW,C,-0.0091,below_ema200,False,normal,0.007634,6.0,0.4596,-9e-05,1191.0,False,2.8156278133392334,True,0.78,6.595,0.4597885977197167,-0.00964085736305095,normal,google/gemini-2.5-flash,0.20337486267089844,2,2,0,143.15212631225586,,True,1193.800859451294,UP
CRASH500,MULTDOWN,2026-05-27T07:33:02.432080+00:00,2026-05-27T07:44:18.322882+00:00,1779867182.4320798,1779867858.3228824,675.891,2.0,0.02,win,open_prob_exit:prob=0.066<=0.220|pnl=0.0200<=0.0200|atr_ratio=0.046|cycle=2.00,ws_event,874929439,0.0,1e-05,0.0159,6.344,5.8,0.5440000000000005,1.5,1.43,0.75,1.46,2e-06,0.49,trending,TREND,dynamic_soft_veto_no_fvg,-0.587,0.0002,5.3,5.3,NORMAL,B,0.0159,above_ema200,False,normal,0.005579,49.0,0.4901,0.00016,764.0,True,12.587079763412476,True,0.85,7.344,0.490093722306256,-0.0011072549555346217,compressing,google/gemini-2.5-flash,0.39902567863464355,1,1,0,574.7620265483856,,False,777.2591333389282,DOWN
BOOM600,MULTUP,2026-05-27T07:38:18.598303+00:00,2026-05-27T07:42:26.291788+00:00,1779867498.5983026,1779867746.2917879,247.693,1.5,-0.14,loss,open_prob_exit:prob=0.213<=0.220|pnl=-0.1400<=0.0200|atr_ratio=0.568|cycle=1.39,ws_event,875145699,0.0,1e-05,-0.0152,6.028,5.8,0.22799999999999976,1.5,0.9,0.75,1.93,2e-06,0.488,trending,TREND,dynamic_soft_veto_no_fvg,-0.736,-0.00017,5.3,5.3,NORMAL,C,-0.0152,below_ema200,False,normal,0.01209,95.0,0.4838,-0.00016,555.0,False,29.199302673339844,True,0.85,7.028,0.4879060850116078,0.004254961289108269,normal,google/gemini-2.5-flash,0.24025464057922363,0,0,0,,,False,584.3994143009186,UP
BOOM600,MULTUP,2026-05-27T07:43:28.794474+00:00,2026-05-27T07:46:06.700701+00:00,1779867808.794474,1779867966.7007012,157.906,1.5,-0.1,loss,open_prob_exit:prob=0.212<=0.220|pnl=-0.1000<=0.0200|atr_ratio=0.565|cycle=1.75,reaper_poll,875356359,0.0,1e-05,-0.0143,6.388,5.8,0.5880000000000001,1.5,1.36,0.75,1.58,2e-06,0.485,trending,TREND,dynamic_soft_veto_no_fvg,0.18,-0.00017,5.3,5.3,NORMAL,B,-0.0143,below_ema200,False,normal,0.008021,23.0,0.4919,-0.00014,855.0,False,39.19947385787964,True,0.78,6.388,0.48508374618407957,0.00588188344735512,normal,google/gemini-2.5-flash,0.20452880859375,0,0,0,,,False,894.5955855846405,UP
CRASH500,MULTDOWN,2026-05-27T07:45:38.404516+00:00,2026-05-27T07:49:09.280072+00:00,1779867938.4045155,1779868149.2800717,210.876,2.0,0.4,win,timeout_multispike,ws_event,875446279,0.0,1e-05,-0.0048,8.093,5.8,2.293,1.5,1.04,0.75,0.0,3e-06,0.498,trending,SMC_FVG,fvg_mitigated,0.123,-0.00021,5.3,5.3,NORMAL,A,-0.0048,below_ema200,True,normal,0.005834,20.0,0.4978,-0.00022,132.0,False,48.767515420913696,True,0.85,8.082,0.4980523341741529,0.0004960309585497431,compressing,google/gemini-2.5-flash,0.2695784568786621,1,1,0,163.79190611839294,,True,181.2104091644287,DOWN
BOOM900,MULTUP,2026-05-27T07:48:07.452931+00:00,2026-05-27T07:59:48.361178+00:00,1779868087.4529312,1779868788.3611784,700.908,1.5,-0.26,loss,open_prob_exit:prob=0.217<=0.220|pnl=-0.2600<=0.0200|atr_ratio=0.605|cycle=1.41,ws_event,875550059,0.0,1e-05,-0.0096,5.209,3.5,1.7089999999999996,1.5,0.46,0.75,1.55,1e-06,0.49,calm,TREND,dynamic_soft_veto_no_fvg,-0.708,-0.00011,5.3,5.3,SLOW,C,-0.0096,below_ema200,False,normal,0.011414,53.0,0.4902,-0.0001,554.0,True,18.14893126487732,True,0.78,6.209,0.4904299189687364,-0.00012765775405496093,compressing,google/gemini-2.5-flash,0.21178007125854492,0,0,0,,,False,572.271722316742,UP
CRASH500,MULTDOWN,2026-05-27T07:51:23.407964+00:00,2026-05-27T08:06:04.379119+00:00,1779868283.4079638,1779869164.379119,880.971,2.0,-0.55,loss,open_prob_exit:prob=0.218<=0.220|pnl=-0.5500<=0.0200|atr_ratio=0.622|cycle=2.00,ws_event,875677839,0.0,1e-05,-0.0082,8.841,5.8,3.0409999999999995,1.5,1.35,0.75,0.44,2e-06,0.483,trending,SMC_FVG,fvg_mitigated,0.073,-0.00021,5.3,5.3,NORMAL,A,-0.0082,below_ema200,True,normal,0.004766,3.0,0.4827,-0.00018,147.0,True,33.713963747024536,True,0.85,8.717,0.4832408783016758,-0.0016867003786661735,compressing,google/gemini-2.5-flash,0.2382676601409912,1,1,0,86.80779719352722,,True,181.2115421295166,DOWN
CRASH500,MULTDOWN,2026-05-27T08:07:57.233300+00:00,2026-05-27T08:11:47.285949+00:00,1779869277.2333002,1779869507.2859495,230.053,2.0,0.15,win,ratchet_hit,ws_event,876374299,0.0,1e-05,0.0173,6.334,5.8,0.5339999999999998,1.5,1.21,0.75,1.67,2e-06,0.473,trending,TREND,dynamic_soft_veto_no_fvg,-0.403,0.00021,5.3,5.3,NORMAL,B,0.0173,above_ema200,False,normal,0.005724,10.0,0.4731,0.00017,899.0,True,7.626300096511841,True,0.85,7.334,0.47311252111137636,-0.0026090357143604003,compressing,google/gemini-2.5-flash,0.24323129653930664,1,1,0,193.95466256141663,,False,907.0175392627716,DOWN
BOOM900,MULTUP,2026-05-27T08:13:17.283121+00:00,2026-05-27T08:25:34.297084+00:00,1779869597.283121,1779870334.2970843,737.014,1.5,-0.27,loss,open_prob_exit:prob=0.204<=0.220|pnl=-0.2700<=0.0200|atr_ratio=0.592|cycle=1.67,ws_event,876604519,0.0,1e-05,-0.0094,5.514,3.5,2.0140000000000002,1.5,1.06,0.75,1.0,1e-06,0.503,calm,TREND,dynamic_soft_veto_no_fvg,0.191,-0.00011,5.3,5.3,SLOW,C,-0.0094,below_ema200,False,normal,0.010731,84.0,0.5033,-9e-05,737.0,False,27.489121198654175,True,0.75,5.514,0.5032450648071666,-0.0015742571918466231,compressing,google/gemini-2.5-flash,0.2575831413269043,0,0,0,,,False,765.0729467868805,UP
CRASH500,MULTDOWN,2026-05-27T08:14:12.463572+00:00,2026-05-27T08:22:29.351500+00:00,1779869652.4635718,1779870149.3515,496.888,2.0,-0.34,loss,open_prob_exit:prob=0.217<=0.220|pnl=-0.3400<=0.0200|atr_ratio=0.605|cycle=1.65,ws_event,876642199,0.0,1e-05,0.0016,6.756,5.8,0.9560000000000004,1.5,0.78,0.75,0.93,2e-06,0.498,trending,SMC_FVG,fvg_mitigated,0.081,-6e-05,5.3,5.3,NORMAL,B,0.0016,above_ema200,False,normal,0.005993,57.0,0.4982,-3e-05,158.0,False,22.594571828842163,True,0.85,6.756,0.4982545715358129,0.0004899823986678738,compressing,google/gemini-2.5-flash,0.23092269897460938,1,1,0,80.71861481666565,,True,181.27560901641846,DOWN
CRASH500,MULTDOWN,2026-05-27T08:22:56.534066+00:00,2026-05-27T08:32:25.301120+00:00,1779870176.5340664,1779870745.30112,568.767,2.0,-0.11,loss,open_prob_exit:prob=0.115<=0.220|pnl=-0.1100<=0.0200|atr_ratio=0.434|cycle=1.89,ws_event,877034619,0.0,1e-05,0.017,5.8,5.8,0.0,1.5,0.98,0.75,1.37,2e-06,0.491,trending,TREND,dynamic_soft_veto_no_fvg,0.298,0.00018,5.3,5.3,NORMAL,C,0.017,above_ema200,False,normal,0.005952,38.0,0.4911,0.00017,436.0,True,7.049066543579102,True,0.78,5.8,0.4911129953826966,0.0006667679809664468,compressing,google/gemini-2.5-flash,0.22831940650939941,1,1,0,536.6505451202393,,False,443.3518798351288,DOWN
BOOM600,MULTUP,2026-05-27T08:25:20.455898+00:00,2026-05-27T08:36:30.369446+00:00,1779870320.4558978,1779870990.3694458,669.914,1.5,-0.21,loss,open_prob_exit:prob=0.219<=0.220|pnl=-0.2100<=0.0200|atr_ratio=0.086|cycle=0.83,ws_event,877140159,0.0,1e-05,0.0027,10.0,5.8,4.2,1.5,0.79,0.75,1.82,2e-06,0.475,trending,SMC_FVG,fvg_mitigated,-0.758,0.00055,5.3,5.3,NORMAL,A,0.0027,above_ema200,True,normal,0.011676,82.0,0.4735,0.0001,151.0,True,31.25889778137207,True,0.85,10.0,0.47471524114649827,-0.002308787669832717,compressing,google/gemini-2.5-flash,0.25675177574157715,1,1,0,170.74288320541382,,True,182.23764824867249,UP
BOOM900,MULTUP,2026-05-27T08:27:00.564882+00:00,2026-05-27T08:33:07.348412+00:00,1779870420.5648823,1779870787.3484116,366.784,1.5,-0.15,loss,open_prob_exit:prob=0.219<=0.220|pnl=-0.1500<=0.0200|atr_ratio=0.584|cycle=2.00,ws_event,877208819,0.0,1e-05,-0.0093,6.244,6.0,0.24399999999999977,1.5,1.47,0.75,1.32,1e-06,0.496,calm,TREND,dynamic_soft_veto_no_fvg,0.255,-0.00011,5.3,5.3,SLOW,B,-0.0093,below_ema200,False,normal,0.011117,92.0,0.4961,-9e-05,1577.0,False,11.249882221221924,True,0.78,6.244,0.49568063417948194,0.02039118128979592,normal,google/gemini-2.5-flash,0.24300527572631836,0,0,0,,,False,1588.354707956314,UP
CRASH500,MULTDOWN,2026-05-27T08:34:55.027755+00:00,2026-05-27T08:37:37.518122+00:00,1779870895.027755,1779871057.518122,162.49,2.0,0.19,win,timeout_multispike,reaper_poll,877570599,0.0,1e-05,0.0016,10.0,5.8,4.2,1.5,1.5,0.75,1.93,2e-06,0.495,trending,SMC_FVG,fvg_mitigated,0.088,-6e-05,5.3,5.3,NORMAL,A,0.0016,above_ema200,False,normal,0.005986,44.0,0.4953,0.0,176.0,False,5.153754949569702,True,0.85,9.369,0.4952690645210395,-0.0020003160104826996,compressing,google/gemini-2.5-flash,0.2144780158996582,1,1,0,116.16187334060669,,True,181.84314346313477,DOWN
BOOM900,MULTUP,2026-05-27T08:35:58.613535+00:00,2026-05-27T08:44:00.377466+00:00,1779870958.6135352,1779871440.3774662,481.764,1.5,-0.18,loss,open_prob_exit:prob=0.208<=0.220|pnl=-0.1800<=0.0200|atr_ratio=0.577|cycle=2.00,ws_event,877619959,0.0,1e-05,-0.0095,5.426,3.5,1.9260000000000002,1.5,0.98,0.75,1.0,1e-06,0.455,calm,TREND,dynamic_soft_veto_no_fvg,-0.046,-0.00011,5.3,5.3,SLOW,C,-0.0095,below_ema200,False,normal,0.011648,93.0,0.4561,-9e-05,2117.0,False,9.404535055160522,True,0.78,6.426,0.45544740663455735,-0.03877239554944595,normal,google/gemini-2.5-flash,0.22744011878967285,0,0,0,,,False,2126.4033608436584,UP
CRASH500,MULTDOWN,2026-05-27T08:39:52.420498+00:00,2026-05-27T08:46:44.319126+00:00,1779871192.4204984,1779871604.3191261,411.899,2.0,-0.36,loss,open_prob_exit:prob=0.218<=0.220|pnl=-0.3600<=0.0200|atr_ratio=0.598|cycle=1.37,heartbeat_poll,877803819,0.0,1e-05,0.0017,8.432,5.8,2.6320000000000006,1.5,0.98,0.75,1.4,2e-06,0.48,trending,SMC_FVG,fvg_mitigated,0.207,-9e-05,5.3,5.3,NORMAL,A,0.0017,above_ema200,False,normal,0.006076,79.0,0.4796,1e-05,178.0,True,2.5494983196258545,True,0.85,8.388,0.4796266905650493,-0.0026065480844009266,compressing,google/gemini-2.5-flash,0.25050926208496094,0,0,0,,,False,181.23087000846863,DOWN
BOOM900,MULTUP,2026-05-27T08:44:58.847573+00:00,2026-05-27T08:50:07.360399+00:00,1779871498.847573,1779871807.3603988,308.513,1.5,0.26,win,timeout_multispike,ws_event,878036359,0.0,1e-05,-0.0098,5.342,3.5,1.8419999999999996,1.5,0.89,0.75,1.0,1e-06,0.481,calm,TREND,dynamic_soft_veto_no_fvg,-0.111,-0.00012,5.3,5.3,SLOW,C,-0.0098,below_ema200,False,normal,0.012931,94.0,0.4814,-0.0001,2657.0,False,9.511573076248169,False,0.6,6.342,0.4812503438150188,-0.07732290548561943,normal,google/gemini-2.5-flash,0.20737814903259277,2,2,0,295.376451253891,,True,2666.6373987197876,UP
BOOM600,MULTUP,2026-05-27T08:47:28.502406+00:00,2026-05-27T08:57:45.205598+00:00,1779871648.5024064,1779872265.2055979,616.703,1.5,0.31,win,timeout_multispike,reaper_poll,878146099,0.0,1e-05,-0.0045,8.545,3.5,5.045,1.5,0.5,0.75,1.0,1e-06,0.486,calm,SMC_FVG,fvg_mitigated,-0.141,0.00013,5.3,5.3,NORMAL,A,-0.0045,below_ema200,False,normal,0.009455,16.0,0.4859,8e-05,150.0,False,38.56840634346008,True,0.85,9.484,0.486383152483278,0.0004947074396537737,compressing,google/gemini-2.5-flash,0.22663044929504395,1,1,0,569.7016656398773,,False,189.28096771240234,UP
CRASH500,MULTDOWN,2026-05-27T08:47:50.222935+00:00,2026-05-27T08:57:55.415103+00:00,1779871670.2229354,1779872275.4151032,605.192,2.0,-0.22,loss,open_prob_exit:prob=0.113<=0.220|pnl=-0.2200<=0.0200|atr_ratio=0.449|cycle=2.00,ws_event,878163079,0.0,1e-05,0.0157,6.559,5.8,0.7590000000000003,1.5,1.47,0.75,1.89,2e-06,0.482,trending,TREND,dynamic_soft_veto_no_fvg,-0.656,0.00019,5.3,5.3,NORMAL,B,0.0157,above_ema200,False,normal,0.005979,81.0,0.4823,0.00016,658.0,True,0.8969354629516602,True,0.78,7.559,0.48226724941689564,-0.0023868879233560213,compressing,google/gemini-2.5-flash,0.25635743141174316,1,1,0,572.9582524299622,,False,659.0333070755005,DOWN
BOOM600,MULTUP,2026-05-27T08:59:59.818870+00:00,2026-05-27T09:18:22.374657+00:00,1779872399.8188703,1779873502.3746567,1102.556,1.5,0.28,win,timeout_multispike,ws_event,878720039,0.0,1e-05,0.0195,7.591,5.8,1.7910000000000004,1.5,0.93,0.75,0.61,2e-06,0.484,trending,SMC_FVG,fvg_mitigated,-0.104,0.00043,5.3,5.3,NORMAL,A,0.0195,above_ema200,True,normal,0.009317,69.0,0.4843,0.00024,171.0,False,10.335870265960693,True,0.85,8.591,0.48448764567513514,-0.0009073310515575232,compressing,google/gemini-2.5-flash,0.20790839195251465,3,3,0,448.4010999202728,,True,181.61479830741882,UP
CRASH500,MULTDOWN,2026-05-27T09:00:24.618256+00:00,2026-05-27T09:10:22.388854+00:00,1779872424.6182559,1779873022.3888538,597.771,2.0,0.02,win,open_prob_exit:prob=0.066<=0.220|pnl=0.0200<=0.0200|atr_ratio=0.039|cycle=1.99,ws_event,878740039,0.0,1e-05,0.0052,7.276,5.8,1.476,1.5,0.72,0.75,1.51,2e-06,0.495,trending,SMC_FVG,fvg_mitigated,0.114,-1e-05,5.3,5.3,NORMAL,B,0.0052,above_ema200,False,normal,0.006869,74.0,0.4953,-0.0,146.0,False,35.017255783081055,True,0.85,7.276,0.49553099875895007,1.5491602400835806e-05,compressing,google/gemini-2.5-flash,0.23255395889282227,1,1,0,516.5560510158539,,False,181.43706798553467,DOWN
BOOM900,MULTUP,2026-05-27T09:02:51.554142+00:00,2026-05-27T09:15:44.385611+00:00,1779872571.5541422,1779873344.3856106,772.831,1.5,0.32,win,timeout_multispike,ws_event,878860979,0.0,1e-05,-0.0096,6.69,6.0,0.6900000000000004,1.5,1.5,0.75,1.74,1e-06,0.528,calm,TREND,dynamic_soft_veto_no_fvg,-0.401,-0.00011,5.3,5.3,SLOW,B,-0.0096,below_ema200,False,normal,0.010697,67.0,0.5277,-0.0001,540.0,True,1.6451423168182373,True,0.85,7.69,0.5277492042135062,0.023521495431442753,compressing,google/gemini-2.5-flash,0.2297513484954834,1,1,0,760.650589466095,,False,541.7894465923309,UP
CRASH500,MULTDOWN,2026-05-27T09:12:02.783145+00:00,2026-05-27T09:18:00.458347+00:00,1779873122.7831447,1779873480.4583468,357.675,2.0,0.54,win,timeout_multispike,ws_event,879306239,0.0,1e-05,-0.0051,8.929,5.8,3.1290000000000004,1.5,0.97,0.75,0.91,2e-06,0.488,trending,SMC_FVG,fvg_mitigated,0.079,-0.00017,5.3,5.3,NORMAL,A,-0.0051,below_ema200,True,normal,0.006055,87.0,0.4877,-9e-05,168.0,False,13.585144758224487,True,0.85,8.781,0.48788359460857567,-0.0005665845484154468,compressing,google/gemini-2.5-flash,0.4075436592102051,2,2,0,50.39124512672424,,True,181.60883784294128,DOWN
CRASH500,MULTDOWN,2026-05-27T09:20:14.780957+00:00,2026-05-27T09:27:25.375966+00:00,1779873614.7809565,1779874045.3759663,430.595,2.0,-0.3,loss,open_prob_exit:prob=0.207<=0.220|pnl=-0.3000<=0.0200|atr_ratio=0.585|cycle=1.43,ws_event,879707759,0.0,1e-05,-0.0169,7.414,5.8,1.6139999999999999,1.5,0.51,0.75,1.85,2e-06,0.483,trending,SMC_FVG,fvg_mitigated,0.1,-0.00039,5.3,5.3,NORMAL,B,-0.0169,below_ema200,True,normal,0.005972,47.0,0.483,-0.00028,156.0,True,24.726956605911255,True,0.85,7.414,0.4835475836701468,-0.0021928214013403934,compressing,google/gemini-2.5-flash,0.22753357887268066,1,1,0,57.444257974624634,,True,181.5908703804016,DOWN
BOOM600,MULTUP,2026-05-27T09:22:55.584886+00:00,2026-05-27T09:28:31.267684+00:00,1779873775.5848856,1779874111.2676835,335.683,1.5,0.31,win,timeout_multispike,ws_event,879837659,0.0,1e-05,-0.0041,7.957,5.8,2.157,1.5,0.63,0.75,0.53,2e-06,0.458,trending,SMC_FVG,fvg_mitigated,-0.747,0.00034,5.3,5.3,NORMAL,A,-0.0041,below_ema200,False,normal,0.011731,88.0,0.4572,-3e-05,176.0,True,5.751885652542114,True,0.85,8.952,0.4574731184525043,-0.003836786285191718,compressing,google/gemini-2.5-flash,0.21402549743652344,1,1,0,288.6164286136627,,False,182.04863047599792,UP
BOOM900,MULTUP,2026-05-27T09:26:38.981522+00:00,2026-05-27T09:38:50.354437+00:00,1779873998.981522,1779874730.3544366,731.373,1.5,-0.27,loss,open_prob_exit:prob=0.215<=0.220|pnl=-0.2700<=0.0200|atr_ratio=0.605|cycle=1.44,ws_event,880019659,0.0,1e-05,-0.0096,5.575,3.5,2.075,1.5,1.12,0.75,1.0,1e-06,0.5,calm,TREND,dynamic_soft_veto_no_fvg,-0.128,-0.00011,5.3,5.3,SLOW,C,-0.0096,below_ema200,False,normal,0.007869,1.0,0.4993,-9e-05,513.0,True,49.46252202987671,True,0.78,6.575,0.4997858598382166,-0.0012340590777032982,compressing,google/gemini-2.5-flash,0.2543661594390869,0,0,0,,,False,562.7730543613434,UP
CRASH500,MULTDOWN,2026-05-27T09:29:02.852742+00:00,2026-05-27T09:39:55.357085+00:00,1779874142.852742,1779874795.3570845,652.504,2.0,0.02,win,open_prob_exit:prob=0.066<=0.220|pnl=0.0200<=0.0200|atr_ratio=0.231|cycle=2.00,ws_event,880135359,0.0,1e-05,0.0168,6.378,5.8,0.5780000000000003,1.5,1.36,0.75,1.57,2e-06,0.495,trending,TREND,dynamic_soft_veto_no_fvg,0.2,0.00019,5.3,5.3,NORMAL,B,0.0168,above_ema200,False,normal,0.004772,26.0,0.4946,0.00016,457.0,True,13.657742023468018,True,0.78,6.378,0.4947054984900322,-0.0021403688251405532,compressing,google/gemini-2.5-flash,0.2585580348968506,1,1,0,619.3460712432861,,False,470.62752747535706,DOWN
BOOM600,MULTUP,2026-05-27T09:30:46.009572+00:00,2026-05-27T09:39:57.092323+00:00,1779874246.009572,1779874797.0923233,551.083,1.5,-0.29,loss,open_prob_exit:prob=0.210<=0.220|pnl=-0.2900<=0.0200|atr_ratio=0.533|cycle=1.22,reaper_poll,880217139,0.0,1e-05,0.0112,10.0,5.8,4.2,1.5,1.04,0.75,1.9,2e-06,0.444,trending,SMC_FVG,fvg_mitigated,-0.11,0.00029,5.3,5.3,NORMAL,A,0.0112,above_ema200,True,normal,0.007028,2.0,0.4399,0.00033,125.0,False,56.81257200241089,True,0.9,10.0,0.4436339571684423,-0.004478378914392286,compressing,google/gemini-2.5-flash,0.20490312576293945,0,0,0,,,False,181.80825781822205,UP
BOOM900,MULTUP,2026-05-27T09:41:50.323078+00:00,2026-05-27T09:45:51.006128+00:00,1779874910.3230784,1779875151.006128,240.683,1.5,-0.1,loss,open_prob_exit:prob=0.214<=0.220|pnl=-0.1000<=0.0200|atr_ratio=0.568|cycle=1.90,reaper_poll,880742199,0.0,1e-05,-0.011,6.519,5.8,0.7190000000000003,1.5,1.07,0.75,0.0,2e-06,0.43,trending,TREND,dynamic_soft_veto_no_fvg,-1.513,-0.00012,5.3,5.3,SLOW,B,-0.011,below_ema200,False,normal,0.014241,97.0,0.4313,-0.00011,1473.0,True,1.0190784931182861,True,0.78,7.519,0.43051575246012774,-0.011702329844699431,expanding,google/gemini-2.5-flash,0.28246450424194336,0,0,0,,,False,1474.114610671997,UP
BOOM600,MULTUP,2026-05-27T09:42:04.903225+00:00,2026-05-27T09:46:42.831034+00:00,1779874924.9032252,1779875202.8310344,277.928,1.5,0.4,win,timeout_multispike,reaper_poll,880753159,0.0,1e-05,-0.0142,5.84,5.8,0.040000000000000036,1.5,1.5,0.75,1.89,2e-06,0.496,trending,TREND,dynamic_soft_veto_no_fvg,0.025,-0.00017,5.3,5.3,NORMAL,C,-0.0142,below_ema200,False,normal,0.010579,74.0,0.496,-0.00014,845.0,False,15.055225133895874,True,0.75,6.84,0.4960935597456027,-0.001983265254776652,compressing,google/gemini-2.5-flash,0.21549224853515625,2,2,0,172.28052616119385,,True,860.7019109725952,UP
CRASH500,MULTDOWN,2026-05-27T09:42:23.590855+00:00,2026-05-27T09:49:26.155612+00:00,1779874943.5908551,1779875366.1556125,422.565,2.0,0.15,win,ratchet_hit,reaper_poll,880769379,0.0,1e-05,-0.0052,9.76,5.8,3.96,1.5,1.5,0.75,1.21,2e-06,0.496,trending,SMC_FVG,fvg_mitigated,0.099,-0.00019,5.3,5.3,NORMAL,A,-0.0052,below_ema200,True,normal,0.006228,20.0,0.4958,-0.00015,147.0,False,34.153855085372925,True,0.85,9.266,0.4959262702576778,0.0006364382152498848,compressing,google/gemini-2.5-flash,0.23830819129943848,1,1,0,421.5861234664917,,False,181.3920419216156,DOWN
BOOM600,MULTUP,2026-05-27T09:48:57.933832+00:00,2026-05-27T09:59:07.290229+00:00,1779875337.9338324,1779875947.290229,609.356,1.5,0.21,win,timeout_multispike,ws_event,881092339,0.0,1e-05,0.0082,7.875,5.8,2.075,1.5,0.81,0.75,1.02,2e-06,0.518,trending,SMC_FVG,fvg_mitigated,-0.219,0.00037,5.3,5.3,NORMAL,A,0.0082,above_ema200,True,normal,0.009379,43.0,0.5175,0.00011,173.0,True,8.457832336425781,True,0.85,8.872,0.517602637667312,0.0010638963781157962,compressing,google/gemini-2.5-flash,0.22082233428955078,2,2,0,87.25183749198914,,True,181.73073625564575,UP
CRASH500,MULTDOWN,2026-05-27T09:52:26.790895+00:00,2026-05-27T10:02:19.318159+00:00,1779875546.7908955,1779876139.3181586,592.527,2.0,-0.52,loss,open_prob_exit:prob=0.211<=0.220|pnl=-0.5200<=0.0200|atr_ratio=0.612|cycle=1.97,ws_event,881270799,0.0,1e-05,-0.0045,6.437,5.8,0.6370000000000005,1.5,1.35,0.75,1.04,2e-06,0.483,trending,SMC_FVG,fvg_mitigated,0.079,-0.00016,5.3,5.3,NORMAL,B,-0.0045,below_ema200,True,normal,0.006345,83.0,0.4827,-0.00015,144.0,False,37.024895429611206,True,0.75,6.437,0.4832835001357578,-0.0002079427572377294,compressing,google/gemini-2.5-flash,0.21405243873596191,0,0,0,,,False,181.61391687393188,DOWN
BOOM900,MULTUP,2026-05-27T09:52:29.435123+00:00,2026-05-27T10:18:52.280042+00:00,1779875549.4351234,1779877132.2800424,1582.845,1.5,-0.27,loss,open_prob_exit:prob=0.220<=0.220|pnl=-0.2700<=0.0200|atr_ratio=0.031|cycle=0.80,ws_event,881272979,0.0,1e-05,-0.0095,6.15,6.0,0.15000000000000036,1.5,1.5,0.75,1.0,1e-06,0.431,calm,TREND,dynamic_soft_veto_no_fvg,0.259,-0.00011,5.3,5.3,SLOW,C,-0.0095,below_ema200,False,mean_reverting,0.009841,47.0,0.4273,-9e-05,2073.0,True,39.828123331069946,True,0.75,6.15,0.43123762316055053,-0.014673634932288371,normal,google/gemini-2.5-flash,0.26697444915771484,1,1,0,858.8016176223755,,False,2113.2266557216644,UP
BOOM600,MULTUP,2026-05-27T10:01:21.646858+00:00,2026-05-27T10:10:34.365542+00:00,1779876081.6468577,1779876634.3655424,552.719,1.5,0.95,win,timeout_multispike,ws_event,881698479,0.0,1e-05,0.0095,10.0,3.5,6.5,1.5,1.01,0.75,1.0,1e-06,0.485,calm,SMC_FVG,fvg_mitigated,-0.1,0.00025,5.3,5.3,NORMAL,A,0.0095,above_ema200,True,normal,0.010738,73.0,0.4837,0.00019,149.0,False,32.0598578453064,True,0.9,10.0,0.4849199662719183,-0.001159000662419864,compressing,google/gemini-2.5-flash,0.2048337459564209,2,2,0,480.5644917488098,,True,181.47745871543884,UP
CRASH500,MULTDOWN,2026-05-27T10:03:04.543459+00:00,2026-05-27T10:15:13.554801+00:00,1779876184.5434592,1779876913.5548015,729.011,2.0,0.15,win,ratchet_hit,reaper_poll,881781739,0.0,1e-05,0.0166,6.04,5.8,0.2400000000000002,1.5,1.45,0.75,1.14,2e-06,0.499,trending,TREND,dynamic_soft_veto_no_fvg,-0.157,0.00021,5.3,5.3,NORMAL,C,0.0166,above_ema200,False,normal,0.005172,11.0,0.4992,0.00016,804.0,False,14.444459199905396,True,0.85,7.04,0.4991666028963296,0.0004996686586409763,compressing,google/gemini-2.5-flash,0.21670007705688477,1,1,0,727.679749250412,,False,819.366480588913,DOWN
BOOM600,MULTUP,2026-05-27T10:12:48.638925+00:00,2026-05-27T10:22:03.312044+00:00,1779876768.638925,1779877323.3120437,554.673,1.5,0.11,win,ratchet_hit,ws_event,882226259,0.0,1e-05,0.0057,8.776,5.8,2.976,1.5,0.69,0.75,1.04,2e-06,0.538,trending,SMC_FVG,fvg_mitigated,-0.233,0.00102,5.3,5.3,NORMAL,A,0.0057,above_ema200,True,normal,0.011441,84.0,0.5373,0.00089,122.0,True,59.46692514419556,True,0.85,9.668,0.538201221977169,-0.0021010595725688215,compressing,google/gemini-2.5-flash,0.22999215126037598,2,2,0,294.54412031173706,,True,181.4617097377777,UP
CRASH500,MULTDOWN,2026-05-27T10:18:13.461212+00:00,2026-05-27T10:28:01.645948+00:00,1779877093.4612122,1779877681.6459477,588.185,2.0,0.02,win,open_prob_exit:prob=0.066<=0.220|pnl=0.0200<=0.0200|atr_ratio=0.044|cycle=1.96,heartbeat_poll,882480999,0.0,1e-05,-0.0135,6.0,5.8,0.20000000000000018,1.5,0.84,0.75,1.11,2e-06,0.498,trending,SMC_FVG,fvg_mitigated,0.088,-0.00032,5.3,5.3,NORMAL,C,-0.0135,below_ema200,True,normal,0.00531,16.0,0.4984,-0.00023,157.0,False,23.723212242126465,True,0.78,6.0,0.4984449798345989,-0.000602452584599393,compressing,google/gemini-2.5-flash,0.21533727645874023,1,1,0,529.8089375495911,,False,181.23800373077393,DOWN
BOOM900,MULTUP,2026-05-27T10:18:59.868418+00:00,2026-05-27T10:30:46.409949+00:00,1779877139.868418,1779877846.4099486,706.542,1.5,-0.26,loss,open_prob_exit:prob=0.219<=0.220|pnl=-0.2600<=0.0200|atr_ratio=0.609|cycle=1.60,ws_event,882517519,0.0,1e-05,-0.0091,5.593,3.5,2.093,1.5,1.14,0.75,1.0,1e-06,0.497,calm,TREND,dynamic_soft_veto_no_fvg,-0.462,-0.0001,5.3,5.3,SLOW,C,-0.0091,below_ema200,False,normal,0.01009,5.0,0.4994,-9e-05,721.0,False,10.569417953491211,True,0.78,6.593,0.4975208873290661,0.00037344481242238204,compressing,google/gemini-2.5-flash,0.2121598720550537,0,0,0,,,False,731.6316769123077,UP
BOOM600,MULTUP,2026-05-27T10:25:03.102976+00:00,2026-05-27T10:36:46.951816+00:00,1779877503.102976,1779878206.951816,703.849,1.5,-0.38,loss,open_prob_exit:prob=0.219<=0.220|pnl=-0.3800<=0.0200|atr_ratio=0.622|cycle=1.48,reaper_poll,882817359,0.0,1e-05,-0.0083,9.367,5.8,3.567000000000001,1.5,0.86,0.75,1.46,2e-06,0.539,trending,SMC_FVG,fvg_mitigated,-0.472,7e-05,5.3,5.3,NORMAL,A,-0.0083,below_ema200,False,normal,0.009448,28.0,0.5391,-8e-05,168.0,True,13.905976057052612,True,0.9,10.0,0.5393671448943359,-0.00251799080656987,compressing,google/gemini-2.5-flash,0.27442312240600586,0,0,0,,,False,181.93343210220337,UP
BOOM900,MULTUP,2026-05-27T10:32:30.549009+00:00,2026-05-27T10:40:44.342819+00:00,1779877950.549009,1779878444.3428192,493.794,1.5,-0.19,loss,open_prob_exit:prob=0.219<=0.220|pnl=-0.1900<=0.0200|atr_ratio=0.594|cycle=2.00,ws_event,883171739,0.0,1e-05,-0.0107,4.509,3.5,1.0090000000000003,1.5,1.04,0.75,1.02,1e-06,0.517,calm,TREND,dynamic_soft_veto_no_fvg,-1.058,-0.00012,5.3,5.3,SLOW,C,-0.0107,below_ema200,False,normal,0.013945,88.0,0.4977,-0.00011,1501.0,False,41.03800916671753,True,0.75,5.509,0.517227204349354,0.002289922785076857,normal,google/gemini-2.5-flash,0.2279801368713379,0,0,0,,,False,1542.3122680187225,UP
BOOM600,MULTUP,2026-05-27T10:41:30.488134+00:00,2026-05-27T10:46:13.480900+00:00,1779878490.488134,1779878773.4809,282.993,1.5,1.1,win,timeout_multispike,ws_event,883620839,0.0,1e-05,-0.0144,4.95,3.5,1.4500000000000002,1.5,1.5,0.75,1.0,1e-06,0.49,calm,TREND,dynamic_soft_veto_no_fvg,-0.541,-0.00016,5.3,5.3,NORMAL,C,-0.0144,below_ema200,False,normal,0.012421,96.0,0.4849,-0.00015,1128.0,True,40.93313384056091,True,0.75,5.95,0.4899341138026445,-0.014658213322464255,normal,google/gemini-2.5-flash,0.2217569351196289,2,2,0,192.70077896118164,,True,1169.318589925766,UP
BOOM900,MULTUP,2026-05-27T10:42:23.280052+00:00,2026-05-27T10:50:52.298897+00:00,1779878543.280052,1779879052.2988968,509.019,1.5,-0.19,loss,open_prob_exit:prob=0.217<=0.220|pnl=-0.1900<=0.0200|atr_ratio=0.590|cycle=2.00,ws_event,883663119,0.0,1e-05,-0.0099,5.348,3.5,1.8479999999999999,1.5,0.9,0.75,1.0,1e-06,0.481,calm,TREND,dynamic_soft_veto_no_fvg,-0.056,-0.00012,5.3,5.3,SLOW,C,-0.0099,below_ema200,False,normal,0.011462,91.0,0.4803,-9e-05,2101.0,False,33.47205185890198,True,0.78,6.348,0.4810127185761641,-0.018398431950785027,normal,google/gemini-2.5-flash,0.23212003707885742,0,0,0,,,False,2135.043310880661,UP
CRASH500,MULTDOWN,2026-05-27T10:44:10.811171+00:00,2026-05-27T10:46:39.287525+00:00,1779878650.811171,1779878799.2875252,148.476,2.0,0.86,win,timeout_multispike,ws_event,883747859,0.0,1e-05,0.0174,5.839,5.8,0.03900000000000059,1.5,1.36,0.75,1.03,2e-06,0.478,trending,TREND,dynamic_soft_veto_no_fvg,0.253,0.0002,5.3,5.3,SLOW,C,0.0174,above_ema200,False,normal,0.005338,15.0,0.4694,0.00018,616.0,True,21.476171016693115,True,0.78,5.839,0.4777520213981731,-0.0019696617944802877,compressing,google/gemini-2.5-flash,0.2183520793914795,1,1,0,136.3551902770996,,False,637.616331577301,DOWN
BOOM600,MULTUP,2026-05-27T10:51:15.695778+00:00,2026-05-27T10:57:20.298288+00:00,1779879075.695778,1779879440.2982883,364.603,1.5,0.32,win,timeout_multispike,ws_event,884072359,0.0,1e-05,-0.0091,10.0,5.8,4.2,1.5,1.5,0.75,1.7,2e-06,0.542,trending,SMC_FVG,fvg_mitigated,-0.653,0.00088,5.3,5.3,NORMAL,A,-0.0091,below_ema200,False,normal,0.009317,60.0,0.5421,-7e-05,155.0,True,26.05577778816223,True,0.9,10.0,0.542408242491727,-0.0023541144732194693,compressing,google/gemini-2.5-flash,0.21265888214111328,1,1,0,317.4587016105652,,False,181.51594614982605,UP
CRASH500,MULTDOWN,2026-05-27T10:54:38.399908+00:00,2026-05-27T11:02:28.371154+00:00,1779879278.3999078,1779879748.3711536,469.971,2.0,-0.41,loss,open_prob_exit:prob=0.216<=0.220|pnl=-0.4100<=0.0200|atr_ratio=0.614|cycle=1.56,ws_event,884234059,0.0,1e-05,0.0169,6.71,5.8,0.9100000000000001,1.5,1.5,0.75,1.76,2e-06,0.5,trending,TREND,dynamic_soft_veto_no_fvg,0.139,0.00015,5.3,5.3,SLOW,B,0.0169,above_ema200,False,normal,0.006986,86.0,0.4888,0.00018,442.0,False,48.71190786361694,True,0.85,6.71,0.500051786474589,-0.0007990043335399295,compressing,google/gemini-2.5-flash,0.23255085945129395,0,0,0,,,False,491.2335464954376,DOWN
BOOM600,MULTUP,2026-05-27T11:00:47.096468+00:00,2026-05-27T11:12:43.347260+00:00,1779879647.0964677,1779880363.34726,716.251,1.5,0.39,win,timeout_multispike,ws_event,884525399,0.0,1e-05,0.0031,10.0,5.8,4.2,1.5,1.5,0.75,1.18,2e-06,0.512,trending,SMC_FVG,fvg_mitigated,-0.435,0.00067,5.3,5.3,NORMAL,A,0.0031,above_ema200,True,normal,0.010097,84.0,0.5099,0.00021,130.0,True,57.65146780014038,True,0.9,10.0,0.5122020000422539,-0.004012821283889858,compressing,google/gemini-2.5-flash,0.2176346778869629,2,2,0,683.0807595252991,,True,187.877108335495,UP
BOOM900,MULTUP,2026-05-27T11:01:31.520111+00:00,2026-05-27T11:26:12.418257+00:00,1779879691.520111,1779881172.418257,1480.898,1.5,-0.22,loss,open_prob_exit:prob=0.220<=0.220|pnl=-0.2200<=0.0200|atr_ratio=0.031|cycle=0.82,ws_event,884555939,0.0,1e-05,-0.0091,6.006,6.0,0.006000000000000227,1.5,1.32,0.75,1.24,1e-06,0.498,calm,TREND,dynamic_soft_veto_no_fvg,0.045,-0.00011,5.3,5.3,SLOW,C,-0.0091,below_ema200,False,normal,0.009655,51.0,0.4979,-9e-05,535.0,False,41.59311103820801,True,0.75,7.006,0.4979714259410435,-0.003402069121849673,compressing,google/gemini-2.5-flash,0.2644171714782715,1,1,0,738.226232290268,,False,577.3455488681793,UP
CRASH500,MULTDOWN,2026-05-27T11:03:38.625858+00:00,2026-05-27T11:08:10.390486+00:00,1779879818.6258576,1779880090.3904865,271.765,2.0,-0.16,loss,open_prob_exit:prob=0.215<=0.220|pnl=-0.1600<=0.0200|atr_ratio=0.361|cycle=0.90,ws_event,884645899,0.0,1e-05,0.0168,5.998,5.8,0.1980000000000004,1.5,0.83,0.75,1.72,2e-06,0.5,trending,TREND,dynamic_soft_veto_no_fvg,0.043,0.0002,5.3,5.3,SLOW,C,0.0168,above_ema200,False,normal,0.005821,45.0,0.5001,0.00016,982.0,False,49.15785765647888,True,0.75,5.998,0.5001953409185501,-0.0006271349120103649,compressing,google/gemini-2.5-flash,0.2203066349029541,1,1,0,238.56439876556396,,False,1031.4594962596893,DOWN
BOOM600,MULTUP,2026-05-27T11:15:38.429523+00:00,2026-05-27T11:26:36.514551+00:00,1779880538.4295225,1779881196.5145507,658.085,1.5,-0.36,loss,open_prob_exit:prob=0.217<=0.220|pnl=-0.3600<=0.0200|atr_ratio=0.617|cycle=1.41,reaper_poll,885188099,0.0,1e-05,0.0013,10.0,5.8,4.2,1.5,0.76,0.75,1.21,2e-06,0.534,trending,SMC_FVG,fvg_mitigated,-0.209,0.00056,5.3,5.3,SLOW,A,0.0013,above_ema200,True,normal,0.0092,17.0,0.5333,0.00043,138.0,True,49.22752261161804,True,0.9,10.0,0.5337033187809562,-0.003572934777819531,compressing,google/gemini-2.5-flash,0.2651405334472656,0,0,0,,,False,187.23247647285461,UP
CRASH500,MULTDOWN,2026-05-27T11:16:13.543741+00:00,2026-05-27T11:22:31.157293+00:00,1779880573.5437412,1779880951.1572933,377.614,2.0,0.02,win,open_prob_exit:prob=0.109<=0.220|pnl=0.0200<=0.0200|atr_ratio=0.055|cycle=1.26,heartbeat_poll,885213559,0.0,1e-05,0.016,5.168,3.5,1.6680000000000001,1.5,0.72,0.75,1.0,1e-06,0.486,calm,TREND,dynamic_soft_veto_no_fvg,-0.012,0.00019,5.3,5.3,SLOW,C,0.016,above_ema200,False,normal,0.006359,36.0,0.486,0.00017,492.0,False,23.43174123764038,True,0.78,6.168,0.48620784259352057,-0.0027300989090784673,compressing,google/gemini-2.5-flash,0.22207331657409668,1,1,0,264.6386034488678,,False,516.3534848690033,DOWN
BOOM900,MULTUP,2026-05-27T11:28:25.752973+00:00,2026-05-27T11:47:30.584649+00:00,1779881305.7529728,1779882450.5846488,1144.832,1.5,-0.23,loss,open_prob_exit:prob=0.220<=0.220|pnl=-0.2300<=0.0200|atr_ratio=0.049|cycle=0.82,reaper_poll,885740039,0.0,1e-05,-0.0106,6.723,6.0,0.7229999999999999,1.5,1.33,0.75,1.94,1e-06,0.499,calm,TREND,dynamic_soft_veto_no_fvg,-0.538,-0.00012,5.3,5.3,SLOW,B,-0.0106,below_ema200,False,normal,0.010731,54.0,0.4987,-0.00011,840.0,False,8.900972843170166,True,0.85,7.723,0.498790162861679,-0.000762816248195706,compressing,google/gemini-2.5-flash,0.23044872283935547,1,1,0,406.4749391078949,,False,876.0066294670105,UP
CRASH500,MULTDOWN,2026-05-27T11:30:54.627662+00:00,2026-05-27T11:41:04.398488+00:00,1779881454.6276624,1779882064.3984883,609.771,2.0,-0.33,loss,open_prob_exit:prob=0.097<=0.220|pnl=-0.3300<=0.0200|atr_ratio=0.447|cycle=2.00,ws_event,885847899,0.0,1e-05,0.0154,5.818,5.8,0.017999999999999794,1.5,0.66,0.75,1.71,2e-06,0.481,trending,TREND,dynamic_soft_veto_no_fvg,0.296,7e-05,5.3,5.3,SLOW,C,0.0154,above_ema200,False,normal,0.004848,26.0,0.4804,0.00016,410.0,True,37.90466237068176,True,0.78,5.818,0.4809513636230276,-0.0014630383275297174,compressing,google/gemini-2.5-flash,0.2099294662475586,1,1,0,577.601863861084,,False,475.4464933872223,DOWN
BOOM600,MULTUP,2026-05-27T11:34:08.946877+00:00,2026-05-27T11:43:07.248490+00:00,1779881648.9468775,1779882187.2484903,538.302,1.5,-0.29,loss,open_prob_exit:prob=0.215<=0.220|pnl=-0.2900<=0.0200|atr_ratio=0.610|cycle=2.00,ws_event,885995239,0.0,1e-05,-0.0138,5.934,5.8,0.13400000000000034,1.5,1.03,0.75,1.45,2e-06,0.528,trending,TREND,dynamic_soft_veto_no_fvg,0.341,-0.00017,5.3,5.3,NORMAL,C,-0.0138,below_ema200,False,mean_reverting,0.008566,57.0,0.2,-0.00013,1218.0,True,52.70187759399414,True,0.78,5.934,0.5281117429093198,-0.003911106598020166,normal,google/gemini-2.5-flash,0.18875336647033691,0,0,0,,,False,1297.7498314380646,UP
BOOM600,MULTUP,2026-05-27T11:45:10.444614+00:00,2026-05-27T11:51:52.998852+00:00,1779882310.444614,1779882712.9988523,402.554,1.5,0.26,win,timeout_multispike,reaper_poll,886527059,0.0,1e-05,-0.0134,6.344,5.8,0.5440000000000005,1.5,1.41,0.75,1.48,2e-06,0.455,trending,TREND,dynamic_soft_veto_no_fvg,0.334,-0.00016,5.3,5.3,NORMAL,B,-0.0134,below_ema200,False,normal,0.008876,76.0,0.4461,-0.00013,1878.0,True,53.84161400794983,True,0.85,6.344,0.4544967561301898,-0.033963021914551986,normal,google/gemini-2.5-flash,0.23946404457092285,1,1,0,390.7491080760956,,False,1959.2475678920746,UP
CRASH500,MULTDOWN,2026-05-27T11:48:21.952040+00:00,2026-05-27T12:03:11.006453+00:00,1779882501.9520404,1779883391.006453,889.054,2.0,-0.72,loss,broker_sl_hit,ws_event,886678899,0.0,1e-05,0.016,5.918,5.8,0.11800000000000033,1.5,1.14,0.75,1.33,2e-06,0.499,trending,TREND,dynamic_soft_veto_no_fvg,0.264,0.00015,5.3,5.3,SLOW,C,0.016,above_ema200,False,normal,0.005952,83.0,0.4987,0.00016,464.0,False,5.182040452957153,True,0.75,5.918,0.49875702076958284,-0.0025014306926817186,compressing,google/gemini-2.5-flash,0.21364951133728027,0,0,0,,,False,469.72251415252686,DOWN
BOOM900,MULTUP,2026-05-27T11:52:36.927110+00:00,2026-05-27T11:56:04.363604+00:00,1779882756.92711,1779882964.3636043,207.436,1.5,0.2,win,timeout_multispike,ws_event,886870719,0.0,1e-05,-0.0095,6.189,6.0,0.18900000000000006,1.5,1.44,0.75,1.8,1e-06,0.502,calm,TREND,dynamic_soft_veto_no_fvg,-0.842,-0.00011,5.3,5.3,SLOW,C,-0.0095,below_ema200,False,normal,0.009931,36.0,0.5019,-9e-05,1024.0,False,20.09711003303528,False,0.65,7.189,0.5019136305956711,-0.002201900386771736,compressing,google/gemini-2.5-flash,0.23848986625671387,1,1,0,195.27834010124207,,False,1044.6991980075836,UP
BOOM900,MULTUP,2026-05-27T12:05:26.447128+00:00,2026-05-27T12:18:59.389333+00:00,1779883526.4471283,1779884339.3893325,812.942,1.5,-0.29,loss,open_prob_exit:prob=0.211<=0.220|pnl=-0.2900<=0.0200|atr_ratio=0.604|cycle=1.54,ws_event,887513459,0.0,1e-05,-0.0092,5.518,3.5,2.018,1.5,1.07,0.75,1.0,1e-06,0.497,calm,TREND,dynamic_soft_veto_no_fvg,0.026,-0.00011,5.3,5.3,SLOW,C,-0.0092,below_ema200,False,normal,0.010738,92.0,0.4975,-9e-05,564.0,False,10.06812834739685,True,0.78,6.518,0.4975325795777893,-0.0019107980376675971,compressing,google/gemini-2.5-flash,0.2807953357696533,0,0,0,,,False,574.241678237915,UP
BOOM900,MULTUP,2026-05-27T12:20:05.521595+00:00,2026-05-27T12:32:17.146094+00:00,1779884405.5215955,1779885137.1460936,731.624,1.5,-0.27,loss,open_prob_exit:prob=0.217<=0.220|pnl=-0.2700<=0.0200|atr_ratio=0.609|cycle=2.00,ws_event,888259739,0.0,1e-05,-0.0087,7.52,6.0,1.5199999999999996,1.5,1.3,0.75,1.77,1e-06,0.43,calm,TREND,dynamic_soft_veto_no_fvg,0.821,-0.00011,5.3,5.3,NORMAL,A,-0.0087,below_ema200,False,mean_reverting,0.009028,17.0,0.4204,-9e-05,1404.0,False,48.92459559440613,True,0.78,5.52,0.4300299246727218,0.000495105760539568,normal,google/gemini-2.5-flash,0.20482158660888672,0,0,0,,,False,1453.3161454200745,UP
CRASH500,MULTDOWN,2026-05-27T12:27:38.244846+00:00,2026-05-27T12:35:28.418429+00:00,1779884858.2448459,1779885328.4184287,470.174,2.0,-0.41,loss,open_prob_exit:prob=0.208<=0.220|pnl=-0.4100<=0.0200|atr_ratio=0.604|cycle=1.56,ws_event,888613719,0.0,1e-05,0.0186,6.278,5.8,0.47799999999999976,1.5,1.06,0.75,1.77,2e-06,0.52,trending,TREND,dynamic_soft_veto_no_fvg,0.265,0.00015,5.3,5.3,SLOW,B,0.0186,above_ema200,False,normal,0.007752,92.0,0.5194,0.00019,454.0,True,21.55384588241577,True,0.85,6.278,0.5204300882456677,-0.0041745564960774875,compressing,google/gemini-2.5-flash,0.2623589038848877,0,0,0,,,False,476.0127787590027,DOWN
CRASH500,MULTDOWN,2026-05-27T12:35:55.395784+00:00,2026-05-27T12:50:23.107639+00:00,1779885355.395784,1779886223.1076393,867.712,2.0,-0.72,loss,broker_sl_hit,ws_event,889019539,0.0,1e-05,0.0169,6.555,5.8,0.7549999999999999,1.5,1.47,0.75,1.64,2e-06,0.5,trending,TREND,dynamic_soft_veto_no_fvg,-0.1,0.0002,5.3,5.3,SLOW,B,0.0169,above_ema200,False,normal,0.006655,60.0,0.5001,0.00017,934.0,True,38.786783933639526,True,0.78,7.555,0.5001658443612832,-0.000659338324233737,compressing,google/gemini-2.5-flash,0.30115795135498047,0,0,0,,,False,973.1637167930603,DOWN
BOOM900,MULTUP,2026-05-27T12:41:44.311825+00:00,2026-05-27T12:58:38.408787+00:00,1779885704.311825,1779886718.4087875,1014.097,1.5,-0.35,loss,open_prob_exit:prob=0.219<=0.220|pnl=-0.3500<=0.0200|atr_ratio=0.620|cycle=1.74,ws_event,889329779,0.0,1e-05,-0.0096,6.08,6.0,0.08000000000000007,1.5,0.84,0.75,1.79,1e-06,0.501,calm,TREND,dynamic_soft_veto_no_fvg,-0.597,-0.00011,5.3,5.3,NORMAL,C,-0.0096,below_ema200,False,normal,0.008193,4.0,0.5006,-9e-05,523.0,False,27.985825061798096,True,0.78,7.08,0.5006774704066265,-0.0005773194569138354,compressing,google/gemini-2.5-flash,0.1786971092224121,0,0,0,,,False,551.1083130836487,UP
CRASH500,MULTDOWN,2026-05-27T12:50:51.533896+00:00,2026-05-27T12:59:20.113239+00:00,1779886251.5338962,1779886760.1132393,508.579,2.0,-0.43,loss,open_prob_exit:prob=0.218<=0.220|pnl=-0.4300<=0.0200|atr_ratio=0.617|cycle=1.69,reaper_poll,889816779,0.0,1e-05,0.0166,6.4,5.8,0.6000000000000005,1.5,1.5,0.75,1.7,2e-06,0.45,trending,TREND,dynamic_soft_veto_no_fvg,-0.64,0.0002,5.3,5.3,SLOW,B,0.0166,above_ema200,False,normal,0.006,44.0,0.4545,0.00017,1834.0,True,35.204896211624146,True,0.85,7.4,0.4501479532366607,-0.028973158724052005,normal,google/gemini-2.5-flash,0.22671914100646973,0,0,0,,,False,1869.3018290996552,DOWN
BOOM900,MULTUP,2026-05-27T12:58:54.833869+00:00,2026-05-27T13:05:43.415564+00:00,1779886734.8338687,1779887143.4155636,408.582,1.5,-0.16,loss,open_prob_exit:prob=0.218<=0.220|pnl=-0.1600<=0.0200|atr_ratio=0.586|cycle=2.00,ws_event,890279959,0.0,1e-05,-0.0094,5.439,3.5,1.939,1.5,0.99,0.75,1.0,1e-06,0.496,calm,TREND,dynamic_soft_veto_no_fvg,-0.198,-0.00011,5.3,5.3,NORMAL,C,-0.0094,below_ema200,False,normal,0.010903,13.0,0.4935,-0.0001,1543.0,False,38.130868673324585,True,0.78,6.439,0.49596642810155156,-0.04348757907528985,normal,google/gemini-2.5-flash,0.22807574272155762,0,0,0,,,False,1581.6303567886353,UP
CRASH500,MULTDOWN,2026-05-27T13:02:01.586658+00:00,2026-05-27T13:11:49.600519+00:00,1779886921.586658,1779887509.600519,588.014,2.0,-0.5,loss,open_prob_exit:prob=0.219<=0.220|pnl=-0.5000<=0.0200|atr_ratio=0.622|cycle=1.96,reaper_poll,890466779,0.0,1e-05,0.0167,5.93,5.8,0.1299999999999999,1.5,1.5,0.75,1.98,2e-06,0.496,trending,TREND,dynamic_soft_veto_no_fvg,-0.227,0.0002,5.3,5.3,NORMAL,C,0.0167,above_ema200,False,normal,0.005917,33.0,0.5008,0.00017,2494.0,True,44.8376579284668,True,0.85,6.93,0.4960703816494262,-0.04092975869706522,normal,google/gemini-2.5-flash,0.2249770164489746,1,1,0,532.6357274055481,,False,2539.3545908927917,DOWN
CRASH500,MULTDOWN,2026-05-27T13:22:44.039737+00:00,2026-05-27T13:25:17.328095+00:00,1779888164.0397367,1779888317.3280947,153.288,2.0,0.34,win,timeout_multispike,ws_event,891627459,0.0,1e-05,0.0101,9.478,5.8,3.678,1.5,1.07,0.75,1.61,2e-06,0.493,trending,SMC_FVG,fvg_mitigated,0.683,-0.0005,5.3,5.3,FAST,A,0.0101,above_ema200,False,normal,0.006234,71.0,0.4931,6e-05,155.0,True,27.20573663711548,True,0.85,7.125,0.49336987970405716,-0.0019204258744739487,compressing,google/gemini-2.5-flash,0.21177077293395996,1,1,0,91.1434166431427,,True,182.8323531150818,DOWN
BOOM900,MULTUP,2026-05-27T13:22:46.593187+00:00,2026-05-27T13:43:07.349482+00:00,1779888166.5931869,1779889387.3494816,1220.756,1.5,-0.21,loss,open_prob_exit:prob=0.218<=0.220|pnl=-0.2100<=0.0200|atr_ratio=0.038|cycle=0.83,ws_event,891629619,0.0,1e-05,-0.0102,5.004,3.5,1.5039999999999996,1.5,0.91,0.75,1.14,1e-06,0.489,calm,TREND,dynamic_soft_veto_no_fvg,-0.805,-0.00011,5.3,5.3,SLOW,C,-0.0102,below_ema200,False,normal,0.010552,37.0,0.4888,-0.0001,511.0,False,29.879186868667603,True,0.75,6.004,0.48922051672722267,-0.0019432895428948206,compressing,google/gemini-2.5-flash,0.22819995880126953,3,3,0,468.5942759513855,,False,541.3901336193085,UP
CRASH500,MULTDOWN,2026-05-27T13:27:17.463296+00:00,2026-05-27T13:35:29.309088+00:00,1779888437.4632962,1779888929.309088,491.846,2.0,0.84,win,timeout_multispike,ws_event,891868579,0.0,1e-05,-0.0031,8.739,5.8,2.939000000000001,1.5,1.21,0.0,1.23,2e-06,0.477,trending,SMC_FVG,fvg_mitigated,0.225,-0.0002,5.3,5.3,FAST,A,-0.0031,below_ema200,True,normal,0.006062,53.0,0.4775,-2e-05,181.0,True,1.2232961654663086,True,0.85,8.64,0.4775018221046664,-0.002380298122283651,compressing,google/gemini-2.5-flash,0.3253180980682373,2,2,0,390.79701042175293,,True,182.28014278411865,DOWN
CRASH500,MULTDOWN,2026-05-27T13:37:38.272252+00:00,2026-05-27T13:40:38.397663+00:00,1779889058.2722516,1779889238.397663,180.125,2.0,0.25,win,timeout_multispike,ws_event,892410699,0.0,1e-05,-0.0079,7.616,5.8,1.8159999999999998,1.5,0.9,0.0,0.42,2e-06,0.522,trending,SMC_FVG,fvg_mitigated,0.255,-0.00071,5.3,5.3,FAST,A,-0.0079,below_ema200,True,normal,0.0066,74.0,0.5215,-0.00013,169.0,True,21.542251586914062,True,0.85,7.616,0.5217904225562748,-0.0019058968304477351,compressing,google/gemini-2.5-flash,0.25492358207702637,1,1,0,117.95380568504333,,True,191.05655145645142,DOWN
CRASH500,MULTDOWN,2026-05-27T13:42:52.977589+00:00,2026-05-27T13:49:02.405301+00:00,1779889372.9775891,1779889742.405301,369.428,2.0,-0.33,loss,open_prob_exit:prob=0.209<=0.220|pnl=-0.3300<=0.0200|atr_ratio=0.526|cycle=1.23,ws_event,892678699,0.0,1e-05,0.0078,6.453,5.8,0.6530000000000005,1.5,1.04,0.75,0.86,2e-06,0.53,trending,SMC_FVG,fvg_mitigated,0.148,-0.00011,6.2,6.2,FAST,B,0.0078,above_ema200,False,normal,0.004821,3.0,0.5299,-3e-05,171.0,True,24.40558910369873,True,0.85,6.453,0.5303235054791542,-0.0013348873162191898,compressing,google/gemini-2.5-flash,1.4426360130310059,3,3,0,12.884161710739136,,True,84.35731291770935,DOWN
CRASH500,MULTDOWN,2026-05-27T13:51:26.935641+00:00,2026-05-27T13:55:13.416565+00:00,1779889886.9356413,1779890113.416565,226.481,2.0,0.46,win,timeout_multispike,ws_event,893117499,0.0,1e-05,0.0172,6.15,5.8,0.35000000000000053,1.5,1.5,0.75,1.7,2e-06,0.533,trending,TREND,dynamic_soft_veto_no_fvg,-0.266,0.00021,5.3,5.3,FAST,C,0.0172,above_ema200,False,normal,0.006097,22.0,0.5325,0.00018,689.0,True,21.489641189575195,True,0.85,7.15,0.5329040481672105,-0.0010372674678118747,compressing,google/gemini-2.5-flash,0.6080572605133057,4,4,0,36.832749128341675,,True,500.99157547950745,DOWN
